STATE,ST_CASE,VE_TOTAL,VE_FORMS,PVH_INVL,PEDS,PERNOTMVIT,PERMVIT,PERSONS,COUNTY,CITY,DAY,MONTH,YEAR,DAY_WEEK,HOUR,MINUTE,NHS,RUR_URB,FUNC_SYS,RD_OWNER,ROUTE,TWAY_ID,TWAY_ID2,MILEPT,LATITUDE,LONGITUD,SP_JUR,HARM_EV,MAN_COLL,RELJCT1,RELJCT2,TYP_INT,WRK_ZONE,REL_ROAD,LGT_COND,WEATHER1,WEATHER2,WEATHER,SCH_BUS,RAIL,NOT_HOUR,NOT_MIN,ARR_HOUR,ARR_MIN,HOSP_HR,HOSP_MN,CF1,CF2,CF3,FATALS,DRUNK_DR
6,60210,2,2,0,0,0,6,6,83,0,15,2,2016,2,13,20,1,1,2,1,2,US-101,CAT CANYON RD,726,34.75656944,-120.294519440000,0,12,6,0,2,2,0,1,1,1,0,1,0,0000000,99,99,99,99,99,99,0,0,0,1,0
6,60211,1,1,0,1,1,1,1,73,1200,6,2,2016,7,20,48,0,2,4,4,6,SAN PASQUAL VLY RD,,0,33.12285833,-117.061891670000,0,8,0,0,1,1,0,1,3,1,0,1,0,0000000,99,99,99,99,88,88,0,0,0,1,0
6,60212,1,1,0,0,0,1,1,111,0,7,2,2016,1,11,25,0,1,2,1,3,SR-33,,354,34.59462778,-119.315713890000,0,1,0,0,1,1,0,2,1,1,0,1,0,0000000,99,99,99,99,88,88,0,0,0,1,0
6,60213,1,1,0,0,0,1,1,73,2340,15,2,2016,2,21,51,0,2,4,4,6,NATIONAL CITY BLVD,,0,32.68183611,-117.109213890000,0,33,0,0,1,1,0,4,3,1,0,1,0,0000000,99,99,21,59,99,99,0,0,0,1,0
6,60214,1,1,0,0,0,1,1,73,3260,16,2,2016,3,19,8,1,2,1,1,1,I-8 RAMP,,38,32.76991944,-117.138600000000,0,1,0,1,20,1,0,1,2,1,0,1,0,0000000,99,99,99,99,99,99,0,0,0,1,1
6,60215,1,1,0,0,0,9,9,71,0,17,2,2016,4,9,5,1,1,2,1,2,US-395,,631,35.23121944,-117.608219440000,0,1,0,0,1,1,0,2,1,10,0,10,0,0000000,99,99,99,99,99,99,0,0,0,2,0
6,60216,1,1,0,0,0,2,2,59,3558,2,2,2016,3,6,40,1,2,1,1,1,I-405,,234,33.77539722,-118.086988890000,0,26,0,0,1,1,0,3,4,1,0,1,0,0000000,99,99,99,99,99,99,0,0,0,1,0
6,60217,1,1,0,0,0,1,1,37,1980,17,2,2016,4,17,35,0,2,7,4,6,CANTERBURY AVE,,0,34.23736667,-118.432797220000,0,30,0,0,1,1,0,4,3,2,0,2,0,0000000,99,99,99,99,88,88,0,0,0,1,0
6,60218,1,1,0,0,0,2,2,37,1970,20,1,2016,4,10,15,1,2,1,1,1,I-405 RAMP,,6,33.79048056,-118.099747220000,0,39,0,1,5,1,0,4,1,1,0,1,0,0000000,99,99,99,99,99,99,0,0,0,1,0
6,60219,1,1,0,0,0,3,3,23,0,27,2,2016,7,8,0,0,1,4,1,3,SR-96,,31,40.98096111,-123.639475000000,0,42,0,0,1,1,0,4,1,10,0,10,0,0000000,99,99,99,99,99,99,0,0,0,1,0
6,60220,1,1,0,0,0,1,1,111,0,12,2,2016,6,9,0,0,1,2,1,3,SR-33,,365,34.59884167,-119.335033330000,0,1,0,0,1,1,0,4,1,1,0,1,0,0000000,99,99,99,99,88,88,0,0,0,1,0
6,60221,1,1,0,0,0,1,1,1,1920,24,2,2016,4,14,52,1,2,1,1,1,I-580,,111,37.70256111,-121.751097220000,0,1,0,0,1,1,0,1,1,1,0,1,0,0000000,99,99,99,99,88,88,0,0,0,1,0
6,60222,1,1,0,0,0,1,1,77,0,13,2,2016,7,99,99,0,1,3,2,4,CR-WEST LN,,0,38.07225833,-121.291961110000,0,42,0,0,1,1,0,4,2,5,0,5,0,0000000,99,99,99,99,88,88,0,0,0,1,1
6,60223,1,1,0,0,0,1,1,103,0,25,2,2016,5,16,0,1,1,1,1,1,I-5,,403,40.34926944,-122.281797220000,0,42,0,0,1,1,0,4,1,1,0,1,0,0000000,99,99,99,99,88,88,0,0,0,1,0
6,60224,1,1,0,0,0,1,1,65,0,14,2,2016,1,99,99,0,1,3,2,4,CR-BOREL RD,,0,33.57120556,-117.073333330000,0,35,0,0,1,1,0,4,2,1,0,1,0,0000000,99,99,99,99,88,88,0,0,0,1,1
6,60225,1,1,0,0,0,4,4,37,0,25,1,2016,2,14,20,0,1,4,2,4,CR-PALMDALE BL,,0,34.57965000,-117.730658330000,0,30,0,0,1,1,0,4,1,1,0,1,0,0000000,99,99,99,99,99,99,0,0,0,1,0
6,60226,1,1,0,0,0,1,1,67,0,14,2,2016,1,7,11,0,1,3,2,4,CR-GIUSTI RD,CLAY RD,0,38.33604167,-121.149888890000,0,59,0,0,3,3,0,4,2,1,0,1,0,0000000,99,99,99,99,88,88,0,0,0,1,1
6,60227,1,1,0,1,1,1,1,67,3150,15,2,2016,2,1,38,0,2,7,4,6,POQUITA ST,,0,38.61878056,-121.444994440000,0,8,0,0,1,1,0,7,3,1,0,1,0,0000000,99,99,99,99,88,88,0,0,0,1,0
6,60228,1,1,0,1,1,1,1,85,3340,25,2,2016,5,19,10,0,2,2,1,3,SR-85 RAMP,,56,37.25585833,-121.862375000000,0,8,0,0,20,1,0,1,3,1,0,1,0,0000000,99,99,99,99,88,88,0,0,0,1,0
6,60229,1,1,0,1,1,1,1,79,1494,15,2,2016,2,20,59,0,2,4,4,6,N 4TH ST,BRIGHTON AVE,0,35.12423056,-120.626233330000,0,8,0,0,3,2,0,1,3,1,0,1,0,0000000,99,99,99,99,88,88,0,0,0,1,0
6,60230,2,2,0,0,0,3,3,39,0,2,3,2016,4,23,48,0,1,2,1,3,SR-145,,128,36.98773889,-120.016797220000,0,12,2,0,1,1,0,1,2,1,0,1,0,0000000,99,99,99,99,99,99,0,0,0,2,0
6,60231,1,1,0,2,2,1,1,73,3260,20,2,2016,7,17,56,0,2,4,4,6,SANTO RD,,0,32.81709722,-117.104272220000,0,33,0,0,1,1,0,4,5,1,0,1,0,0000000,99,99,99,99,99,99,0,0,0,1,0
6,60232,1,1,0,0,0,4,4,113,0,24,2,2016,4,14,40,0,1,6,2,4,CR-COUNTY RD 95,,0,38.64910833,-121.858086110000,0,1,0,0,1,1,0,1,1,1,0,1,0,0000000,99,99,99,99,99,99,0,0,0,1,0
6,60233,1,1,0,0,0,4,4,25,0,9,1,2016,7,2,20,1,1,2,1,3,SR-86,,518,33.22634722,-115.922180560000,0,1,0,0,1,1,0,3,2,1,0,1,0,0000000,99,99,99,99,99,99,0,0,0,2,1
6,60234,1,1,0,0,0,1,1,97,3490,2,3,2016,4,12,50,0,2,2,1,3,SR-12,,173,38.43495833,-122.692563890000,0,24,0,0,1,1,0,4,1,10,0,10,0,0000000,99,99,99,99,88,88,0,0,0,1,0
6,60235,1,1,0,0,0,2,2,73,0,2,3,2016,4,10,26,1,1,2,1,3,SR-94,,105,32.75341944,-117.009930560000,0,24,0,1,19,1,0,4,1,1,0,1,0,0000000,99,99,99,99,99,99,0,0,0,1,0
6,60236,1,1,0,1,1,4,4,61,0,27,2,2016,7,0,30,1,1,2,1,3,SR-49,,44,38.91663889,-121.079816670000,0,8,0,0,1,1,0,1,2,1,0,1,0,0000000,99,99,99,99,99,99,0,0,0,1,0
6,60237,1,1,0,1,1,3,3,37,2260,7,1,2016,5,16,0,0,2,7,98,6,HATHAWAY AVE,HELLMAN AVE,0,34.06970278,-118.135755560000,0,8,0,0,3,3,0,1,1,10,0,10,0,0000000,99,99,99,99,88,88,0,0,0,1,0
6,60238,2,2,0,0,0,2,2,47,0,21,3,2016,2,7,0,0,1,3,2,4,CR-INGOMAR GRADE,,0,37.14301111,-120.953369440000,0,12,2,0,1,1,0,1,1,10,0,10,0,0000000,99,99,99,99,88,88,0,0,0,2,0
6,60239,2,2,0,0,0,7,7,77,0,13,3,2016,1,23,22,0,1,2,1,3,SR-4,,10,37.89013333,-121.553316670000,0,12,2,0,1,1,0,1,2,2,0,2,0,0000000,99,99,99,99,99,99,0,0,0,2,0
6,60240,1,1,0,2,2,1,1,97,3490,20,1,2016,4,13,13,0,2,7,4,6,OAKMONT DR,,0,38.44194722,-122.605366670000,0,8,0,0,4,1,0,1,1,1,0,1,0,0000000,99,99,99,99,99,99,0,0,0,1,1
6,60241,2,2,0,0,0,3,3,89,2950,28,1,2016,5,21,22,0,2,4,4,6,HARTNELL AVE,NORTHWOODS,0,40.56382778,-122.356400000000,0,12,6,0,2,2,0,1,3,2,0,2,0,0000000,99,99,99,99,99,99,19,0,0,1,1
6,60242,1,1,0,0,0,1,1,19,0,20,2,2016,7,19,28,0,1,7,2,4,CR-SUTTER AVE,,0,36.12832778,-120.200188890000,0,5,0,0,1,1,0,1,2,1,0,1,0,0000000,99,99,99,99,99,99,0,0,0,1,0
6,60243,2,2,0,0,0,2,2,1,0,8,3,2016,3,5,32,1,1,1,1,1,I-580,,11,37.73906389,-121.592600000000,0,12,1,0,1,1,0,1,4,10,0,10,0,0000000,99,99,99,99,88,88,0,0,0,1,0
6,60244,1,1,0,1,1,2,2,29,0,4,3,2016,6,23,45,0,1,2,1,3,SR-155,,682,35.66040556,-118.475186110000,0,8,0,0,1,1,0,1,2,10,0,10,0,0000000,99,99,99,99,99,99,0,0,0,1,0
6,60245,1,1,0,2,2,1,1,75,3290,12,3,2016,7,18,44,0,2,5,4,6,ELLIS ST,LEAVENWORTH ST,0,37.78465000,-122.414413890000,0,8,0,0,2,2,0,1,3,2,0,2,0,0000000,99,99,99,99,99,99,0,0,0,1,0
6,60246,1,1,0,1,1,1,1,71,3210,19,3,2016,7,17,50,0,2,5,4,6,DEVORE RD,I-15,0,34.22319167,-117.402925000000,0,9,0,1,2,2,0,1,1,1,0,1,0,0000000,99,99,99,99,88,88,0,0,0,1,0
6,60247,1,1,0,0,0,1,1,37,1980,24,2,2016,4,23,35,0,2,3,4,6,WINNETKA AVE,,0,34.17732500,-118.571505560000,0,33,0,0,1,1,0,4,3,1,0,1,0,0000000,99,99,99,99,88,88,0,0,0,1,1
6,60248,1,1,0,0,0,1,1,59,80,6,3,2016,1,99,99,1,2,2,1,3,SR-57 RAMP,,159,33.85197500,-117.876402780000,0,59,0,1,5,1,0,4,3,10,0,10,0,0000000,99,99,99,99,88,88,0,0,0,1,1
6,60249,1,1,0,1,1,1,1,75,3290,10,3,2016,5,12,29,0,2,3,4,6,SUNSET BL,NORIEGA ST,0,37.75342778,-122.495322220000,0,8,0,0,2,2,0,1,1,2,0,2,0,0000000,99,99,99,99,99,99,0,0,0,1,0
6,60250,2,2,0,0,0,6,6,37,2700,24,3,2016,5,16,35,1,2,1,1,1,I-210,,294,34.14790278,-118.080861110000,0,12,1,0,1,1,0,1,1,1,0,1,0,0000000,99,99,99,99,88,88,0,0,0,1,0
6,60251,2,2,0,0,0,2,2,47,0,15,3,2016,3,16,50,0,1,5,2,4,CR-WESTSIDE BL,ROBIN AVE,0,37.36047778,-120.742080560000,0,12,1,0,3,2,0,1,1,1,0,1,0,0000000,99,99,99,99,99,99,0,0,0,1,1
6,60252,2,2,0,1,1,2,2,85,1420,14,1,2016,5,17,57,0,2,4,4,6,WREN AVE,,0,37.02057778,-121.586522220000,0,8,0,0,1,1,0,1,3,1,0,1,0,0000000,99,99,99,99,99,99,14,0,0,1,0
6,60253,2,2,0,0,0,2,2,37,1716,5,2,2016,6,21,15,0,2,4,4,6,MRYTLE AVE,LONGDEN AVE,0,34.11363889,-118.003069440000,0,12,6,0,2,2,0,1,1,1,0,1,0,0000000,99,99,99,99,99,99,0,0,0,1,1
6,60254,1,1,0,0,0,1,1,37,1980,3,3,2016,5,1,0,0,2,4,4,6,PARTHENIA ST,,0,34.22817222,-118.603877780000,0,33,0,0,1,1,0,3,3,1,0,1,0,0000000,99,99,99,99,99,99,0,0,0,1,1
6,60255,1,1,0,0,0,1,1,37,1045,2,3,2016,4,1,40,0,2,3,4,6,DEPALMA ST,,0,33.93514167,-118.141572220000,0,42,0,0,1,1,0,4,3,1,0,1,0,0000000,99,99,99,99,99,99,0,0,0,1,0
6,60256,2,1,1,1,1,1,1,29,0,28,2,2016,1,1,55,0,2,2,1,3,SR-184,,76,35.34692500,-118.914297220000,0,8,0,0,1,1,0,1,2,1,0,1,0,0000000,99,99,99,99,99,99,14,0,0,1,1
6,60257,1,1,0,0,0,3,3,37,1980,3,3,2016,5,13,35,1,2,2,1,3,SR-47,,23,33.75085000,-118.258094440000,0,5,0,0,1,1,0,1,1,1,0,1,0,0000000,99,99,99,99,99,99,0,0,0,1,1
6,60258,1,1,0,0,0,1,1,13,3412,5,3,2016,7,12,3,0,2,5,4,6,BOLLINGER CYN RD,,0,37.75680556,-121.906744440000,0,33,0,0,1,1,0,4,1,2,0,2,0,0000000,99,99,99,99,88,88,0,0,0,1,1
6,60259,1,1,0,1,1,1,1,37,1980,26,2,2016,6,5,51,0,2,4,4,6,NORMANDIE AVE,,0,34.08255000,-118.300461110000,0,8,0,0,1,1,0,1,3,1,0,1,0,0000000,99,99,99,99,99,99,0,0,0,1,0
6,60260,2,1,1,0,2,1,3,71,2922,11,2,2016,5,22,6,1,2,2,1,3,SR-210,,63,34.13531944,-117.587102780000,0,14,0,0,1,1,0,2,2,1,0,1,0,0000000,99,99,99,99,88,88,0,0,0,1,0
6,60261,2,2,0,0,0,8,8,53,0,21,3,2016,2,12,12,1,1,2,1,3,SR-1,,905,36.78170833,-121.779213890000,0,12,2,0,1,1,0,1,1,10,0,10,0,0000000,99,99,99,99,99,99,0,0,0,2,0
6,60262,1,1,0,1,1,1,1,71,1305,12,2,2016,6,0,50,1,2,1,1,1,I-10,,120,34.06570000,-117.504100000000,0,8,0,0,1,1,0,1,2,1,0,1,0,0000000,99,99,99,99,88,88,0,0,0,1,0
6,60263,1,1,0,0,0,2,2,65,850,28,2,2016,1,3,37,0,2,3,4,6,6TH STREET,,0,33.87449167,-117.548866670000,0,33,0,0,1,1,0,3,3,1,0,1,0,0000000,99,99,99,99,88,88,0,0,0,1,0
6,60264,1,1,0,0,0,1,1,67,0,12,2,2016,6,8,40,0,1,7,2,4,CR-WINDING OAK DR,,0,38.66119722,-121.216227780000,0,33,0,0,1,1,0,4,1,1,0,1,0,0000000,99,99,99,99,88,88,0,0,0,1,1
6,60265,1,1,0,1,1,1,1,73,3260,11,3,2016,6,18,24,0,2,4,4,6,FAIRMOUNT AVE,,0,32.76609722,-117.096819440000,0,8,0,0,1,1,0,1,6,2,10,2,0,0000000,99,99,99,99,88,88,0,0,0,1,0
6,60266,2,2,0,0,0,5,5,107,0,20,2,2016,7,15,40,1,1,2,1,3,SR-99,,194,36.06458611,-119.313813890000,0,59,0,1,5,1,0,8,1,1,0,1,0,0000000,99,99,99,99,99,99,0,0,0,1,0
6,60267,1,1,0,1,1,1,1,59,4130,1,2,2016,2,19,36,0,2,4,4,6,BUSHARD ST,,0,33.74407500,-117.963538890000,0,8,0,0,8,1,0,1,3,1,0,1,0,0000000,99,99,99,99,99,99,0,0,0,1,0
6,60268,1,1,0,1,1,1,1,37,1980,5,3,2016,7,0,40,1,2,2,1,3,SR-170,,178,34.19182500,-118.401969440000,0,8,0,0,1,1,0,1,3,10,0,10,0,0000000,99,99,99,99,99,99,0,0,0,1,0
6,60269,4,4,0,0,0,11,11,37,0,23,1,2016,7,17,45,1,1,2,1,3,SR-60,,197,33.99406111,-117.901983330000,0,12,1,0,1,1,0,1,3,1,0,1,0,0000000,99,99,99,99,99,99,0,0,0,1,0
6,60270,1,1,0,0,0,2,2,71,0,17,2,2016,4,99,99,0,1,7,2,4,CR-JUNIPER FLATS RTE,,0,34.36652778,-117.209288890000,0,1,0,0,1,1,0,4,2,1,0,1,0,0000000,99,99,99,99,88,88,0,0,0,2,0
6,60271,1,1,0,0,0,1,1,59,3960,5,3,2016,7,3,5,0,2,3,4,6,MAIN ST,WILLIAMS ST,0,33.74202500,-117.839488890000,0,33,0,0,3,3,0,4,3,1,0,1,0,0000000,99,99,99,99,99,99,0,0,0,1,1
6,60272,1,1,0,0,0,1,1,61,0,6,3,2016,1,99,99,0,1,7,2,4,CR-YANKEE JIMS RD,,0,39.03739444,-120.898213890000,0,1,0,0,1,1,0,4,1,2,0,2,0,0000000,99,99,99,99,88,88,6,0,0,1,1
6,60273,2,2,0,0,0,4,4,53,0,28,2,2016,1,19,40,0,1,2,1,3,SR-198,,74,36.15446944,-120.915550000000,0,12,2,0,1,1,0,1,2,1,0,1,0,0000000,99,99,99,99,99,99,0,0,0,1,2
6,60274,1,1,0,1,1,1,1,67,3150,7,2,2016,1,18,51,0,2,5,4,6,AUBURN BL,,0,38.63469167,-121.389366670000,0,9,0,0,1,1,0,1,3,1,0,1,0,0000000,99,99,99,99,88,88,0,0,0,1,1
6,60275,1,1,0,1,1,1,1,37,3445,7,3,2016,2,18,15,0,2,5,4,6,HASKELL CYN RD,,0,34.45396944,-118.512525000000,0,8,0,0,1,1,0,1,3,10,0,10,0,0000000,99,99,99,99,99,99,0,0,0,1,0
6,60276,3,3,0,0,0,4,4,65,0,21,2,2016,1,8,40,0,1,2,1,3,SR-74,,88,33.64536111,-117.385238890000,0,12,2,0,1,1,0,1,1,1,0,1,0,0000000,99,99,99,99,99,99,14,0,0,1,0
6,60277,1,1,0,1,1,1,1,73,3260,27,2,2016,7,18,48,1,2,1,1,1,I-5 RAMP,,156,32.71346389,-117.146413890000,0,8,0,1,20,1,0,1,2,1,0,1,0,0000000,99,99,99,99,88,88,0,0,0,1,0
6,60278,1,1,0,1,1,2,2,59,1790,27,2,2016,7,23,19,0,2,4,4,6,WHITTIER BLVD,MAPLE ST,0,33.93910556,-117.939005560000,0,8,0,0,3,3,0,1,3,1,0,1,0,0000000,99,99,99,99,99,99,0,0,0,1,0
6,60279,1,1,0,0,0,3,3,81,3730,30,1,2016,7,18,35,0,2,7,4,6,HICKEY BL,HILTON AVE,0,37.66568333,-122.455952780000,0,33,0,0,3,2,0,3,3,1,0,1,0,0000000,99,99,99,99,99,99,0,0,0,2,0
6,60280,1,1,0,0,0,1,1,95,4020,18,1,2016,2,3,1,0,2,5,4,6,LAUREL ST,,0,38.09385833,-122.227988890000,0,42,0,0,1,1,0,4,3,2,0,2,0,0000000,99,99,99,99,88,88,0,0,0,1,1
6,60281,1,1,0,1,1,1,1,37,1980,28,2,2016,1,3,4,0,2,4,4,6,7TH ST,SAN PEDRO ST,0,34.04065556,-118.246825000000,0,8,0,0,3,2,0,1,3,1,0,1,0,0000000,99,99,99,99,99,99,0,0,0,1,0
6,60282,1,1,0,0,0,1,1,37,0,5,2,2016,6,16,13,0,1,5,2,4,CR-SAN FRANCISQUITO CYN RD,,0,34.54997500,-118.514066670000,0,1,0,0,1,1,0,4,1,1,0,1,0,0000000,99,99,99,99,88,88,0,0,0,1,1
6,60283,1,1,0,0,0,1,1,87,0,22,2,2016,2,11,10,0,1,2,1,3,SR-1,,375,37.05288056,-122.242808330000,0,35,0,0,1,1,0,4,1,1,0,1,0,0000000,99,99,99,99,88,88,0,0,0,1,0
6,60284,1,1,0,0,0,5,5,99,0,18,3,2016,6,15,59,0,1,2,1,3,SR-4,,47,37.94469444,-120.840977780000,0,38,0,0,1,1,0,4,1,1,0,1,0,0000000,99,99,99,99,99,99,0,0,0,1,0
6,60285,1,1,0,0,0,1,1,83,0,29,2,2016,2,10,25,0,1,2,1,3,SR-166,,325,35.09838333,-120.120125000000,0,33,0,0,1,1,0,4,1,1,0,1,0,0000000,99,99,99,99,88,88,0,0,0,1,0
6,60286,1,1,0,0,0,1,1,39,0,28,2,2016,1,7,45,0,1,6,2,4,CR-ROBERTSON BLVD,,0,37.07230000,-120.306838890000,0,42,0,0,1,1,0,4,1,10,0,10,0,0000000,99,99,99,99,99,99,0,0,0,1,1
6,60287,1,1,0,1,1,1,1,37,1980,3,3,2016,5,6,30,0,2,4,4,6,NORMANDIE AVE,76TH ST,0,33.97087222,-118.300275000000,0,8,0,0,3,4,0,4,1,1,0,1,0,0000000,99,99,99,99,99,99,0,0,0,1,0
6,60288,1,1,0,0,0,1,1,29,0,27,3,2016,1,9,47,1,1,2,1,3,SR-99,,156,35.31067778,-119.034369440000,0,42,0,0,1,1,0,4,1,1,0,1,0,0000000,99,99,99,99,99,99,0,0,0,1,0
6,60289,1,1,0,0,0,2,2,65,2730,5,3,2016,7,17,5,1,2,1,1,1,I-215,,260,33.78143889,-117.212738890000,0,30,0,0,1,1,0,4,1,10,0,10,0,0000000,99,99,99,99,88,88,0,0,0,2,0
6,60290,1,1,0,1,1,1,1,85,3340,5,3,2016,7,22,7,0,2,4,4,6,10TH ST,,0,37.36426944,-121.898569440000,0,8,0,0,1,1,0,1,3,2,0,2,0,0000000,99,99,99,99,88,88,0,0,0,1,0
6,60291,1,1,0,0,0,1,1,39,2050,30,3,2016,4,4,46,0,2,5,4,6,GRANADA DR,,0,36.96530833,-120.092225000000,0,42,0,0,1,1,0,4,3,1,0,1,0,0000000,99,99,99,99,88,88,0,0,0,1,0
6,60292,1,1,0,0,0,1,1,71,3210,13,3,2016,1,1,55,1,2,2,1,3,SR-210,,225,34.14581111,-117.309019440000,0,24,0,0,1,1,0,3,2,10,0,10,0,0000000,99,99,99,99,88,88,0,0,0,1,0
6,60293,1,1,0,0,0,1,1,111,0,13,3,2016,1,12,10,0,1,2,1,3,SR-33,,527,34.73580556,-119.397544440000,0,17,0,0,1,1,0,4,1,10,0,10,0,0000000,99,99,99,99,88,88,0,0,0,1,0
6,60294,1,1,0,0,0,1,1,37,1045,12,3,2016,7,1,25,1,2,1,1,1,I-605,,66,33.93841944,-118.097205560000,0,33,0,1,19,1,0,4,3,1,0,1,0,0000000,99,99,99,99,99,99,0,0,0,1,1
6,60295,1,1,0,0,0,3,3,73,3260,12,3,2016,7,2,43,0,2,2,1,3,SR-52,,39,32.84715556,-117.175963890000,0,23,0,1,19,1,0,3,3,1,0,1,0,0000000,99,99,99,99,99,99,0,0,0,1,1
6,60296,1,1,0,0,0,2,2,73,0,17,3,2016,5,8,45,0,1,3,2,4,CR-BEAR VALLEY PKWY,,0,33.10678889,-117.050875000000,0,33,0,0,1,1,0,4,1,1,0,1,0,0000000,99,99,99,99,99,99,0,0,0,2,0
6,60297,2,1,1,1,1,1,1,13,2770,28,2,2016,1,0,7,1,2,1,1,1,I-80,,89,38.00116389,-122.281988890000,0,14,0,0,1,1,0,2,3,1,0,1,0,0000000,99,99,99,99,88,88,0,0,0,1,1
6,60298,1,1,0,0,0,1,1,67,0,18,3,2016,6,23,50,0,1,3,2,4,CR-HAPPY LN,,0,38.54593333,-121.321366670000,0,38,0,0,1,1,0,4,2,1,0,1,0,0000000,99,99,99,99,88,88,0,0,0,1,1
6,60299,1,1,0,2,2,1,1,107,1254,4,3,2016,6,6,7,0,2,4,4,6,VISALIA RD,FARMERSVILLE BLVD,0,36.29773333,-119.207188890000,0,15,0,0,2,2,0,1,4,1,0,1,0,0000000,99,99,99,99,99,99,0,0,0,1,0
6,60300,4,3,1,1,1,6,6,37,1045,28,2,2016,1,20,40,0,2,3,4,6,IMPERIAL HWY,BELLFLOWER BLVD,0,33.91699167,-118.125397220000,0,12,2,0,2,2,0,1,3,1,0,1,0,0000000,99,99,99,99,99,99,0,0,0,1,0
6,60301,2,2,0,0,0,2,2,101,4280,28,2,2016,1,18,45,0,2,4,4,6,LINCOLN RD,,0,39.11275000,-121.642502780000,0,12,2,0,1,1,0,1,3,1,0,1,0,0000000,99,99,99,99,99,99,0,0,0,1,0
6,60302,2,2,0,1,1,2,2,37,1980,17,3,2016,5,22,45,0,2,3,4,6,MANCHESTER AVE,,0,33.95995833,-118.310219440000,0,8,0,0,1,1,0,1,3,1,0,1,0,0000000,99,99,99,99,99,99,0,0,0,1,1
6,60303,1,1,0,0,0,3,3,37,2700,6,3,2016,1,6,57,1,2,1,1,1,I-210,,234,34.17256111,-118.158775000000,0,33,0,0,1,1,0,4,1,2,0,2,0,0000000,99,99,99,99,99,99,0,0,0,1,0
6,60304,1,1,0,1,1,1,1,33,0,15,2,2016,2,18,18,0,1,3,1,3,SR-20,,136,39.12301667,-122.847494440000,0,8,0,0,1,1,0,1,2,1,0,1,0,0000000,99,99,99,99,99,99,0,0,0,1,0
6,60305,1,1,0,0,0,1,1,37,1980,23,3,2016,4,23,30,0,2,5,4,6,PERSHING DR,IMPERIAL HWY,0,33.93099167,-118.429119440000,0,46,0,0,3,3,0,4,3,1,0,1,0,0000000,99,99,99,99,88,88,0,0,0,1,0
6,60306,1,1,0,0,0,2,2,37,1980,12,3,2016,7,22,0,0,2,3,4,6,FOOTHILL BL,HARDING ST,0,34.30119722,-118.423400000000,0,33,0,0,3,2,0,4,3,1,0,1,0,0000000,99,99,99,99,99,99,0,0,0,1,0
6,60307,1,1,0,1,1,1,1,29,0,22,3,2016,3,20,48,0,1,2,2,4,CR-SOUTH CHESTER AVE,,0,35.33121667,-119.013316670000,0,8,0,0,1,1,0,1,2,1,0,1,0,0000000,99,99,99,99,88,88,0,0,0,1,0
6,60308,1,1,0,0,0,1,1,47,0,23,3,2016,4,99,99,1,1,1,1,1,I-5 RAMP,,174,37.05551389,-120.967708330000,0,33,0,1,5,1,0,4,3,1,0,1,0,0000000,99,99,99,99,88,88,0,0,0,1,1
6,60309,1,1,0,1,1,1,1,1,1560,2,3,2016,4,19,22,0,2,3,4,6,FOOTHILL BLVD,CITY CENTER DR,0,37.68006111,-122.085263890000,0,8,0,0,3,2,0,1,3,10,0,10,0,0000000,99,99,99,99,99,99,0,0,0,1,0
6,60310,5,5,0,0,0,6,6,61,0,11,3,2016,6,18,50,0,1,2,1,3,SR-89,,157,39.24386111,-120.210600000000,0,12,6,0,1,1,0,1,2,98,0,98,0,0000000,99,99,99,99,99,99,0,0,0,1,0
6,60311,2,2,0,0,0,4,4,37,0,12,2,2016,6,15,40,0,1,3,2,4,CR-PEARBLOSSOM HWY,,0,34.52471389,-118.095169440000,0,12,2,0,1,1,0,1,1,1,0,1,0,0000000,99,99,99,99,99,99,0,0,0,1,0
6,60312,2,2,0,0,0,3,3,37,1045,21,2,2016,1,5,5,0,2,3,4,6,ROSECRANS AVE,LAKEWOOD BL,0,33.90376944,-118.142805560000,0,12,6,0,2,2,0,1,3,1,0,1,0,0000000,99,99,99,99,99,99,0,0,0,1,1
6,60313,2,2,0,1,1,1,1,13,2090,16,1,2016,7,20,32,1,2,2,1,3,SR-4,,87,37.99108333,-122.128205560000,0,12,6,0,1,1,0,1,2,2,0,2,0,0000000,99,99,99,99,99,99,19,0,0,1,1
6,60314,2,2,0,1,1,3,3,101,0,14,3,2016,2,3,50,0,1,2,1,3,SR-99,,289,39.11568889,-121.634766670000,0,8,0,0,1,1,0,1,2,10,0,10,0,0000000,99,99,99,99,88,88,0,0,0,1,0
6,60315,1,1,0,1,1,1,1,65,1690,22,1,2016,6,20,40,0,2,4,4,6,PALM DR,,0,33.95282778,-116.501297220000,0,8,0,0,1,1,0,1,2,1,0,1,0,0000000,99,99,99,99,88,88,0,0,0,1,0