STATE,ST_CASE,VE_TOTAL,VE_FORMS,PVH_INVL,PEDS,PERNOTMVIT,PERMVIT,PERSONS,COUNTY,CITY,DAY,MONTH,YEAR,DAY_WEEK,HOUR,MINUTE,NHS,RUR_URB,FUNC_SYS,RD_OWNER,ROUTE,TWAY_ID,TWAY_ID2,MILEPT,LATITUDE,LONGITUD,SP_JUR,HARM_EV,MAN_COLL,RELJCT1,RELJCT2,TYP_INT,WRK_ZONE,REL_ROAD,LGT_COND,WEATHER1,WEATHER2,WEATHER,SCH_BUS,RAIL,NOT_HOUR,NOT_MIN,ARR_HOUR,ARR_MIN,HOSP_HR,HOSP_MN,CF1,CF2,CF3,FATALS,DRUNK_DR
6,60316,1,1,0,1,1,1,1,37,0,21,1,2016,5,21,42,0,1,4,2,4,CR-WILMINGTON AVE,,0,33.92872222,-118.239033330000,0,15,0,0,1,1,0,1,1,1,0,1,0,0000000,99,99,99,99,99,99,0,0,0,1,0
6,60317,1,1,0,1,1,4,4,37,1716,3,1,2016,1,20,22,0,2,4,4,6,LOS ANGELES ST,,0,34.09235556,-117.953241670000,0,8,0,0,1,1,0,1,3,1,0,1,0,0000000,99,99,99,99,99,99,0,0,0,1,0
6,60318,2,2,0,0,0,3,3,71,3210,8,3,2016,3,4,36,1,2,1,1,1,I-215 RAMP,W 5 ST,74,34.10831389,-117.302700000000,0,12,6,0,2,2,0,1,3,1,0,1,0,0000000,99,99,99,99,99,99,0,0,0,1,0
6,60319,2,2,0,0,0,5,5,37,1980,15,3,2016,3,7,55,0,2,3,4,6,FOOTHILL RD,TUJUNGA CYN PL,0,34.24486667,-118.273352780000,0,12,6,0,2,2,0,1,1,1,0,1,0,0000000,99,99,99,99,99,99,0,0,0,1,0
6,60320,2,2,0,0,0,2,2,37,1550,15,1,2016,6,12,55,0,2,3,4,6,CRENSHAW BL,,0,33.91317222,-118.326444440000,0,33,0,0,1,1,0,4,1,1,0,1,0,0000000,99,99,99,99,88,88,0,0,0,1,0
6,60321,2,2,0,0,0,2,2,67,0,22,1,2016,6,19,32,0,1,4,2,4,CR-FAIR OAKS BL,,0,38.63706944,-121.283450000000,0,12,6,0,1,1,0,1,3,2,10,2,0,0000000,99,99,99,99,99,99,0,0,0,1,1
6,60322,1,1,0,0,0,1,1,73,3260,26,3,2016,7,21,7,1,1,1,1,1,I-5,,31,32.56489167,-117.073161110000,0,33,0,0,1,1,0,4,3,1,0,1,0,0000000,99,99,99,99,88,88,0,0,0,1,0
6,60323,1,1,0,0,0,1,1,65,0,5,3,2016,7,4,6,1,1,1,1,1,I-10,,503,33.76127500,-116.304761110000,0,24,0,0,1,1,0,4,3,1,0,1,0,0000000,99,99,99,99,99,99,0,0,0,1,1
6,60324,1,1,0,0,0,1,1,29,0,25,3,2016,6,6,30,0,1,3,2,4,CR-BURLANDO,,0,35.73677778,-118.427197220000,0,35,0,0,1,1,0,4,4,1,0,1,0,0000000,99,99,99,99,99,99,0,0,0,1,0
6,60325,1,1,0,1,1,1,1,67,712,10,3,2016,5,19,8,0,2,4,4,6,DEWEY DR,GREENBACK LN,0,38.67806667,-121.310380560000,0,8,0,0,3,2,0,1,3,2,0,2,0,0000000,99,99,99,99,99,99,0,0,0,1,0
6,60326,2,2,0,0,0,2,2,107,4050,8,2,2016,2,6,51,0,2,3,4,6,CALDWELL AVE,,0,36.29826111,-119.271658330000,0,12,2,0,1,1,0,1,1,1,0,1,0,0000000,99,99,99,99,99,99,0,0,0,2,0
6,60327,1,1,0,1,1,1,1,107,4050,7,1,2016,5,10,40,0,2,5,4,6,HOUSTON AVE,COUNTY CENTER DR,0,36.34190833,-119.323116670000,0,9,0,0,3,2,0,1,1,10,0,10,0,0000000,99,99,99,99,11,1,0,0,0,1,0
6,60328,2,2,0,0,0,2,2,19,0,31,3,2016,5,16,25,0,2,3,4,6,CR-MANNING AVE,CLOVIS AVE,0,36.60550278,-119.700280560000,0,12,6,0,2,2,0,1,1,1,0,1,0,0000000,99,99,99,99,99,99,0,0,0,1,0
6,60329,3,3,0,0,0,5,5,69,0,23,3,2016,4,20,55,0,1,5,2,4,CR-FALLON RD,FAIRVIEW RD,0,36.90230000,-121.363636110000,0,12,6,0,2,2,0,1,3,1,0,1,0,0000000,99,99,99,99,99,99,0,0,0,1,0
6,60330,4,2,2,0,0,3,3,13,3010,29,1,2016,6,0,6,0,2,4,4,6,SOLAND AVE,VENTURA ST,0,37.94292778,-122.325302780000,0,12,6,0,2,2,0,1,3,10,0,10,0,0000000,99,99,99,99,88,88,14,0,0,1,0
6,60331,3,2,1,0,0,2,2,67,3150,16,2,2016,3,6,45,0,2,3,4,6,19TH ST,P ST,0,38.57042500,-121.484102780000,0,12,6,0,3,2,0,1,4,1,0,1,0,0000000,99,99,99,99,99,99,0,0,0,1,0
6,60332,1,1,0,1,1,2,2,95,4020,1,2,2016,2,18,58,1,2,3,1,3,SR-29,,55,38.14916111,-122.254644440000,0,8,0,0,1,1,0,1,3,10,0,10,0,0000000,99,99,99,99,88,88,0,0,0,1,0
6,60333,2,2,0,0,0,2,2,61,0,17,2,2016,4,7,0,0,1,6,2,4,CR-FORESTHILL RD,,0,38.94163056,-120.986950000000,0,12,2,0,1,1,0,1,1,10,0,10,0,0000000,99,99,99,99,88,88,0,0,0,1,0
6,60334,2,2,0,0,0,3,3,37,1840,31,3,2016,5,23,41,0,2,3,4,6,AVENUE I,30TH ST E,0,34.70440278,-118.077097220000,0,12,6,0,2,2,0,1,3,1,0,1,0,0000000,99,99,99,99,99,99,0,0,0,1,0
6,60335,1,1,0,0,0,1,1,97,3490,3,1,2016,1,8,41,0,2,4,4,6,FOUNTAINGROVE PKWY,,0,38.47597500,-122.721491670000,0,30,0,0,1,1,0,4,1,2,0,2,0,0000000,99,99,99,99,99,99,0,0,0,1,0
6,60336,1,1,0,0,0,2,2,59,1660,4,3,2016,6,2,14,0,2,5,4,6,EDWARDS,,0,33.71573611,-118.015266670000,0,33,0,0,1,1,0,4,3,10,0,10,0,0000000,99,99,99,99,88,88,0,0,0,2,1
6,60337,2,2,0,0,0,2,2,59,0,13,3,2016,1,16,42,0,1,2,1,3,SR-1 RAMP,,7,33.46450278,-117.677783330000,0,1,0,1,20,1,0,1,1,1,0,1,0,0000000,99,99,99,99,99,99,14,0,0,1,1
6,60338,1,1,0,1,1,1,1,99,2200,5,2,2016,6,10,30,0,2,3,1,3,SR-132,D ST,150,37.63401667,-120.994436110000,0,9,0,0,3,2,0,1,1,1,0,1,0,0000000,99,99,99,99,99,99,16,0,0,1,0
6,60339,2,1,1,0,0,1,1,37,1980,26,3,2016,7,2,5,0,2,3,4,6,SUNSET BL,,0,34.08992778,-118.277000000000,0,14,0,0,1,1,0,7,3,1,0,1,0,0000000,99,99,99,99,88,88,0,0,0,1,0
6,60340,1,1,0,1,1,1,1,71,1305,17,2,2016,4,0,10,0,2,3,4,6,FOOTHILL BL,,0,34.10652500,-117.466252780000,0,9,0,0,1,1,0,2,3,1,0,1,0,0000000,99,99,99,99,99,99,0,0,0,1,1
6,60341,3,3,0,0,0,4,4,37,3270,14,2,2016,1,15,45,0,2,2,1,3,SR-57,,103,34.10058333,-117.819227780000,0,7,0,0,1,1,0,1,1,1,0,1,0,0000000,99,99,99,99,88,88,14,0,0,1,0
6,60342,2,2,0,0,0,2,2,65,1690,7,2,2016,1,7,9,1,2,1,1,1,I-10,,522,33.75036667,-116.274041670000,0,18,0,0,1,1,1,5,1,1,0,1,0,0000000,99,99,99,99,88,88,19,23,0,1,0
6,60343,2,2,0,0,0,2,2,1,0,17,2,2016,4,13,20,0,1,3,2,4,CR-STANLEY BLVD,,0,37.67510833,-121.814725000000,0,12,6,0,1,1,0,1,1,1,0,1,0,0000000,99,99,99,99,88,88,0,0,0,1,0
6,60344,1,1,0,1,1,1,1,37,1430,17,2,2016,4,19,3,0,2,4,4,6,VERDUGO RD,,0,34.14766667,-118.235444440000,0,8,0,0,1,1,0,1,3,2,0,2,0,0000000,99,99,99,99,99,99,0,0,0,1,0
6,60345,1,1,0,0,0,1,1,65,410,8,2,2016,2,5,40,1,2,1,1,1,I-10,,1514,33.60650278,-114.618577780000,0,1,0,0,1,1,0,4,4,1,0,1,0,0000000,99,99,99,99,99,99,0,0,0,1,0
6,60346,2,2,0,0,0,7,7,37,1840,28,3,2016,2,11,51,0,2,3,4,6,AVE I,30TH ST E,0,34.70439722,-118.077086110000,0,12,6,0,2,2,0,1,1,10,0,10,0,0000000,99,99,99,99,99,99,0,0,0,1,0
6,60347,2,2,0,1,1,1,1,37,1980,6,3,2016,1,6,3,1,2,1,1,1,I-10,,177,34.02839167,-118.230094440000,0,12,1,0,1,1,0,1,4,10,2,2,0,0000000,99,99,99,99,88,88,19,14,0,1,0
6,60348,2,2,0,0,0,6,6,59,0,8,2,2016,2,21,10,0,1,2,1,3,SR-1,,122,33.56391111,-117.825605560000,0,43,0,0,1,1,0,4,3,1,0,1,0,0000000,99,99,99,99,99,99,0,0,0,1,1
6,60349,1,1,0,1,1,1,1,37,2870,27,3,2016,1,22,10,0,2,4,4,6,RESERVOIR ST,,0,34.04545556,-117.732205560000,0,8,0,0,1,1,0,1,3,10,0,10,0,0000000,99,99,99,99,88,88,0,0,0,1,0
6,60350,1,1,0,0,0,2,2,65,0,10,2,2016,4,8,43,1,1,1,1,1,I-10,,1020,33.69894444,-115.467747220000,0,24,0,0,1,1,0,3,1,1,0,1,0,0000000,99,99,99,99,99,99,0,0,0,1,0
6,60351,2,2,0,0,0,2,2,37,1980,23,3,2016,4,6,0,0,2,4,4,6,ALHAMBRA AVE,,0,34.06986111,-118.176650000000,0,12,6,0,1,1,0,1,3,1,0,1,0,0000000,99,99,99,99,88,88,0,0,0,1,0
6,60352,1,1,0,1,1,2,2,29,0,12,2,2016,6,2,15,1,1,2,1,3,SR-58,,594,35.35213889,-118.914602780000,0,8,0,0,1,1,0,1,2,1,0,1,0,0000000,99,99,99,99,99,99,0,0,0,1,0
6,60353,2,2,0,0,0,4,4,53,0,26,3,2016,7,11,25,1,1,2,1,2,US-101,,469,36.25115833,-121.176097220000,0,1,0,0,1,1,0,3,1,1,0,1,0,0000000,99,99,99,99,99,99,14,0,0,1,0
6,60354,2,1,1,0,0,1,1,65,850,31,1,2016,1,11,36,1,2,1,1,1,I-15,,325,33.78466667,-117.491833330000,0,14,0,0,1,1,0,2,1,10,2,2,0,0000000,99,99,99,99,88,88,0,0,0,1,0
6,60355,1,1,0,1,1,1,1,19,0,1,3,2016,3,20,2,0,1,4,2,4,CR-PALM AVE,,0,36.78821944,-119.808569440000,0,8,0,0,1,1,0,1,2,1,0,1,0,0000000,99,99,99,99,88,88,0,0,0,1,0
6,60356,3,3,0,0,0,6,6,67,3150,6,3,2016,1,18,24,0,2,5,4,6,MAIN AVE,KELTON WY,0,38.65519444,-121.466130560000,0,12,1,0,2,2,0,1,3,2,0,2,0,0000000,99,99,99,99,99,99,0,0,0,1,1
6,60357,2,1,1,0,0,1,1,29,0,17,3,2016,5,0,10,0,1,4,2,4,CR-S UNION AVE,,0,35.30900833,-119.002933330000,0,14,0,0,1,1,0,2,3,1,0,1,0,0000000,99,99,99,99,99,99,0,0,0,1,1
6,60358,1,1,0,1,1,1,1,59,0,17,3,2016,5,5,45,0,1,3,2,4,CR-KATELLA AVE,,0,33.80308056,-117.974861110000,0,8,0,0,1,1,0,1,3,1,0,1,0,0000000,99,99,99,99,99,99,0,0,0,1,0
6,60359,1,1,0,1,1,4,4,59,470,17,3,2016,5,19,42,0,2,4,4,6,STANTON AVE,PAGE ST,0,33.85650000,-117.993600000000,0,9,0,0,3,2,0,1,3,10,0,10,0,0000000,99,99,99,99,99,99,0,0,0,1,0
6,60360,1,1,0,0,0,1,1,65,0,2,4,2016,7,1,50,1,1,2,1,3,SR-79,,60,33.46428889,-116.916155560000,0,1,0,0,1,1,0,4,2,1,0,1,0,0000000,99,99,99,99,99,99,0,0,0,1,1
6,60361,1,1,0,0,0,5,5,71,1603,2,4,2016,7,11,11,0,2,4,4,6,ARROWHEAD LAKE RD,,0,34.37041389,-117.250363890000,0,1,0,0,1,1,0,4,1,1,0,1,0,0000000,99,99,99,99,99,99,0,0,0,1,1
6,60362,2,1,1,0,0,1,1,73,2340,19,3,2016,7,18,35,0,2,4,4,6,SWEETWATER RD,CALMOOR ST,0,32.65890556,-117.057869440000,0,30,0,0,3,2,0,4,1,1,0,1,0,0000000,99,99,99,99,88,88,0,0,0,1,0
6,60363,1,1,0,0,0,1,1,29,240,4,4,2016,2,2,40,1,2,2,1,3,SR-99,,214,35.32036389,-119.037025000000,0,24,0,0,1,1,0,4,3,1,0,1,0,0000000,99,99,99,99,88,88,0,0,0,1,0
6,60364,1,1,0,0,0,1,1,37,1980,13,4,2016,4,19,45,1,2,1,1,1,I-5,,437,34.31235000,-118.487275000000,0,33,0,0,1,1,0,4,3,1,0,1,0,0000000,99,99,99,99,99,99,0,0,0,1,0
6,60365,1,1,0,1,1,1,1,37,1970,4,4,2016,2,6,6,0,2,3,4,6,LONG BEACH BL,,0,33.85370833,-118.196355560000,0,8,0,0,1,1,0,1,1,1,0,1,0,0000000,99,99,99,99,99,99,0,0,0,1,0
6,60366,1,1,0,1,1,1,1,37,4190,19,3,2016,7,21,8,0,2,4,4,6,PICKERING AVE,,0,33.98220278,-118.042052780000,0,8,0,0,1,1,0,1,3,1,0,1,0,0000000,99,99,99,99,88,88,0,0,0,1,0
6,60367,1,1,0,0,0,1,1,73,3260,4,4,2016,2,14,58,1,2,1,1,1,I-5,,138,32.69857222,-117.138702780000,0,1,0,0,1,1,0,1,1,1,0,1,0,0000000,99,99,99,99,99,99,0,0,0,1,0
6,60368,1,1,0,1,1,3,3,37,1980,4,4,2016,2,21,47,0,2,4,4,6,SAN FERNANDO RD,ASTORIA ST,0,34.29631944,-118.455494440000,0,8,0,0,3,3,0,1,3,1,0,1,0,0000000,99,99,99,99,88,88,0,0,0,1,0
6,60369,1,1,0,0,0,1,1,37,1980,24,4,2016,1,2,10,0,2,3,4,6,BURBANK,,0,34.16965556,-118.480772220000,0,33,0,0,1,1,0,4,3,1,0,1,0,0000000,99,99,99,99,88,88,0,0,0,1,0
6,60370,1,1,0,0,0,2,2,37,3445,4,4,2016,2,23,50,0,2,3,4,6,BOUGUET CYN RD,,0,34.43973889,-118.514627780000,0,33,0,0,1,1,0,4,3,1,0,1,0,0000000,99,99,99,99,99,99,0,0,0,2,1
6,60371,1,1,0,0,0,1,1,29,3840,6,4,2016,4,14,23,0,2,7,4,6,CUMBERLAND RD,,0,35.15094167,-118.607369440000,0,1,0,0,1,1,0,4,1,1,0,1,0,0000000,99,99,99,99,99,99,0,0,0,1,0
6,60372,1,1,0,1,1,1,1,37,1980,22,3,2016,3,7,28,0,2,5,4,6,APPERSON ST,NEWHOME AVE,0,34.25606944,-118.321388890000,0,8,0,0,2,2,0,1,1,1,0,1,0,0000000,99,99,99,99,99,99,0,0,0,1,0
6,60373,1,1,0,0,0,3,3,37,1825,7,4,2016,5,23,40,0,2,3,4,6,VALLEY VIEW AVE,ARTESIA BL,0,33.87337778,-118.028763890000,0,33,0,0,3,2,0,3,3,2,10,2,0,0000000,99,99,99,99,99,99,0,0,0,1,0
6,60374,2,2,0,0,0,5,5,37,1840,31,3,2016,5,15,4,0,2,3,4,6,50TH ST,AVENUE J,0,34.68974167,-118.041211110000,0,12,6,0,2,2,0,1,1,1,0,1,0,0000000,99,99,99,99,99,99,0,0,0,2,0
6,60375,1,1,0,1,1,2,2,67,0,5,4,2016,3,14,38,0,1,4,2,4,CR-WALERGA RD,,0,38.70436944,-121.363652780000,0,8,0,0,1,1,0,1,1,1,0,1,0,0000000,99,99,99,99,99,99,0,0,0,1,0
6,60376,1,1,0,0,0,1,1,73,3260,3,4,2016,1,0,42,0,2,3,4,6,GENESEE AVE,,0,32.80087500,-117.173386110000,0,24,0,0,1,1,0,4,2,10,0,10,0,0000000,99,99,99,99,99,99,0,0,0,1,1
6,60377,1,1,0,0,0,1,1,27,0,24,4,2016,1,10,0,0,1,3,2,4,CR-DANTE'S VIEW RD,,0,36.34141111,-116.692400000000,0,1,0,0,1,1,0,4,1,10,0,10,0,0000000,99,99,99,99,99,99,0,0,0,1,0
6,60378,1,1,0,0,0,1,1,71,0,13,4,2016,4,21,41,0,1,5,2,4,CR-BEAR VLY RD,OASIS RD,0,34.46997778,-117.643244440000,0,35,0,0,3,3,0,4,2,1,0,1,0,0000000,99,99,99,99,99,99,0,0,0,1,1
6,60379,1,1,0,1,1,1,1,37,1980,5,4,2016,3,7,40,0,2,7,4,6,VENTURA PL,RADFORD AVE,0,34.14365278,-118.392858330000,0,9,0,0,2,7,0,1,1,1,0,1,0,0000000,99,99,99,99,88,88,0,0,0,1,0
6,60380,1,1,0,0,0,1,1,53,0,19,3,2016,7,7,30,0,1,2,1,3,SR-198,,130,36.18951944,-120.836563890000,0,38,0,0,1,1,0,5,1,1,0,1,0,0000000,99,99,99,99,88,88,0,0,0,1,0
6,60381,1,1,0,1,1,1,1,95,1260,1,1,2016,6,6,35,1,2,1,1,1,I-80,,124,38.21173333,-122.144805560000,0,8,0,0,1,1,0,1,2,1,0,1,0,0000000,99,99,99,99,88,88,0,0,0,1,0
6,60382,2,2,0,0,0,3,3,19,0,27,3,2016,1,2,3,0,1,3,2,4,CR-ASHLAN AVE,PALM AVE,0,36.79392222,-119.808636110000,0,12,6,0,2,2,0,1,3,1,0,1,0,0000000,99,99,99,99,99,99,0,0,0,1,1
6,60383,2,2,0,1,1,2,2,67,0,4,1,2016,2,1,40,1,1,1,1,1,I-80,,62,38.64130278,-121.456330560000,0,8,0,1,18,1,0,1,2,1,0,1,0,0000000,99,99,99,99,99,99,0,0,0,1,0
6,60384,3,3,0,0,0,11,11,73,0,21,2,2016,1,21,0,1,1,1,1,1,I-8,,469,32.79124722,-116.494897220000,0,12,1,0,1,1,0,1,2,1,0,1,0,0000000,99,99,99,99,99,99,0,0,0,1,0
6,60385,2,2,0,0,0,2,2,77,3770,8,3,2016,3,21,39,0,2,3,2,6,EIGHT MILE RD,DAVIS RD,0,38.05761667,-121.333302780000,0,12,6,0,2,2,0,1,3,10,0,10,0,0000000,99,99,99,99,99,99,19,0,0,1,1
6,60386,3,3,0,0,0,3,3,65,0,17,3,2016,5,12,55,1,1,1,1,1,I-10,,732,33.67529444,-115.944819440000,0,12,7,0,1,1,0,1,1,1,0,1,0,0000000,99,99,99,99,88,88,14,0,0,1,0
6,60387,2,2,0,0,0,4,4,37,1980,19,3,2016,7,7,55,1,2,2,1,2,US-101,,86,34.12170000,-118.339838890000,0,12,1,0,1,1,0,1,1,10,0,10,0,0000000,99,99,99,99,88,88,28,0,0,1,0
6,60388,2,2,0,0,0,7,7,25,0,23,3,2016,4,19,47,1,1,1,1,1,I-8 RAMP,,906,32.74361111,-114.721950000000,0,12,6,1,5,1,0,1,2,1,0,1,0,0000000,99,99,99,99,99,99,20,0,0,2,0
6,60389,2,2,0,0,0,3,3,73,3260,27,3,2016,1,17,28,0,2,5,4,6,POMERADO RD,,0,32.91875278,-117.064911110000,0,31,0,0,1,1,0,3,1,1,0,1,0,0000000,99,99,99,99,99,99,0,0,0,1,0
6,60390,3,2,1,1,1,3,3,37,1980,19,3,2016,7,17,30,0,2,3,4,6,VERMONT AVENUE,76TH ST,0,33.97123333,-118.291566670000,0,12,1,0,3,3,0,1,1,1,0,1,0,0000000,99,99,99,99,99,99,0,0,0,1,0
6,60391,3,3,0,0,0,3,3,99,0,25,2,2016,5,18,15,0,1,5,2,4,CR-WOODLAND AVE,CR-LONE PALM AVE,0,37.65322778,-121.023463890000,0,12,7,0,3,3,0,1,5,1,0,1,0,0000000,99,99,99,99,88,88,14,0,0,1,0
6,60392,1,1,0,0,0,1,1,37,1430,3,1,2016,1,18,50,0,2,2,1,3,SR-2 RAMP,,84,34.14918056,-118.230830560000,0,33,0,1,5,1,0,4,3,1,0,1,0,0000000,99,99,99,99,88,88,0,0,0,1,0
6,60393,2,2,0,0,0,4,4,37,1980,6,1,2016,4,22,5,0,2,3,4,6,MISSION RD,CESAR E CHAVEZ AVE,0,34.05428056,-118.225833330000,0,12,8,0,2,2,0,1,3,10,0,10,0,0000000,99,99,99,99,99,99,0,0,0,1,0
6,60394,5,5,0,0,0,7,7,59,2199,25,3,2016,6,23,12,1,2,1,1,1,I-5,,137,33.55718333,-117.673119440000,0,12,1,0,1,1,0,1,3,1,0,1,0,0000000,99,99,99,99,99,99,19,27,0,1,0
6,60395,1,1,0,0,0,2,2,71,0,17,1,2016,1,2,40,1,1,1,1,1,I-15,,265,34.29891944,-117.457938890000,0,52,0,0,1,1,1,4,2,1,0,1,0,0000000,99,99,99,99,99,99,0,0,0,1,0
6,60396,1,1,0,1,1,1,1,65,2650,11,3,2016,6,20,19,0,2,5,4,6,CALLE EL SEGUNDO,ARENAS RD,0,33.82127500,-116.541833330000,0,8,0,0,2,3,0,1,3,10,2,2,0,0000000,99,99,99,99,99,99,0,0,0,1,0
6,60397,2,2,0,0,0,3,3,77,0,26,1,2016,3,11,45,1,1,1,1,1,I-5,,482,38.24120000,-121.441930560000,0,12,7,0,1,1,0,1,1,1,0,1,0,0000000,99,99,99,99,99,99,0,0,0,1,0
6,60398,2,2,0,2,2,2,2,37,0,17,3,2016,5,12,50,0,1,3,2,4,CR-CENTRAL AVE,CR-EL SEGUNDO BLVD,0,33.91635556,-118.254491670000,0,12,6,0,2,2,0,1,1,1,0,1,0,0000000,99,99,99,99,99,99,0,0,0,1,0
6,60399,2,2,0,0,0,2,2,59,450,3,2,2016,4,3,7,1,2,2,1,3,SR-57,,181,33.88441667,-117.880377780000,0,12,1,0,1,1,0,1,2,1,0,1,0,0000000,99,99,99,99,88,88,0,0,0,1,0
6,60400,2,2,0,0,0,4,4,37,1980,26,3,2016,7,18,55,0,2,7,4,6,EL  DORADO AVE,ROXFORD ST,0,34.30863056,-118.474755560000,0,12,6,0,2,2,0,1,5,1,0,1,0,0000000,99,99,99,99,99,99,0,0,0,1,0
6,60401,1,1,0,1,1,1,1,37,1980,13,4,2016,4,5,15,0,2,4,4,6,LINCOLN BL,,0,34.00020833,-118.465458330000,0,15,0,0,1,1,0,1,3,10,0,10,0,0000000,99,99,99,99,88,88,0,0,0,1,0
6,60402,1,1,0,0,0,2,2,97,0,14,2,2016,1,1,45,0,1,2,1,3,SR-1,,89,38.31756944,-123.030025000000,0,42,0,0,1,1,0,4,2,1,0,1,0,0000000,99,99,99,99,88,88,0,0,0,2,1
6,60403,1,1,0,1,1,1,1,83,0,6,4,2016,4,5,34,0,1,2,1,3,SR-246,,102,34.64586944,-120.428758330000,0,8,0,0,1,1,0,1,2,1,0,1,0,0000000,99,99,99,99,88,88,0,0,0,1,0
6,60404,1,1,0,1,1,2,2,37,1110,14,2,2016,1,4,10,1,2,1,1,1,I-10,,283,34.07065833,-118.047911110000,0,8,0,0,1,1,0,1,3,1,0,1,0,0000000,99,99,99,99,88,88,0,0,0,1,0
6,60405,1,1,0,1,1,1,1,59,1410,8,2,2016,2,13,0,0,2,3,4,6,WESTMINSTER AVE,,0,33.75961111,-117.956244440000,0,9,0,0,8,1,0,1,1,1,0,1,0,0000000,99,99,99,99,99,99,16,0,0,1,0
6,60406,2,2,0,0,0,4,4,37,2645,19,2,2016,6,17,10,0,2,4,4,6,AVENUE R,,0,34.57266111,-118.102036110000,0,12,6,0,1,1,0,1,1,1,0,1,0,0000000,99,99,99,99,99,99,0,0,0,2,0
6,60407,2,2,0,0,0,4,4,107,4050,28,2,2016,1,14,37,0,2,5,4,6,GIDDINGS ST,NOBLE AVE,0,36.32651111,-119.305461110000,0,12,6,0,2,2,0,1,1,1,0,1,0,0000000,99,99,99,99,99,99,0,0,0,1,0
6,60408,3,3,0,0,0,5,5,31,0,28,1,2016,5,17,50,0,1,2,1,3,SR-43,IDAHO AVE,144,36.26964167,-119.600608330000,0,12,6,0,2,2,0,1,2,1,0,1,0,0000000,99,99,99,99,99,99,0,0,0,1,0
6,60409,1,1,0,0,0,1,1,67,0,18,2,2016,5,21,9,0,1,5,2,4,CR-DUDLEY BLVD,,0,38.64708611,-121.399438890000,0,31,0,0,1,1,0,4,3,10,0,10,0,0000000,99,99,99,99,99,99,0,0,0,1,1
6,60410,2,2,0,0,0,2,2,65,2650,22,2,2016,2,15,21,0,2,5,4,6,S FARRELL DR,E BARISTO RD,0,33.81951944,-116.518011110000,0,12,6,0,2,2,0,1,1,1,0,1,0,0000000,99,99,99,99,99,99,0,0,0,1,0
6,60411,1,1,0,1,1,1,1,111,538,27,3,2016,1,22,8,0,2,4,4,6,ARNEILL RD,ROCKLYN ST,0,34.23228056,-119.038963890000,0,8,0,0,2,2,0,1,3,10,0,10,0,0000000,99,99,99,99,88,88,0,0,0,1,0
6,60412,1,1,0,0,0,1,1,65,0,22,1,2016,6,19,35,0,1,3,4,4,CR-SANTA ROSA MINE RD,,0,33.79279444,-117.348475000000,0,17,0,0,1,1,0,4,2,1,0,1,0,0000000,99,99,99,99,88,88,0,0,0,1,1
6,60413,2,2,0,0,0,2,2,73,3260,28,3,2016,2,23,3,0,2,5,4,6,LAUREL ST,1ST AVE,0,32.73134167,-117.163944440000,0,12,1,0,2,2,0,1,3,10,0,10,0,0000000,99,99,99,99,99,99,0,0,0,1,1
6,60414,2,2,0,0,0,5,5,107,0,26,3,2016,7,22,8,0,1,5,2,4,CR-AVENUE 200,CR-SPACER DRIVE,0,36.15279722,-119.286330560000,0,12,6,0,2,2,0,1,3,1,0,1,0,0000000,99,99,99,99,99,99,0,0,0,2,1
6,60415,1,1,0,0,0,1,1,73,0,24,1,2016,1,13,55,1,1,2,1,3,SR-94,,274,32.65311667,-116.789591670000,0,24,0,0,1,1,0,4,1,1,0,1,0,0000000,99,99,99,99,99,99,0,0,0,1,0
6,60416,2,2,0,0,0,3,3,107,0,30,3,2016,4,8,28,0,1,3,2,4,CR-AVENUE 240,ROAD 152,0,36.22552500,-119.233486110000,0,12,6,0,2,2,0,1,1,1,0,1,0,0000000,99,99,99,99,99,99,0,0,0,1,0
6,60417,1,1,0,1,1,1,1,65,2650,22,2,2016,2,18,56,0,2,4,4,6,EAST PALM CANYON DR,,0,33.80135000,-116.536241670000,0,8,0,0,1,1,0,1,2,1,0,1,0,0000000,99,99,99,99,99,99,0,0,0,1,0
6,60418,2,1,1,0,0,3,3,37,1980,7,2,2016,1,11,0,0,2,4,4,6,PLEASANT AVE,ECHANDIA ST,0,34.04856389,-118.220975000000,0,14,0,0,3,3,0,7,1,1,0,1,0,0000000,99,99,99,99,99,99,0,0,0,1,0
6,60419,2,2,0,0,0,4,4,25,0,26,3,2016,7,0,4,0,1,2,1,3,SR-98,,272,32.67921944,-115.586711110000,0,12,6,0,1,1,0,1,2,1,0,1,0,0000000,99,99,99,99,88,88,14,0,0,4,0
6,60420,2,2,0,1,1,3,3,75,3290,24,2,2016,4,22,54,1,2,1,1,1,I-280,,31,37.73208611,-122.429547220000,0,8,0,0,1,1,0,1,2,10,0,10,0,0000000,99,99,99,99,88,88,0,0,0,1,0