STATE,ST_CASE,VE_TOTAL,VE_FORMS,PVH_INVL,PEDS,PERNOTMVIT,PERMVIT,PERSONS,COUNTY,CITY,DAY,MONTH,YEAR,DAY_WEEK,HOUR,MINUTE,NHS,RUR_URB,FUNC_SYS,RD_OWNER,ROUTE,TWAY_ID,TWAY_ID2,MILEPT,LATITUDE,LONGITUD,SP_JUR,HARM_EV,MAN_COLL,RELJCT1,RELJCT2,TYP_INT,WRK_ZONE,REL_ROAD,LGT_COND,WEATHER1,WEATHER2,WEATHER,SCH_BUS,RAIL,NOT_HOUR,NOT_MIN,ARR_HOUR,ARR_MIN,HOSP_HR,HOSP_MN,CF1,CF2,CF3,FATALS,DRUNK_DR
6,60526,2,2,0,0,0,2,2,29,240,16,1,2016,7,0,28,0,2,3,4,6,MING AVE,OLD RIVER RD,0,35.34016389,-119.114041670000,0,12,6,0,2,2,0,1,3,1,0,1,0,0000000,0,30,0,31,0,59,0,0,0,1,1
6,60527,1,1,0,1,1,1,1,71,1947,4,1,2016,2,12,8,0,2,5,4,6,BRYN MAWR AVE,GEORGE ST,0,34.04113611,-117.234827780000,0,9,0,0,2,3,0,1,1,1,0,1,0,0000000,99,99,99,99,99,99,0,0,0,1,0
6,60528,2,2,0,0,0,3,3,65,0,16,3,2016,4,4,25,1,1,2,1,3,SR-86,,165,33.63988889,-116.130986110000,0,12,1,0,1,1,0,1,2,1,0,1,0,0000000,99,99,99,99,99,99,0,0,0,1,0
6,60529,2,2,0,0,0,2,2,77,0,13,4,2016,4,20,25,1,1,1,1,1,I-5,,99,37.73064167,-121.343355560000,0,12,2,0,1,1,0,1,2,1,0,1,0,0000000,99,99,99,99,99,99,0,0,0,1,1
6,60530,3,2,1,0,0,2,2,71,3210,28,2,2016,1,9,38,0,2,3,4,6,W 5TH ST,,0,34.10833889,-117.317630560000,0,12,6,0,8,1,0,1,1,1,0,1,0,0000000,99,99,99,99,99,99,0,0,0,1,2
6,60531,2,2,0,0,0,2,2,99,0,31,3,2016,5,18,55,0,1,5,2,4,CR-MILNES RD,,0,37.68213611,-120.838208330000,0,12,2,0,1,1,0,2,1,1,0,1,0,0000000,99,99,99,99,88,88,0,0,0,1,1
6,60532,2,2,0,0,0,3,3,71,3210,28,3,2016,2,4,56,0,2,4,4,6,N MNT VERNON AVE,W RIALTO AVE,0,34.10080278,-117.313836110000,0,12,6,0,2,2,0,1,3,2,10,2,0,0000000,99,99,99,99,99,99,20,0,0,2,0
6,60533,1,1,0,2,2,1,1,1,1054,25,4,2016,2,22,59,0,2,4,4,6,DUBLIN BL,ARNOLD RD,0,37.70620833,-121.893255560000,0,8,0,0,2,2,0,1,3,1,0,1,0,0000000,99,99,99,99,99,99,0,0,0,1,0
6,60534,1,1,0,1,1,1,1,59,80,8,1,2016,6,12,55,0,2,3,4,6,S MAGNOLIA AVE,W. LOLA AVE,0,33.82163611,-117.975872220000,0,8,0,0,3,3,0,1,1,1,0,1,0,0000000,99,99,99,99,88,88,0,0,0,1,0
6,60535,1,1,0,1,1,4,4,73,4060,2,4,2016,7,19,23,0,2,3,4,6,N MELROSE DR,,0,33.20341667,-117.254886110000,0,8,0,0,1,1,0,1,3,1,0,1,0,0000000,99,99,99,99,99,99,0,0,0,1,0
6,60536,4,4,0,0,0,4,4,37,1980,20,4,2016,4,0,34,1,1,1,1,1,I-5,,378,34.24888333,-118.426994440000,0,12,1,0,1,1,0,1,3,1,0,1,0,0000000,99,99,99,99,99,99,0,0,0,1,0
6,60537,2,2,0,0,0,6,6,65,1580,3,4,2016,1,1,35,0,2,3,1,3,SR-74,,438,33.74775000,-116.916222220000,0,12,2,0,1,1,0,1,2,1,0,1,0,0000000,99,99,99,99,99,99,0,0,0,3,1
6,60538,2,2,0,1,1,2,2,59,3760,25,2,2016,5,18,50,0,2,4,4,6,CERRITOS AVE,,0,33.81031667,-117.980900000000,0,8,0,0,1,1,0,1,3,1,0,1,0,0000000,99,99,99,99,88,88,0,0,0,1,0
6,60539,1,1,0,0,0,2,2,99,2200,1,2,2016,2,9,42,0,2,3,1,3,SR-132,,156,37.63735556,-120.985800000000,0,33,0,0,1,1,0,4,1,1,0,1,0,0000000,99,99,99,99,99,99,0,0,0,1,0
6,60540,2,2,0,1,1,3,3,73,560,6,4,2016,4,3,20,1,2,1,1,1,I-5,,473,33.12611944,-117.324350000000,0,8,0,0,1,1,0,1,2,1,0,1,0,0000000,99,99,99,99,99,99,19,0,0,1,0
6,60541,3,1,2,2,6,1,5,13,975,13,3,2016,1,12,15,1,2,1,1,1,I-680,,59,37.80061944,-121.988286110000,0,25,0,0,1,1,0,3,1,2,0,2,0,0000000,99,99,99,99,99,99,14,19,15,2,0
6,60542,1,1,0,0,0,3,3,115,0,13,2,2016,7,18,55,0,1,2,1,3,SR-49,,6,39.40082500,-121.078925000000,0,42,0,0,1,1,0,4,2,1,0,1,0,0000000,99,99,99,99,99,99,0,0,0,1,1
6,60543,1,1,0,1,1,2,2,29,240,23,1,2016,7,0,24,0,2,4,4,6,COTTONWOOD RD,,0,35.31349444,-118.985425000000,0,8,0,0,1,1,0,1,2,1,0,1,0,0000000,0,48,0,53,1,9,0,0,0,1,0
6,60544,1,1,0,1,1,1,1,37,0,4,2,2016,5,19,20,1,1,2,1,3,SR-60,,23,34.03165556,-118.186436110000,0,8,0,0,1,1,0,1,3,1,0,1,0,0000000,99,99,99,99,88,88,0,0,0,1,0
6,60545,2,1,1,0,0,1,1,113,4258,13,4,2016,4,2,35,0,2,4,4,6,COURT ST,EAST ST,0,38.67870556,-121.765430560000,0,42,0,0,3,3,0,4,3,1,0,1,0,0000000,99,99,99,99,88,88,14,0,0,1,1
6,60546,1,1,0,1,1,1,1,65,9997,8,2,2016,2,0,11,0,2,5,4,6,PACIFIC AVE,,0,34.00720000,-117.419883330000,0,8,0,0,1,1,0,1,2,1,0,1,0,0000000,99,99,99,99,88,88,0,0,0,1,0
6,60547,1,1,0,0,0,5,5,71,0,29,3,2016,3,22,0,1,1,1,1,1,I-15,,1710,35.46889444,-115.537100000000,0,43,0,0,1,1,0,4,2,1,0,1,0,0000000,99,99,99,99,99,99,0,0,0,1,0
6,60548,1,1,0,0,0,1,1,59,1410,17,4,2016,1,11,26,0,2,4,4,6,KNOTT ST,,0,33.77830556,-118.011044440000,0,33,0,0,1,1,0,4,1,1,0,1,0,0000000,99,99,99,99,99,99,0,0,0,1,0
6,60549,1,1,0,0,0,2,2,77,1865,9,4,2016,7,1,57,1,2,1,1,1,I-5,,139,37.77932778,-121.314958330000,0,23,0,0,1,1,0,3,2,2,0,2,0,0000000,99,99,99,99,99,99,0,0,0,1,0
6,60550,1,1,0,0,0,1,1,17,0,30,4,2016,7,21,35,1,1,2,1,2,US-50,,229,38.73694444,-120.716877780000,0,43,0,0,1,1,0,4,3,10,0,10,0,0000000,99,99,99,99,88,88,0,0,0,1,0
6,60551,1,1,0,0,0,2,2,65,2650,6,3,2016,1,1,20,0,2,4,4,6,INDIAN CYN DR,,0,33.84851111,-116.545513890000,0,39,0,0,1,1,0,4,2,1,0,1,0,0000000,99,99,99,99,99,99,0,0,0,1,1
6,60552,1,1,0,0,0,1,1,13,820,17,2,2016,4,16,53,1,2,1,1,1,I-680,,190,37.96286944,-122.054269440000,0,30,0,0,1,1,0,4,1,1,0,1,0,0000000,99,99,99,99,99,99,0,0,0,1,0
6,60553,1,1,0,0,0,2,2,65,0,17,3,2016,5,0,18,1,1,1,1,1,I-10,,1249,33.63333056,-115.078347220000,0,1,0,0,1,1,0,4,2,1,0,1,0,0000000,99,99,99,99,88,88,0,0,0,1,1
6,60554,1,1,0,0,0,1,1,37,3445,17,3,2016,5,1,10,0,2,3,4,6,SOLEDAD CYN RD,WISHBONE LN,0,34.41922222,-118.507300000000,0,33,0,0,3,3,0,4,3,1,0,1,0,0000000,99,99,99,99,99,99,0,0,0,1,0
6,60555,1,1,0,1,1,1,1,25,520,15,1,2016,6,19,57,0,2,4,4,6,COLE RD,ROCKWOOD AVE,0,32.69392778,-115.496108330000,0,9,0,0,3,2,0,1,6,1,0,1,0,0000000,99,99,99,99,88,88,0,0,0,1,0
6,60556,4,4,0,0,0,4,4,111,3860,4,3,2016,6,18,58,1,2,2,1,2,US-101,,13,34.16286944,-118.833188890000,0,12,7,0,1,1,1,1,2,1,0,1,0,0000000,99,99,99,99,99,99,14,0,0,1,1
6,60557,1,1,0,0,0,1,1,19,0,18,4,2016,2,12,12,0,1,5,2,4,CR-WASHOE AVE,,0,36.82495556,-120.458030560000,0,31,0,0,1,1,0,4,1,1,0,1,0,0000000,99,99,99,99,88,88,0,0,0,1,0
6,60558,3,1,2,1,2,1,2,37,1970,29,4,2016,6,8,0,1,2,1,1,1,I-710,,136,33.87671667,-118.186505560000,0,8,0,0,1,1,0,1,1,1,0,1,0,0000000,99,99,99,99,88,88,14,19,0,1,0
6,60559,1,1,0,0,0,4,4,29,0,5,3,2016,7,10,20,0,1,2,1,3,SR-178,,694,35.73426944,-118.126988890000,0,35,0,0,1,1,0,4,1,1,0,1,0,0000000,99,99,99,99,99,99,0,0,0,2,0
6,60560,1,1,0,1,1,1,1,59,4130,1,1,2016,6,19,55,0,2,3,4,6,BROOKHURST STREET,,0,33.73943889,-117.954691670000,0,8,0,0,1,1,0,1,3,1,0,1,0,0000000,99,99,99,99,99,99,0,0,0,1,0
6,60561,1,1,0,1,1,1,1,73,560,16,3,2016,4,10,1,0,2,4,4,6,CARLSBAD BL,,0,33.13866111,-117.339094440000,0,9,0,0,1,1,0,1,1,1,0,1,0,0000000,99,99,99,99,88,88,0,0,0,1,0
6,60562,1,1,0,1,1,1,1,59,880,22,1,2016,6,20,26,0,2,4,4,6,NEWPORT BLVD,ROCHESTER ST,0,33.63940278,-117.920336110000,0,8,0,0,3,2,0,1,3,1,0,1,0,0000000,99,99,99,99,99,99,0,0,0,1,0
6,60563,1,1,0,0,0,1,1,59,1713,23,3,2016,4,1,25,1,2,2,1,3,SR-133,,92,33.66251944,-117.754583330000,0,20,0,1,19,1,0,3,3,1,0,1,0,0000000,99,99,99,99,88,88,0,0,0,1,1
6,60564,5,1,4,0,0,1,1,55,540,29,4,2016,6,21,15,0,2,7,4,6,WASHINGTON ST,,0,38.57936389,-122.581397220000,0,14,0,0,1,1,0,4,3,1,0,1,0,0000000,99,99,99,99,88,88,14,0,0,1,1
6,60565,2,2,0,0,0,2,2,73,3260,13,4,2016,4,5,8,0,2,3,1,3,SR-52 RAMP,MAST BL,135,32.84511111,-117.025694440000,0,12,6,1,2,2,0,1,3,10,0,10,0,0000000,99,99,99,99,88,88,0,0,0,1,0
6,60566,1,1,0,1,1,1,1,107,3920,27,4,2016,4,0,12,0,2,4,4,6,BARDSLEY AVE,BLACKSTONE ST,0,36.19664167,-119.331105560000,0,9,0,0,2,2,0,1,3,1,0,1,0,0000000,99,99,99,99,88,88,16,0,0,1,0
6,60567,1,1,0,1,1,1,1,59,3420,6,3,2016,1,9,24,0,2,3,4,6,HARBOR BLVD,WESTMINSTER AVE,0,33.75967222,-117.920169440000,0,8,0,0,3,2,0,1,1,1,0,1,0,0000000,99,99,99,99,99,99,0,0,0,1,0
6,60568,1,1,0,0,0,1,1,15,0,14,4,2016,5,11,20,1,1,3,1,2,US-199,,106,41.83962222,-124.033908330000,0,35,0,0,1,1,0,4,1,10,0,10,0,0000000,99,99,99,99,88,88,0,0,0,1,0
6,60569,1,1,0,1,1,1,1,85,3790,6,3,2016,1,20,8,0,2,3,4,6,HOMESTEAD RD,,0,37.33768056,-122.017077780000,0,8,0,0,1,1,0,1,3,2,0,2,0,0000000,20,9,99,99,88,88,0,0,0,1,0
6,60570,1,1,0,1,1,1,1,73,0,12,4,2016,3,22,10,1,1,1,1,1,I-8,,604,32.70918889,-116.376519440000,0,8,0,0,1,1,0,2,2,5,0,5,0,0000000,99,99,99,99,99,96,0,0,0,1,0
6,60571,1,1,0,0,0,1,1,83,0,30,4,2016,7,5,36,0,1,2,2,3,SR-154,FOXEN CANYON RD,24,34.66793889,-120.122405560000,0,18,0,1,2,2,0,1,2,1,0,1,0,0000000,99,99,99,99,99,99,0,0,0,1,0
6,60572,1,1,0,0,0,1,1,77,0,15,3,2016,3,6,25,0,1,6,2,4,CR-ACAMPO RD,TRETHEWAY RD,0,38.17751944,-121.179216670000,0,43,0,0,3,3,0,4,2,1,0,1,0,0000000,99,99,99,99,88,88,0,0,0,1,1
6,60573,2,2,0,0,0,3,3,37,4030,30,4,2016,7,3,0,0,2,3,4,6,SANTA FE AVE,37TH ST,0,34.00895278,-118.230277780000,0,12,6,0,2,2,0,1,3,1,0,1,0,0000000,99,99,99,99,99,99,0,0,0,1,0
6,60574,1,1,0,0,0,1,1,53,0,30,4,2016,7,4,45,1,1,2,1,2,US-101,,431,36.22046111,-121.168511110000,0,1,0,0,1,1,0,1,2,1,0,1,0,0000000,99,99,99,99,88,88,0,0,0,1,0
6,60575,2,2,0,0,0,2,2,37,4120,15,4,2016,6,9,33,0,2,5,4,6,CORTEZ ST,HOLLENBECK AVE,0,34.06461667,-117.899011110000,0,12,6,0,2,2,0,1,1,1,0,1,0,0000000,99,99,99,99,99,99,0,0,0,1,0
6,60576,1,1,0,1,1,1,1,53,2630,27,1,2016,4,18,20,0,2,4,4,6,PINE AV,FOREST AVE,0,36.61885833,-121.918805560000,0,8,0,0,2,2,0,1,3,1,0,1,0,0000000,99,99,99,99,99,99,0,0,0,1,0
6,60577,1,1,0,1,1,1,1,59,1345,2,2,2016,3,17,34,0,2,3,4,6,MAGNOLIA ST,,0,33.71318333,-117.971902780000,0,8,0,0,1,1,0,1,3,1,0,1,0,0000000,99,99,99,99,99,99,0,0,0,1,0
6,60578,2,2,0,0,0,2,2,59,470,29,1,2016,6,2,18,1,1,2,1,3,SR-91,,16,33.85578333,-118.015563890000,0,12,7,0,1,1,0,1,3,1,0,1,0,0000000,99,99,99,99,99,99,20,0,0,1,1
6,60579,2,1,1,0,1,1,2,1,3360,2,2,2016,3,20,28,1,1,1,1,1,I-880,,209,37.69187222,-122.139988890000,0,14,0,0,1,1,0,2,2,1,0,1,0,0000000,99,99,99,99,99,99,23,0,0,1,1
6,60580,1,1,0,1,1,1,1,37,4120,14,2,2016,1,19,12,0,2,5,4,6,GARVEY AVE S,,0,34.07124167,-117.882586110000,0,8,0,0,8,1,0,1,3,1,0,1,0,0000000,99,99,99,99,99,99,0,0,0,1,0
6,60581,1,1,0,0,0,1,1,13,2090,13,3,2016,1,15,10,1,2,1,1,1,I-680,,251,38.03319167,-122.117375000000,0,25,0,0,1,1,0,3,1,2,0,2,0,0000000,99,99,99,99,99,99,0,0,0,1,0
6,60582,2,2,0,0,0,2,2,107,0,1,3,2016,3,21,14,1,1,2,1,3,SR-99,,351,36.27930278,-119.373002780000,0,12,1,0,1,1,0,1,2,1,0,1,0,0000000,99,99,99,99,99,99,0,0,0,1,1
6,60583,2,2,0,0,0,4,4,71,1305,19,3,2016,7,20,55,1,2,1,1,1,I-15,,106,34.16083611,-117.466108330000,0,12,1,0,1,1,0,1,3,1,0,1,0,0000000,99,99,99,99,99,99,14,0,0,1,0
6,60584,1,1,0,0,0,4,4,47,0,14,2,2016,1,99,99,0,1,7,2,4,CR-YOUD RD,,0,37.44801111,-120.532050000000,0,1,0,0,1,1,0,4,2,1,0,1,0,0000000,99,99,99,99,88,88,18,0,0,4,1
6,60585,1,1,0,0,0,2,2,75,3290,21,3,2016,2,15,0,0,2,7,4,6,PARKER AVE,,0,37.78126944,-122.454038890000,0,19,0,0,1,1,0,5,1,1,0,1,0,0000000,99,99,99,99,99,99,0,0,0,1,0
6,60586,1,1,0,1,1,1,1,37,2929,8,3,2016,3,14,46,0,2,3,4,6,HAWTHORNE BLVD,VALLON DRIVE,0,33.74876111,-118.393747220000,0,9,0,0,2,2,0,1,1,1,0,1,0,0000000,99,99,99,99,88,88,0,0,0,1,0
6,60587,3,3,0,1,1,4,4,75,3290,28,3,2016,2,6,15,1,2,1,1,1,I-280,,39,37.73248333,-122.414402780000,0,8,0,0,1,1,0,1,2,10,0,10,0,0000000,99,99,99,99,88,88,0,0,0,1,0
6,60588,1,1,0,0,0,1,1,67,712,26,3,2016,7,5,58,1,2,1,1,1,I-80,,158,38.69539722,-121.322422220000,0,24,0,0,1,1,0,4,2,1,0,1,0,0000000,99,99,99,99,99,99,0,0,0,1,1
6,60589,3,3,0,0,0,6,6,65,0,25,3,2016,6,21,52,0,1,5,2,4,CR-GILMAN SPRINGS RD,,0,33.85043889,-117.012105560000,0,12,2,0,1,1,0,1,2,1,0,1,0,0000000,99,99,99,99,99,99,14,0,0,2,0
6,60590,3,2,1,0,0,2,2,65,0,7,4,2016,5,12,14,0,1,6,2,4,CR-JOHNSON ST,,0,33.59291667,-116.060983330000,0,12,2,0,1,1,0,1,1,1,0,1,0,0000000,99,99,99,99,99,99,0,0,0,1,0
6,60591,1,1,0,1,1,1,1,65,1003,26,3,2016,7,20,57,0,2,4,4,6,PALM DRIVE,,0,33.95904722,-116.501316670000,0,8,0,0,1,1,0,1,2,1,0,1,0,0000000,99,99,99,99,99,99,0,0,0,1,0
6,60592,1,1,0,2,2,1,1,19,0,18,4,2016,2,99,99,0,1,4,2,4,CR-CHURCH AVE,,0,36.71411389,-119.762511110000,0,8,0,0,1,1,0,1,3,1,0,1,0,0000000,99,99,99,99,99,99,0,0,0,2,0
6,60593,1,1,0,1,1,2,2,61,3110,31,3,2016,5,5,35,1,2,1,1,1,I-80,,26,38.75220833,-121.265319440000,0,8,0,0,1,1,0,1,3,10,0,10,0,0000000,99,99,99,99,88,88,0,0,0,1,0
6,60594,2,2,0,0,0,4,4,37,0,14,4,2016,5,15,48,0,1,3,2,4,CR-AVENUE E,,0,34.76323889,-118.016888890000,0,12,2,0,1,1,0,1,1,1,0,1,0,0000000,99,99,99,99,99,99,0,0,0,2,0
6,60595,1,1,0,1,1,1,1,97,3490,21,3,2016,2,20,41,0,2,4,4,6,LEWIS RD,MEDOCINO AVE,0,38.46100000,-122.717241670000,0,8,0,0,2,2,0,1,3,10,0,10,0,0000000,99,99,99,99,88,88,0,0,0,1,0
6,60596,1,1,0,0,0,2,2,37,1980,8,5,2016,1,5,40,0,2,5,4,6,FAIR AVE,LEADWELL ST,0,34.20389722,-118.374694440000,0,33,0,0,3,3,0,4,3,10,0,10,0,0000000,99,99,99,99,99,99,0,0,0,1,1
6,60597,1,1,0,1,1,1,1,59,3420,6,1,2016,4,17,9,0,2,4,4,6,MCFADDEN AVE,,0,33.73827500,-117.924108330000,0,8,0,0,1,1,0,1,5,10,0,10,0,0000000,99,99,99,99,99,99,0,0,0,1,0
6,60598,1,1,0,1,1,1,1,107,3920,1,5,2016,1,0,35,0,2,4,4,6,E LEVIN AVE,,0,36.18943056,-119.323208330000,0,9,0,0,1,1,0,1,3,1,0,1,0,0000000,99,99,99,99,99,99,0,0,0,1,0
6,60599,1,1,0,0,0,1,1,29,0,8,5,2016,1,7,50,0,1,2,1,3,SR-43,,196,35.53128056,-119.309119440000,0,42,0,0,1,1,0,4,1,1,0,1,0,0000000,99,99,99,99,88,88,0,0,0,1,0
6,60600,1,1,0,1,1,1,1,37,1980,4,5,2016,4,1,30,0,2,4,4,6,HUMBOLDT ST,AVENUE 26,0,34.07981944,-118.218488890000,0,9,0,0,2,3,0,1,3,1,0,1,0,0000000,99,99,99,99,88,88,0,0,0,1,0
6,60601,1,1,0,1,1,1,1,37,1045,4,5,2016,4,20,11,0,2,4,4,6,GALLATIN RD,STOAKES AVE,0,33.95774722,-118.118263890000,0,8,0,0,3,2,0,1,3,1,0,1,0,0000000,99,99,99,99,99,99,0,0,0,1,0
6,60602,1,1,0,1,1,1,1,37,2870,6,5,2016,6,10,9,0,2,4,4,6,RESERVOIR ST,,0,34.04487778,-117.732200000000,0,8,0,0,1,1,0,1,1,10,0,10,0,0000000,99,99,99,99,88,88,0,0,0,1,0
6,60603,1,1,0,0,0,1,1,73,0,6,5,2016,6,6,0,1,1,1,1,1,I-8,,569,32.72708333,-116.429283330000,0,24,0,0,1,1,0,4,4,2,10,2,0,0000000,99,99,99,99,88,88,0,0,0,1,0
6,60604,1,1,0,1,1,1,1,73,3260,8,5,2016,1,21,14,0,2,3,4,6,MISSION BAY RD,,0,32.79845278,-117.211188890000,0,8,0,0,1,1,0,1,3,1,0,1,0,0000000,99,99,99,99,99,99,23,0,0,1,0
6,60605,1,1,0,0,0,2,2,103,0,8,5,2016,1,2,5,0,1,3,2,4,CR-BOWMAN RD,,0,40.33865278,-122.359630560000,0,42,0,0,1,1,0,4,2,10,0,10,0,0000000,99,99,99,99,99,99,0,0,0,1,1
6,60606,1,1,0,0,0,1,1,7,0,5,5,2016,5,16,10,0,1,5,2,4,CR-LOWER WYANDOTTE RD,,0,39.45788056,-121.489427780000,0,42,0,0,1,1,0,4,1,10,0,10,0,0000000,99,99,99,99,88,88,0,0,0,1,0
6,60607,1,1,0,0,0,4,4,65,290,2,5,2016,2,2,15,1,2,1,1,1,I-10 RAMP,,64,33.93388611,-116.992022220000,0,59,0,0,5,1,0,4,3,1,0,1,0,0000000,99,99,99,99,99,99,0,0,0,1,1
6,60608,1,1,0,0,0,1,1,13,0,2,5,2016,2,2,33,1,2,1,1,1,I-680,,231,38.01524444,-122.092591670000,0,25,0,0,1,1,0,4,2,1,0,1,0,0000000,99,99,99,99,99,99,0,0,0,1,0
6,60609,1,1,0,0,0,1,1,111,3641,26,4,2016,3,4,32,0,2,4,4,6,ALAMO ST,SYCAMORE DR,0,34.28633056,-118.743863890000,0,33,0,0,3,2,0,4,3,1,0,1,0,0000000,99,99,99,99,88,88,0,0,0,1,1
6,60610,1,1,0,1,1,1,1,71,260,29,4,2016,6,20,31,1,2,1,1,1,I-15,,749,34.89131389,-117.001400000000,0,8,0,0,1,1,0,1,2,1,0,1,0,0000000,99,99,99,99,88,88,0,0,0,1,0
6,60611,2,2,0,0,0,2,2,37,2054,1,5,2016,1,2,20,0,2,2,1,3,SR-1,,419,34.03950000,-118.597872220000,0,12,2,0,1,1,0,1,3,1,0,1,0,0000000,99,99,99,99,88,88,0,0,0,1,2
6,60612,2,2,0,0,0,2,2,101,0,1,5,2016,1,19,49,0,1,7,2,4,CR-PASS ROAD,,0,39.18528611,-121.769375000000,0,1,0,0,8,1,0,1,1,1,0,1,0,0000000,99,99,99,99,88,88,0,0,0,1,1
6,60613,1,1,0,1,1,1,1,45,0,2,3,2016,4,21,18,0,1,3,1,3,SR-222,,10,39.13493611,-123.187636110000,0,8,0,0,1,1,0,1,2,2,0,2,0,0000000,99,99,99,99,88,88,0,0,0,1,0
6,60614,2,2,0,0,0,6,6,97,3490,10,1,2016,1,10,17,0,2,4,4,6,MONTECITO BLVD,BENICIA DRIVE,0,38.47331389,-122.675619440000,0,12,6,0,2,3,0,1,1,1,0,1,0,0000000,99,99,99,99,99,99,0,0,0,1,0
6,60615,1,1,0,1,1,2,2,73,3260,30,4,2016,7,20,53,0,2,4,4,6,LINDA VISTA RD,,0,32.76972778,-117.189555560000,0,8,0,0,1,1,0,1,3,1,0,1,0,0000000,99,99,99,99,99,99,0,0,0,1,0
6,60616,2,2,0,0,0,4,4,37,4120,20,2,2016,7,20,33,0,2,5,4,6,VINE AVE,,0,34.05748889,-117.911108330000,0,12,6,0,1,1,0,1,3,1,0,1,0,0000000,99,99,99,99,88,88,0,0,0,1,0
6,60617,2,2,0,0,0,4,4,29,240,26,3,2016,7,0,5,0,2,3,4,6,PANAMA LANE,COLONY STREET,0,35.29583333,-119.027200000000,0,12,6,0,2,2,0,1,3,1,0,1,0,0000000,99,99,99,99,99,99,0,0,0,1,1
6,60618,3,3,0,0,0,3,3,73,3260,23,4,2016,7,12,58,0,2,5,4,6,SANTA FE ST,,0,32.82452500,-117.230922220000,0,12,6,0,8,1,0,1,1,10,0,10,0,0000000,99,99,99,99,99,99,0,0,0,1,0
6,60619,2,2,0,0,0,2,2,77,0,2,5,2016,2,18,27,0,1,5,2,4,CR-ALPINE RD,,0,38.01716389,-121.207669440000,0,12,2,0,1,1,0,1,1,1,0,1,0,0000000,99,99,99,99,99,99,0,0,0,1,1
6,60620,1,1,0,0,0,1,1,11,0,10,5,2016,3,10,45,0,1,7,2,4,CR-DANLEY LATERAL ROAD,PRIVATE ROAD,0,39.22609722,-122.252577780000,0,1,0,0,3,3,0,5,1,1,0,1,0,0000000,99,99,99,99,88,88,0,0,0,1,0
6,60621,2,1,1,0,0,1,1,99,0,21,4,2016,5,10,45,0,1,5,2,4,CR-TOOMES RD,,0,37.69485556,-121.095613890000,0,14,0,0,1,1,0,6,1,10,0,10,0,0000000,99,99,99,99,99,99,0,0,0,1,0
6,60622,2,2,0,0,0,4,4,73,0,10,5,2016,3,12,35,0,1,2,1,3,SR-79,,458,33.37744444,-116.745608330000,0,12,2,0,1,1,0,1,1,1,0,1,0,0000000,99,99,99,99,88,88,0,0,0,1,0
6,60623,1,1,0,0,0,1,1,85,2182,20,4,2016,4,19,39,0,2,7,4,6,WINSOR ST,,0,37.43208889,-121.906372220000,0,19,0,0,1,1,0,4,1,1,0,1,0,0000000,99,99,99,99,99,99,0,0,0,1,1
6,60624,1,1,0,1,1,0,0,85,3790,21,4,2016,5,18,53,0,2,7,4,6,SHASTA FIR DRIVE,,0,37.36497500,-122.007661110000,0,8,0,0,1,1,0,1,1,1,0,1,0,0000000,99,99,99,99,99,99,0,0,0,1,0
6,60625,2,2,0,0,0,2,2,37,0,12,5,2016,5,14,50,0,2,5,4,6,C- GAGE ST,HOOPER AVE,0,33.98210278,-118.252075000000,0,12,6,0,2,2,0,1,1,1,0,1,0,0000000,99,99,99,99,88,88,0,0,0,1,0
6,60626,1,1,0,0,0,1,1,31,0,12,5,2016,5,13,0,0,1,5,2,4,CR-LAUREL AVE,,0,36.18939444,-119.871213890000,0,1,0,0,1,1,0,4,1,1,0,1,0,0000000,99,99,99,99,88,88,0,0,0,1,0
6,60627,2,2,0,0,0,2,2,107,2880,13,5,2016,6,1,42,0,2,4,4,6,MAIN ST,,0,36.06988056,-119.016219440000,0,12,1,0,1,1,0,1,3,1,0,1,0,0000000,99,99,99,99,99,99,0,0,0,1,0
6,60628,1,1,0,0,0,6,6,37,4190,26,4,2016,3,11,23,0,2,4,4,6,VILLAVERDE DR,,0,33.95873056,-117.999011110000,0,33,0,0,1,1,0,4,1,1,0,1,0,0000000,99,99,99,99,99,99,0,0,0,1,1
6,60629,3,3,0,0,0,6,6,1,0,26,2,2016,6,20,46,0,1,3,2,4,CR-CROW CYN RD,NORRIS CYN RD,0,37.73346389,-122.032444440000,0,12,7,0,3,3,0,1,2,1,0,1,0,0000000,99,99,99,99,99,99,0,0,0,2,1
6,60630,2,2,0,0,0,2,2,77,0,13,5,2016,6,3,55,0,1,4,2,4,CR-BYRON RD,,0,37.77561111,-121.519600000000,0,11,0,0,1,1,0,1,2,1,0,1,0,0000000,99,99,99,99,99,99,0,0,0,1,0
6,60631,2,2,0,0,0,4,4,71,0,3,4,2016,1,11,45,0,1,7,2,4,CR-ORD MOUNTAIN RD,,0,34.73393056,-116.700069440000,0,35,0,0,1,1,0,4,1,1,0,1,0,0000000,99,99,99,99,99,99,0,0,0,1,1