STATE,ST_CASE,VE_TOTAL,VE_FORMS,PVH_INVL,PEDS,PERNOTMVIT,PERMVIT,PERSONS,COUNTY,CITY,DAY,MONTH,YEAR,DAY_WEEK,HOUR,MINUTE,NHS,RUR_URB,FUNC_SYS,RD_OWNER,ROUTE,TWAY_ID,TWAY_ID2,MILEPT,LATITUDE,LONGITUD,SP_JUR,HARM_EV,MAN_COLL,RELJCT1,RELJCT2,TYP_INT,WRK_ZONE,REL_ROAD,LGT_COND,WEATHER1,WEATHER2,WEATHER,SCH_BUS,RAIL,NOT_HOUR,NOT_MIN,ARR_HOUR,ARR_MIN,HOSP_HR,HOSP_MN,CF1,CF2,CF3,FATALS,DRUNK_DR
6,60632,1,1,0,1,1,1,1,37,1980,18,4,2016,2,9,0,0,2,7,4,6,CERES AVE,,0,34.03731389,-118.241911110000,0,8,0,0,1,1,0,1,1,98,0,98,0,0000000,99,99,99,99,99,99,0,0,0,1,0
6,60633,1,1,0,1,1,2,2,37,1980,23,5,2016,2,22,0,0,2,4,4,6,VAN OWEN ST,,0,34.19377222,-118.587205560000,0,8,0,0,1,1,0,1,3,1,0,1,0,0000000,99,99,99,99,88,88,0,0,0,1,0
6,60634,1,1,0,0,0,1,1,45,0,13,5,2016,6,14,10,1,1,2,1,2,US-101,,568,39.53248056,-123.404502780000,0,42,0,0,1,1,0,4,1,1,0,1,0,0000000,99,99,99,99,88,88,0,0,0,1,0
6,60635,1,1,0,0,0,3,3,31,0,13,5,2016,6,22,5,0,1,7,2,4,CR-FRONT,,0,36.31509167,-119.712141670000,0,30,0,0,1,1,0,4,2,1,0,1,0,0000000,99,99,99,99,99,99,0,0,0,1,0
6,60636,2,2,0,0,0,5,5,39,0,20,5,2016,6,21,50,1,1,2,1,3,SR-41,,182,37.12824722,-119.735683330000,0,12,1,0,1,1,0,1,2,1,0,1,0,0000000,99,99,99,99,99,99,0,0,0,1,1
6,60637,3,3,0,0,0,5,5,73,3260,17,5,2016,3,14,21,0,2,4,4,6,POWAY RD,,0,32.94643889,-117.101044440000,0,12,8,0,1,1,0,1,1,10,0,10,0,0000000,99,99,99,99,99,99,14,0,0,1,0
6,60638,2,2,0,0,0,8,8,19,0,30,4,2016,7,17,50,0,1,6,2,4,CR-HENDERSON RD,CR-LINCOLN AVE,0,36.64790833,-119.957038890000,0,12,6,0,2,2,0,1,1,1,0,1,0,0000000,99,99,99,99,99,99,0,0,0,2,0
6,60639,2,2,0,0,0,2,2,31,0,26,5,2016,5,18,37,0,1,4,2,4,CR-EXCELSIOR AVE,13 1/4 AVE,0,36.40121667,-119.695425000000,0,12,6,0,2,3,0,1,1,1,0,1,0,0000000,99,99,99,99,88,88,0,0,0,1,0
6,60640,2,2,0,0,0,5,5,79,0,25,5,2016,4,14,20,0,1,2,1,3,SR-1,,672,35.71390556,-121.304938890000,0,12,2,0,1,1,0,1,1,1,0,1,0,0000000,99,99,99,99,99,99,0,0,0,1,0
6,60641,1,1,0,1,1,1,1,111,0,26,1,2016,3,13,26,0,1,4,2,4,CR-EL ROBLAR DR,,0,34.26533611,-119.162958330000,0,9,0,0,1,1,0,1,1,1,0,1,0,0000000,99,99,99,99,99,99,0,0,0,1,0
6,60642,2,1,1,0,0,3,3,37,1980,24,5,2016,3,1,50,0,2,3,4,6,WILSHIRE BL,,0,34.06751111,-118.427400000000,0,14,0,0,1,1,0,5,3,1,0,1,0,0000000,99,99,99,99,99,99,0,0,0,1,1
6,60643,2,2,0,0,0,2,2,1,1560,4,2,2016,5,6,0,1,2,1,1,1,I-880,,167,37.64366111,-122.093161110000,0,12,1,0,1,1,0,1,2,1,0,1,0,0000000,99,99,99,99,88,88,14,0,0,1,0
6,60644,1,1,0,0,0,1,1,85,3340,1,3,2016,3,9,45,0,2,3,4,6,N CAPITOL AVE,MCKEE RD,0,37.37019444,-121.843105560000,0,30,0,0,3,2,0,4,1,1,0,1,0,0000000,99,99,99,99,99,99,0,0,0,1,0
6,60645,2,2,0,0,0,2,2,81,2140,6,4,2016,4,13,0,1,2,2,1,2,US-101,,54,37.48773611,-122.207000000000,0,12,1,0,1,1,0,1,1,1,0,1,0,0000000,99,99,99,99,99,99,0,0,0,1,0
6,60646,1,1,0,1,1,2,2,67,0,12,4,2016,3,21,38,0,1,3,2,4,CR-ELKHORN BLVD,,0,38.68399167,-121.461008330000,0,8,0,0,1,1,0,1,2,1,0,1,0,0000000,99,99,99,99,99,99,0,0,0,1,0
6,60647,1,1,0,0,0,4,4,65,850,22,4,2016,6,21,22,1,2,1,1,1,I-15,,408,33.86967778,-117.544108330000,0,25,0,0,1,1,1,5,3,1,0,1,0,0000000,99,99,99,99,99,99,0,0,0,2,1
6,60648,2,2,0,0,0,2,2,13,3010,5,2,2016,6,8,12,0,2,3,4,6,CUTTING BLVD,S 13TH ST,0,37.92517778,-122.356919440000,0,12,6,0,2,2,0,1,1,10,0,10,0,0000000,99,99,99,99,88,88,0,0,0,1,0
6,60649,3,3,0,0,0,6,6,37,1440,24,2,2016,4,9,35,1,2,1,1,1,I-210,,447,34.12031944,-117.820363890000,0,12,1,0,1,1,0,1,1,1,0,1,0,0000000,99,99,99,99,99,99,28,0,0,2,0
6,60650,1,1,0,0,0,4,4,111,0,22,1,2016,6,1,10,0,1,2,1,3,SR-33,,160,34.49047500,-119.305497220000,0,35,0,0,1,1,0,4,2,1,0,1,0,0000000,99,99,99,99,99,99,0,0,0,1,1
6,60651,2,2,0,0,0,2,2,37,1980,23,5,2016,2,6,9,0,2,3,4,6,TELEGRAPH RD,LEFFINGWELL RD,0,33.92416389,-118.023158330000,0,12,6,0,2,2,0,1,1,10,0,10,0,0000000,99,99,99,99,88,88,0,0,0,1,1
6,60652,1,1,0,0,0,1,1,65,0,8,4,2016,6,17,42,0,1,2,1,3,SR-74,,856,33.62490278,-116.404266670000,0,1,0,0,1,1,0,5,1,10,0,10,0,0000000,99,99,99,99,88,88,0,0,0,1,0
6,60653,1,1,0,0,0,1,1,17,0,14,5,2016,7,17,47,1,1,2,1,2,US-50,,501,38.80250000,-120.121850000000,0,5,0,0,1,1,0,1,1,10,0,10,0,0000000,99,99,99,99,88,88,0,0,0,1,0
6,60654,1,1,0,0,0,1,1,37,1980,15,5,2016,1,99,99,0,2,5,4,6,BUSINESS CENTER PARKWAY,AVENUE K-15,0,34.66326111,-118.124805560000,0,33,0,0,1,1,0,4,3,1,0,1,0,0000000,99,99,99,99,88,88,0,0,0,1,0
6,60655,1,1,0,0,0,3,3,27,0,21,5,2016,7,15,35,1,1,2,1,2,US-395,,215,36.09663611,-117.965105560000,0,1,0,0,1,1,0,3,1,1,0,1,0,0000000,99,99,99,99,99,99,0,0,0,1,1
6,60656,1,1,0,0,0,2,2,55,0,16,4,2016,7,1,10,0,1,7,2,4,CR-WASHINGTON ST,,0,38.41180000,-122.380341670000,0,42,0,0,1,1,0,4,2,1,0,1,0,0000000,99,99,99,99,88,88,0,0,0,1,1
6,60657,1,1,0,0,0,1,1,7,0,20,5,2016,6,21,50,0,1,7,2,4,CR-MERIDIAN RD,,0,39.82325278,-121.919525000000,0,35,0,0,1,1,0,4,2,2,10,2,0,0000000,99,99,99,99,88,88,0,0,0,1,1
6,60658,1,1,0,0,0,1,1,29,0,9,5,2016,2,21,40,0,1,2,1,3,SR-155,BROWNING ROAD,15,35.76141944,-119.223133330000,0,30,0,0,3,2,0,4,3,1,0,1,0,0000000,99,99,99,99,99,99,0,0,0,1,1
6,60659,1,1,0,0,0,3,3,31,0,30,5,2016,2,18,13,0,1,7,2,4,CR-7TH AVE,,0,36.29994167,-119.582938890000,0,42,0,0,1,1,0,4,1,1,0,1,0,0000000,99,99,99,99,99,99,0,0,0,1,0
6,60660,5,1,4,1,1,2,2,37,1980,19,5,2016,5,5,40,0,2,3,4,6,WOODMAN AVE,,0,34.21639167,-118.430888890000,0,9,0,0,1,1,0,1,4,10,0,10,0,0000000,99,99,99,99,88,88,14,0,0,1,0
6,60661,1,1,0,0,0,1,1,31,0,31,5,2016,3,12,50,0,1,4,2,4,CR-EXCELSIOR AVE,,0,36.40112500,-119.648500000000,0,30,0,0,1,1,0,4,1,1,0,1,0,0000000,99,99,99,99,88,88,0,0,0,1,0
6,60662,1,1,0,0,0,1,1,47,0,28,3,2016,2,16,34,0,1,2,1,3,SR-59,FREITAS AVE,66,37.17924722,-120.491872220000,0,38,0,0,3,3,0,4,1,10,0,10,0,0000000,99,99,99,99,88,88,0,0,0,1,0
6,60663,2,2,0,0,0,6,6,73,0,21,2,2016,1,21,30,1,1,1,1,1,I-15,,396,33.23514167,-117.148027780000,0,12,1,0,1,1,0,1,2,1,0,1,0,0000000,99,99,99,99,99,99,0,0,0,1,1
6,60664,1,1,0,0,0,1,1,59,1713,20,2,2016,7,3,57,0,2,2,1,3,SR-73,,224,33.63090000,-117.842280560000,0,18,0,0,1,1,0,4,3,1,0,1,0,0000000,99,99,99,99,99,99,0,0,0,1,0
6,60665,2,2,0,0,0,3,3,115,0,13,5,2016,6,19,28,0,1,5,2,4,CR-LA PORTE RD,,0,39.54691944,-121.143088890000,0,12,2,0,1,1,0,1,1,1,0,1,0,0000000,99,99,99,99,88,88,0,0,0,1,0
6,60666,1,1,0,0,0,2,2,65,0,28,5,2016,7,1,6,0,1,7,2,4,CR-68TH AVE,,0,33.55472500,-116.164855560000,0,52,0,0,1,1,0,4,2,1,0,1,0,0000000,99,99,99,99,99,99,0,0,0,1,1
6,60667,2,2,0,0,0,4,4,47,0,13,2,2016,7,7,35,0,1,2,1,3,SR-59,,86,37.20776667,-120.488097220000,0,12,6,0,4,1,0,1,1,5,0,5,0,0000000,99,99,99,99,99,99,0,0,0,2,0
6,60668,1,1,0,1,1,1,1,1,2480,22,3,2016,3,5,8,1,2,1,1,1,I-880,,329,37.80196111,-122.297880560000,0,8,0,0,1,1,0,1,2,10,0,10,0,0000000,99,99,99,99,88,88,0,0,0,1,0
6,60669,1,1,0,0,0,3,3,15,0,13,3,2016,1,10,10,1,1,3,1,2,US-101,,4,41.47059444,-124.041694440000,0,42,0,0,1,1,0,4,1,10,2,2,0,0000000,99,99,99,99,99,99,0,0,0,1,0
6,60670,1,1,0,0,0,1,1,15,0,15,5,2016,1,0,25,1,1,3,1,2,US-199,,284,41.90228056,-123.768683330000,0,35,0,0,1,1,0,4,2,1,0,1,0,0000000,99,99,99,99,88,88,0,0,0,1,0
6,60671,1,1,0,1,1,1,1,23,0,16,4,2016,7,22,56,1,1,3,1,2,US-101,,745,40.75353611,-124.191800000000,0,8,0,0,1,1,0,1,2,1,0,1,0,0000000,99,99,99,99,88,88,0,0,0,1,0
6,60672,2,2,0,0,0,2,2,23,0,13,5,2016,6,15,24,1,1,3,1,2,US-101,,424,40.42053333,-123.981580560000,0,12,2,0,1,1,0,1,1,1,0,1,0,0000000,99,99,99,99,99,99,0,0,0,1,0
6,60673,2,2,0,0,0,2,2,103,0,21,6,2016,3,4,50,0,1,3,2,4,CR-ROAD 99W,TYLER RD,0,40.13363889,-122.206500000000,0,12,2,0,3,3,0,1,2,1,0,1,0,0000000,99,99,99,99,99,99,0,0,0,1,0
6,60674,2,2,0,0,0,2,2,89,0,5,5,2016,5,20,35,1,1,1,1,1,I-5,,288,40.76752222,-122.318102780000,0,12,2,0,1,1,0,1,2,2,0,2,0,0000000,99,99,99,99,88,88,0,0,0,1,0
6,60675,1,1,0,0,0,2,2,89,90,16,5,2016,2,13,5,1,2,1,1,1,I-5 RAMP,,69,40.46922500,-122.309111110000,0,1,0,1,5,1,0,8,1,1,0,1,0,0000000,99,99,99,99,99,99,0,0,0,2,1
6,60676,1,1,0,0,0,1,1,103,0,16,6,2016,5,13,0,0,1,4,1,3,SR-36,,1027,40.25977778,-121.394241670000,0,42,0,0,1,1,0,4,1,10,0,10,0,0000000,99,99,99,99,88,88,0,0,0,1,0
6,60678,2,2,0,0,0,3,3,45,0,26,2,2016,6,19,45,0,2,5,2,4,CR-VICHY SPRINGS ROAD,,0,39.15930556,-123.185697220000,0,41,0,0,1,1,0,4,2,10,0,10,0,0000000,99,99,99,99,99,99,0,0,0,1,1
6,60679,2,2,0,0,0,2,2,45,0,21,5,2016,7,16,45,0,1,2,1,3,SR-20,,82,39.37720278,-123.687750000000,0,12,6,0,1,1,0,1,1,1,0,1,0,0000000,99,99,99,99,88,88,0,0,0,1,1
6,60680,1,1,0,0,0,1,1,63,0,7,5,2016,7,20,17,0,1,2,1,3,SR-70,,472,39.93287500,-120.876352780000,0,31,0,0,1,1,0,4,5,10,0,10,0,0000000,99,99,99,99,88,88,0,0,0,1,1
6,60681,1,1,0,2,2,1,1,61,0,3,4,2016,1,17,15,0,1,2,1,3,SR-49,,70,38.95100556,-121.100161110000,0,8,0,0,1,1,0,2,1,1,0,1,0,0000000,99,99,99,99,99,99,19,0,0,2,1
6,60682,2,2,0,0,0,2,2,61,0,4,4,2016,2,12,23,1,1,1,1,1,I-80,,473,39.21885000,-120.773319440000,0,12,1,0,1,1,0,1,1,1,0,1,0,0000000,99,99,99,99,99,99,0,0,0,1,0
6,60683,1,1,0,0,0,1,1,61,0,9,5,2016,2,15,30,1,1,1,1,1,I-80,,519,39.26916111,-120.719769440000,0,59,0,0,1,1,0,4,1,10,0,10,0,0000000,99,99,99,99,88,88,0,0,0,1,0
6,60685,1,1,0,0,0,4,4,65,0,3,6,2016,6,20,30,0,1,2,1,3,SR-74,,856,33.62490278,-116.404266670000,0,1,0,0,1,1,0,4,1,10,0,10,0,0000000,99,99,99,99,99,99,0,0,0,2,0
6,60687,1,1,0,0,0,1,1,61,0,18,3,2016,6,0,20,0,1,3,1,3,SR-174,,13,39.11585278,-120.949450000000,0,35,0,0,1,1,0,4,2,1,0,1,0,0000000,99,99,99,99,88,88,0,0,0,1,0
6,60688,1,1,0,0,0,1,1,57,0,18,4,2016,2,2,8,0,1,2,1,3,SR-20,,41,39.20098889,-121.214341670000,0,31,0,0,1,1,0,4,2,1,0,1,0,0000000,99,99,99,99,88,88,0,0,0,1,0
6,60689,3,3,0,0,0,5,5,57,0,17,6,2016,6,9,30,1,1,2,1,3,SR-20,,233,39.28675000,-120.944830560000,0,12,1,0,1,1,0,1,1,10,0,10,0,0000000,99,99,99,99,88,88,0,0,0,1,0
6,60690,1,1,0,0,0,1,1,7,660,19,6,2016,1,15,38,1,2,3,1,3,SR-99,,331,39.74277500,-121.827933330000,0,1,0,0,1,1,0,3,1,1,0,1,0,0000000,99,99,99,99,99,99,0,0,0,1,0
6,60691,1,1,0,0,0,1,1,17,0,25,5,2016,4,10,25,0,1,4,2,4,CR-SLY PARK RD,,0,38.71980556,-120.577125000000,0,38,0,0,1,1,0,4,1,1,0,1,0,0000000,99,99,99,99,99,99,0,0,0,1,0
6,60692,1,1,0,1,1,1,1,67,0,3,1,2016,1,22,2,0,1,3,2,4,CR-AUBURN BLVD,,0,38.66130278,-121.346325000000,0,8,0,0,1,1,0,1,3,1,0,1,0,0000000,99,99,99,99,99,99,0,0,0,1,0
6,60693,1,1,0,1,1,1,1,67,0,11,3,2016,6,3,29,0,2,4,2,4,CR-ROSEVILLE RD,,0,38.68560000,-121.354038890000,0,8,0,0,1,1,0,1,3,10,0,10,0,0000000,99,99,99,99,99,99,0,0,0,1,0
6,60694,2,2,0,0,0,2,2,67,0,13,3,2016,1,6,0,1,1,1,1,1,I-80,,43,38.63894167,-121.490227780000,0,12,6,0,1,1,1,1,3,10,2,2,0,0000000,99,99,99,99,88,88,0,0,0,1,0
6,60695,1,1,0,1,1,1,1,67,9999,16,4,2016,7,1,0,0,1,3,2,4,CR-WATT AVE,,0,38.62317500,-121.382880560000,0,8,0,0,1,1,0,2,3,1,0,1,0,0000000,99,99,99,99,88,88,0,0,0,1,1
6,60696,1,1,0,0,0,1,1,67,0,10,5,2016,3,1,0,1,1,1,1,1,I-80 RAMP,,145,38.68355833,-121.337177780000,0,33,0,0,5,1,0,8,3,1,0,1,0,0000000,99,99,99,99,99,99,0,0,0,1,0
6,60697,1,1,0,1,1,2,2,67,0,8,4,2016,6,6,17,0,1,3,2,4,CR-POWER INN ROAD,CR BLACKHAWK DR,0,38.49286667,-121.408930560000,0,9,0,0,2,3,0,1,3,1,0,1,0,0000000,99,99,99,99,99,99,0,0,0,1,0
6,60698,1,1,0,1,1,1,1,67,0,20,4,2016,4,20,56,0,1,3,2,4,CR-EXCELSIOR ROAD,,0,38.47998889,-121.297644440000,0,8,0,0,1,1,0,1,2,1,0,1,0,0000000,99,99,99,99,88,88,0,0,0,1,0
6,60699,1,1,0,1,1,2,2,67,0,4,5,2016,4,1,19,1,1,1,1,1,I-5,,72,38.36537778,-121.474530560000,0,8,0,0,1,1,0,1,2,1,0,1,0,0000000,99,99,99,99,88,88,19,0,0,1,0
6,60700,2,1,1,0,0,1,1,9,0,27,6,2016,2,17,30,0,1,5,2,4,CR-JESUS MARIA RD,,0,38.28182778,-120.542672220000,0,14,0,0,1,1,0,5,1,1,0,1,0,0000000,99,99,99,99,88,88,0,0,0,1,1
6,60701,2,2,0,0,0,4,4,67,0,16,4,2016,7,23,35,0,1,3,2,4,CR-FAIR OAKS BLVD,SUNRISE BLVD,0,38.64008889,-121.271716670000,0,12,6,0,2,2,0,1,3,1,0,1,0,0000000,99,99,99,99,99,99,0,0,0,1,1
6,60703,1,1,0,1,1,1,1,77,0,27,4,2016,4,13,17,1,1,3,1,3,SR-88,,134,38.15080556,-121.157166670000,0,9,0,0,1,1,0,1,1,1,0,1,0,0000000,99,99,99,99,99,99,0,0,0,1,0
6,60704,2,2,0,0,0,2,2,77,0,9,5,2016,2,16,0,0,1,5,2,4,CR-FAIRCHILD RD,CR-BEECHER RD,0,38.01454444,-121.168183330000,0,12,6,0,2,2,0,1,1,1,0,1,0,0000000,99,99,99,99,88,88,0,0,0,1,0
6,60705,1,1,0,1,1,1,1,77,0,28,5,2016,7,5,58,0,1,3,2,7,SR-99 W FRONTAGE RD,,0,37.92843889,-121.232605560000,0,9,0,0,1,1,0,1,1,1,0,1,0,0000000,99,99,99,99,99,99,0,0,0,1,0
6,60706,2,2,0,0,0,2,2,77,0,26,5,2016,5,17,45,0,1,3,2,4,CR-GRANT LINE ROAD,G ST,0,37.75452778,-121.371000000000,0,12,6,0,2,3,0,1,1,1,0,1,0,0000000,99,99,99,99,99,99,0,0,0,1,0
6,60707,1,1,0,0,0,3,3,113,0,26,3,2016,7,18,52,0,1,4,2,4,CR-SOUTH RIVER RD,,0,38.38746111,-121.516369440000,0,59,0,0,1,1,0,4,1,1,0,1,0,0000000,99,99,99,99,99,99,0,0,0,1,1
6,60708,1,1,0,1,1,2,2,113,0,2,4,2016,7,22,54,0,1,2,1,3,SR-16,,334,38.67693056,-121.932872220000,0,8,0,0,1,1,0,1,2,1,0,1,0,0000000,99,99,99,99,88,88,0,0,0,1,0
6,60709,2,2,0,0,0,3,3,113,0,3,4,2016,1,15,5,0,1,2,1,3,SR-16,,34,38.54460000,-121.172400000000,0,1,0,0,1,1,0,1,1,1,0,1,0,0000000,99,99,99,99,88,88,0,0,0,1,0
6,60710,2,2,0,0,0,2,2,113,0,5,4,2016,3,7,30,0,1,4,2,4,CR-SOUTH RIVER ROAD,,0,38.46988056,-121.506611110000,0,12,2,0,1,1,0,1,1,1,0,1,0,0000000,99,99,99,99,99,99,0,0,0,1,1
6,60711,1,1,0,0,0,3,3,113,4163,15,4,2016,6,2,0,1,2,2,1,2,US-50,,16,38.57513889,-121.541758330000,0,33,0,0,1,1,0,4,2,1,0,1,0,0000000,99,99,99,99,99,99,0,0,0,1,1
6,60712,1,1,0,0,0,3,3,5,0,16,4,2016,7,23,10,1,1,2,1,3,SR-88,,631,38.63876944,-120.138161110000,0,1,0,0,1,1,0,1,2,1,0,1,0,0000000,99,99,99,99,99,99,0,0,0,1,1
6,60713,5,5,0,0,0,5,5,13,0,21,4,2016,5,3,20,1,1,1,1,1,I-80,,126,38.04329167,-122.240716670000,0,12,1,0,1,1,1,1,3,10,0,10,0,0000000,99,99,99,99,88,88,0,0,0,1,0
6,60714,1,1,0,0,0,1,1,13,110,12,6,2016,1,1,3,1,2,2,1,3,SR-4,,274,37.99803056,-121.814622220000,0,24,0,0,1,1,0,4,2,1,0,1,0,0000000,99,99,99,99,88,88,0,0,0,1,1
6,60715,1,1,0,0,0,7,7,55,0,28,3,2016,2,13,50,0,1,5,2,4,CR-DEER PARK RD,,0,38.53810278,-122.469038890000,0,17,0,0,1,1,0,4,1,1,0,1,0,0000000,99,99,99,99,99,99,0,0,0,1,0
6,60716,1,1,0,0,0,1,1,81,0,9,2,2016,3,99,99,0,1,3,1,3,SR-35,,91,37.37192500,-122.252833330000,0,43,0,0,1,1,0,4,2,1,0,1,0,0000000,99,99,99,99,88,88,0,0,0,1,1
6,60717,1,1,0,1,1,1,1,81,0,8,4,2016,6,7,10,0,1,5,2,4,CR-MIDDLEFIELD RD,DUMBARTON AVE,0,37.47510000,-122.209069440000,0,9,0,0,3,2,0,1,1,10,0,10,0,0000000,99,99,99,99,99,99,0,0,0,1,0
6,60718,2,2,0,0,0,2,2,81,0,26,3,2016,7,15,26,0,1,2,1,3,SR-1,,59,37.16790000,-122.361561110000,0,12,6,0,8,1,0,1,1,1,0,1,0,0000000,99,99,99,99,99,99,0,0,0,1,0
6,60719,1,1,0,0,0,1,1,81,0,7,5,2016,7,11,55,0,1,3,1,3,SR-35,,29,37.31376667,-122.180950000000,0,35,0,0,1,1,0,4,1,10,2,2,0,0000000,99,99,99,99,88,88,0,0,0,1,0
6,60720,1,1,0,0,0,1,1,81,0,19,5,2016,5,3,40,0,1,2,1,3,SR-35,,28,37.31391944,-122.181180560000,0,42,0,0,1,1,0,4,2,10,0,10,0,0000000,99,99,99,99,88,88,0,0,0,1,1
6,60721,1,1,0,0,0,1,1,81,0,27,5,2016,6,19,50,1,1,1,1,1,I-280 RAMP,,12,37.41926389,-122.217988890000,0,24,0,0,5,1,0,4,5,1,0,1,0,0000000,99,99,99,99,99,99,0,0,0,1,0
6,60723,1,1,0,1,1,1,1,85,3340,21,2,2016,1,4,13,1,2,2,1,3,SR-87,,51,37.32400833,-121.892122220000,0,8,0,0,1,1,0,1,2,10,0,10,0,0000000,99,99,99,99,88,88,0,0,0,1,0
6,60724,2,2,0,0,0,2,2,85,537,4,3,2016,6,17,48,0,2,2,1,3,SR-17,,121,37.29131667,-121.936977780000,0,12,1,0,1,1,0,1,1,10,0,10,0,0000000,99,99,99,99,99,99,0,0,0,1,0
6,60725,1,1,0,0,0,1,1,85,0,16,3,2016,4,0,30,0,2,2,1,3,SR-9,,97,37.24184167,-122.003458330000,0,42,0,0,1,1,0,3,3,1,0,1,0,0000000,99,99,99,99,88,88,0,0,0,1,1
6,60726,1,1,0,0,0,1,1,85,537,19,3,2016,7,14,5,0,2,2,4,6,SAN TOMAS EXPY RAMP,,0,37.27343056,-121.952569440000,0,25,0,1,5,1,0,4,1,1,0,1,0,0000000,99,99,99,99,88,88,0,0,0,1,0
6,60727,2,1,1,2,3,1,2,95,1260,26,3,2016,7,19,50,1,2,1,1,1,I-80,,143,38.23028056,-122.114852780000,0,14,0,0,1,1,0,2,3,1,0,1,0,0000000,99,99,99,99,99,99,23,0,0,1,1
6,60728,2,2,0,0,0,2,2,95,0,24,5,2016,3,21,0,0,1,5,2,4,CR-TUBBS RD,,0,38.46631389,-121.942475000000,0,12,8,0,1,1,0,1,2,1,0,1,0,0000000,99,99,99,99,88,88,0,0,0,1,2
6,60729,2,2,0,0,0,5,5,1,0,4,6,2016,7,17,50,0,1,7,2,4,CR-PASEO GRANDE,PASEO DEL CAMPO,0,37.67732222,-122.133438890000,0,12,6,0,2,2,0,1,1,1,0,1,0,0000000,99,99,99,99,99,99,0,0,0,1,1
6,60730,2,2,0,0,0,3,3,13,975,22,4,2016,6,11,2,1,2,1,1,1,I-680,,62,37.80296944,-121.989113890000,0,25,0,0,1,1,0,3,1,2,10,2,0,0000000,99,99,99,99,99,99,0,0,0,1,0
6,60732,2,2,0,0,0,2,2,29,0,14,5,2016,7,23,15,0,1,2,1,3,SR-119,,255,35.26716944,-119.121750000000,0,12,1,0,1,1,0,1,2,1,0,1,0,0000000,99,99,99,99,99,99,0,0,0,1,1
6,60733,1,1,0,0,0,4,4,29,0,4,6,2016,7,2,5,1,1,2,1,3,SR-46,,460,35.60138889,-119.421344440000,0,1,0,0,1,1,0,4,2,1,0,1,0,0000000,99,99,99,99,88,88,0,0,0,2,0
6,60734,1,1,0,0,0,6,6,29,0,5,6,2016,1,1,35,0,1,3,2,4,CR-WIBLE RD,HERRING RD,0,35.15138056,-119.039208330000,0,35,0,0,3,3,0,4,2,1,0,1,0,0000000,99,99,99,99,88,88,0,0,0,1,0
6,60735,2,2,0,0,0,3,3,29,0,14,5,2016,7,18,2,0,1,3,1,3,SR-119,,65,35.20606389,-119.410516670000,0,12,1,0,1,1,0,1,1,1,0,1,0,0000000,99,99,99,99,88,88,0,0,0,1,1
6,60736,1,1,0,0,0,2,2,29,0,28,5,2016,7,17,30,0,1,2,1,3,SR-33,,717,35.76214167,-119.966777780000,0,1,0,0,1,1,0,1,1,1,0,1,0,0000000,99,99,99,99,88,88,0,0,0,1,1
6,60737,1,1,0,0,0,2,2,29,0,10,5,2016,3,23,47,0,1,2,1,3,SR-166,,236,35.05935278,-118.986655560000,0,21,0,0,1,1,0,4,2,1,0,1,0,0000000,99,99,99,99,99,99,0,0,0,1,0
6,60738,2,2,0,0,0,7,7,37,0,15,5,2016,1,11,30,1,1,1,1,1,I-5 (GOLDEN STATE FREEWAY),,874,34.80425000,-118.878280560000,0,24,0,0,1,1,0,3,1,1,0,1,0,0000000,99,99,99,99,99,99,0,0,0,1,0
6,60739,1,1,0,0,0,1,1,19,0,12,3,2016,7,18,14,1,1,2,1,3,SR-180,,664,36.73645833,-119.650363890000,0,1,0,0,1,1,0,4,5,10,0,10,0,0000000,99,99,99,99,88,88,0,0,0,1,1
6,60742,2,2,0,0,0,3,3,19,1370,7,5,2016,7,23,30,0,1,2,1,3,SR-180,,381,36.73463611,-120.141319440000,0,12,6,0,1,1,0,1,2,1,0,1,0,0000000,99,99,99,99,99,99,0,0,0,1,0
6,60743,2,2,0,0,0,2,2,19,0,16,5,2016,2,19,7,0,1,4,2,4,CR-NORTH AVE,VALENTINE AVE,0,36.69213889,-119.853436110000,0,12,6,0,2,2,0,1,1,1,0,1,0,0000000,99,99,99,99,99,99,0,0,0,1,0
6,60744,1,1,0,0,0,1,1,19,0,28,5,2016,7,15,55,0,1,6,2,4,CR-HUNTINGTON LAKE RD,,0,37.19058889,-119.270111110000,0,42,0,0,1,1,0,4,1,1,0,1,0,0000000,99,99,99,99,99,96,0,0,0,1,0
6,60746,2,2,0,0,0,3,3,31,0,25,5,2016,4,14,22,0,1,7,2,4,CR-15TH AVE,LACEY BLVD,0,36.32810278,-119.726958330000,0,12,6,0,2,2,0,1,1,1,0,1,0,0000000,99,99,99,99,99,99,0,0,0,1,0
6,60747,1,1,0,0,0,1,1,31,0,5,6,2016,1,18,49,0,1,3,2,4,CR-EXCELSIOR AVE,,0,36.40114167,-119.716402780000,0,42,0,0,1,1,0,4,1,1,0,1,0,0000000,99,99,99,99,88,88,0,0,0,1,0