STATE,ST_CASE,VE_TOTAL,VE_FORMS,PVH_INVL,PEDS,PERNOTMVIT,PERMVIT,PERSONS,COUNTY,CITY,DAY,MONTH,YEAR,DAY_WEEK,HOUR,MINUTE,NHS,RUR_URB,FUNC_SYS,RD_OWNER,ROUTE,TWAY_ID,TWAY_ID2,MILEPT,LATITUDE,LONGITUD,SP_JUR,HARM_EV,MAN_COLL,RELJCT1,RELJCT2,TYP_INT,WRK_ZONE,REL_ROAD,LGT_COND,WEATHER1,WEATHER2,WEATHER,SCH_BUS,RAIL,NOT_HOUR,NOT_MIN,ARR_HOUR,ARR_MIN,HOSP_HR,HOSP_MN,CF1,CF2,CF3,FATALS,DRUNK_DR
6,60749,2,2,0,0,0,3,3,39,0,14,5,2016,7,17,17,0,1,4,2,4,CR-AVENUE 9,,0,36.88019722,-119.829530560000,0,12,6,0,1,1,0,1,1,1,0,1,0,0000000,99,99,99,99,99,99,0,0,0,1,0
6,60750,1,1,0,0,0,1,1,39,2050,3,6,2016,6,17,3,1,2,2,1,3,SR-99 RAMP,,144,36.99661667,-120.101638890000,0,24,0,0,5,1,0,4,1,1,0,1,0,0000000,99,99,99,99,88,88,0,0,0,1,0
6,60751,1,1,0,0,0,1,1,43,0,16,5,2016,2,16,0,1,1,2,1,3,SR-140,,155,37.47587222,-120.039552780000,0,42,0,0,1,1,0,4,1,1,0,1,0,0000000,99,99,99,99,88,88,0,0,0,1,0
6,60752,2,2,0,0,0,2,2,47,0,5,4,2016,3,13,55,0,1,5,2,4,CR-EL CAPITAN WY,,0,37.43378056,-120.687711110000,0,12,1,0,8,1,0,1,1,1,0,1,0,0000000,99,99,14,3,88,88,14,0,0,1,0
6,60753,2,2,0,0,0,4,4,47,0,14,4,2016,5,14,0,0,1,2,1,3,SR-59,,106,37.23825833,-120.488080560000,0,12,2,0,1,1,0,4,1,1,0,1,0,0000000,99,99,99,99,99,99,0,0,0,2,0
6,60754,3,3,0,0,0,4,4,19,0,21,6,2016,3,22,30,1,1,1,1,1,I-5,,613,36.79278333,-120.734600000000,0,12,1,0,1,1,0,1,2,1,0,1,0,0000000,99,99,99,99,99,99,14,0,0,1,1
6,60755,1,1,0,0,0,4,4,47,0,26,6,2016,1,1,0,0,1,2,1,3,SR-165,,206,37.22743333,-120.852044440000,0,35,0,0,1,1,0,4,2,1,0,1,0,0000000,99,99,99,99,99,99,0,0,0,1,1
6,60757,1,1,0,0,0,2,2,99,0,31,3,2016,5,23,0,0,1,3,2,4,CR-TAYLOR ROAD,,0,37.53660833,-121.002244440000,0,1,0,0,1,1,0,4,2,1,0,1,0,0000000,99,99,99,99,99,99,0,0,0,1,1
6,60758,2,2,0,0,0,3,3,99,0,22,4,2016,6,16,43,1,1,1,1,1,I-5,,269,37.57928056,-121.318766670000,0,12,7,0,1,1,0,1,1,1,0,1,0,0000000,99,99,99,99,99,99,0,0,0,1,0
6,60759,2,2,0,0,0,5,5,107,0,7,2,2016,1,14,9,0,2,6,2,4,CR-136,,0,35.94187222,-119.268227780000,0,12,6,0,1,1,0,1,1,10,0,10,0,0000000,14,14,14,24,88,88,0,0,0,1,0
6,60760,1,1,0,0,0,1,1,107,0,20,5,2016,6,0,18,0,1,2,1,3,SR-63,,155,36.43363889,-119.295761110000,0,42,0,0,1,1,0,4,2,1,0,1,0,0000000,99,99,99,99,99,99,0,0,0,1,0
6,60761,1,1,0,1,1,1,1,107,0,24,5,2016,3,5,38,0,1,2,1,3,SR-201,,9,36.51786944,-119.521861110000,0,9,0,0,1,1,0,1,4,10,0,10,0,0000000,99,99,99,99,88,88,0,0,0,1,0
6,60763,1,1,0,0,0,5,5,19,0,22,4,2016,6,16,30,1,1,1,1,1,I-5,,330,36.47135000,-120.427311110000,0,1,0,0,1,1,0,3,1,1,0,1,0,0000000,99,99,99,99,99,99,0,0,0,2,0
6,60764,2,2,0,0,0,9,9,19,0,15,5,2016,1,18,45,1,1,3,1,3,SR-198,,271,36.25448333,-120.238411110000,0,12,6,0,1,1,0,1,1,1,0,1,0,0000000,99,99,99,99,99,99,0,0,0,1,0
6,60765,1,1,0,1,1,1,1,37,0,1,3,2016,3,19,30,0,1,4,2,4,CR-AZUSA AVE,,0,34.02972778,-117.915727780000,0,8,0,0,1,1,0,1,3,1,0,1,0,0000000,99,99,99,99,99,99,0,0,0,1,0
6,60766,3,3,0,0,0,5,5,37,1970,22,5,2016,1,21,30,1,2,1,1,1,I-710,,108,33.84570278,-118.205583330000,0,12,1,0,1,1,0,1,3,1,0,1,0,0000000,99,99,99,99,88,88,23,14,0,1,0
6,60767,1,1,0,1,1,1,1,37,30,10,4,2016,1,4,32,1,2,1,1,1,I-10,,239,34.07144444,-118.123991670000,0,9,0,0,1,1,0,1,3,1,0,1,0,0000000,99,99,99,99,88,88,0,0,0,1,0
6,60768,1,1,0,1,1,3,3,37,0,27,4,2016,4,21,35,0,1,3,1,3,SR-164,,38,34.03651111,-118.064202780000,0,9,0,0,1,1,0,1,2,1,0,1,0,0000000,99,99,99,99,99,99,0,0,0,1,0
6,60769,3,3,0,0,0,3,3,37,0,29,4,2016,6,16,20,1,2,2,1,3,SR-60 RAMP,,36,34.03665833,-118.166625000000,0,12,1,0,5,1,0,1,1,1,0,1,0,0000000,99,99,99,99,99,99,0,0,0,1,0
6,60770,3,3,0,0,0,3,3,37,0,23,2,2016,3,9,25,1,1,2,1,3,SR-126,CHIQUITO CYN RD,24,34.41983889,-118.656811110000,0,12,6,0,2,3,0,1,1,1,0,1,0,0000000,99,99,99,99,99,99,0,0,0,2,0
6,60771,1,1,0,1,1,1,1,37,0,25,5,2016,4,16,31,0,1,5,2,4,CR-PLACERITA CANYON ROAD,,0,34.37503889,-118.489469440000,0,9,0,0,1,1,0,1,1,1,0,1,0,0000000,99,99,99,99,88,88,0,0,0,1,0
6,60772,1,1,0,0,0,2,2,37,1840,15,4,2016,6,0,15,1,2,2,1,3,SR-14,,677,34.68572778,-118.167919440000,0,1,0,0,1,1,0,1,2,6,0,6,0,0000000,99,99,99,99,99,99,0,0,0,1,1
6,60773,2,2,0,0,0,2,2,37,0,7,5,2016,7,17,45,0,1,3,2,4,CR-SOLEDAD CANYON ROAD,,0,34.47173333,-118.175711110000,0,12,2,0,1,1,0,1,1,1,0,1,0,0000000,99,99,99,99,88,88,0,0,0,1,1
6,60774,2,2,0,0,0,2,2,37,0,20,5,2016,6,14,30,0,1,5,2,4,CR-BOUQUET CANYON ROAD,,0,34.58750000,-118.300069440000,0,12,6,0,1,1,0,1,1,10,0,10,0,0000000,99,99,99,99,99,99,0,0,0,1,0
6,60775,1,1,0,0,0,2,2,37,0,1,6,2016,4,8,55,0,1,5,2,4,CR-FORT TEJON RD,,0,34.49016944,-117.931530560000,0,43,0,0,1,1,0,4,1,1,0,1,0,0000000,99,99,99,99,99,99,0,0,0,1,0
6,60776,2,2,0,0,0,2,2,37,0,10,6,2016,6,15,20,0,1,5,2,4,CR-90TH ST WEST,,0,34.74556944,-118.289930560000,0,12,2,0,1,1,0,1,1,1,0,1,0,0000000,99,99,99,99,88,88,0,0,0,1,0
6,60777,1,1,0,0,0,4,4,37,0,20,6,2016,2,6,0,0,1,3,1,3,SR-2,,792,34.36885833,-117.663041670000,0,43,0,0,1,1,0,4,1,1,0,1,0,0000000,99,99,99,99,99,99,0,0,0,1,0
6,60779,1,1,0,1,1,3,3,37,1045,17,4,2016,1,1,49,1,2,1,1,1,I-105,,152,33.91256389,-118.150958330000,0,8,0,0,1,1,0,1,3,1,0,1,0,0000000,99,99,99,99,88,88,0,0,0,1,0
6,60780,1,1,0,0,0,1,1,37,2458,21,5,2016,7,3,45,1,2,1,1,1,I-605,,85,33.92546111,-118.103794440000,0,41,0,1,19,1,0,4,3,10,0,10,0,0000000,99,99,99,99,88,88,0,0,0,1,0
6,60781,2,2,0,0,0,2,2,37,0,2,6,2016,5,4,11,1,1,2,1,3,SR-60,,146,34.01591667,-117.984933330000,0,12,1,0,1,1,0,1,3,1,0,1,0,0000000,99,99,99,99,88,88,0,0,0,1,0
6,60782,3,3,0,0,0,4,4,29,0,16,4,2016,7,12,50,0,1,2,1,3,SR-155,,670,35.67437222,-118.471233330000,0,12,1,0,1,1,0,1,1,1,0,1,0,0000000,99,99,99,99,99,99,0,0,0,1,0
6,60783,2,2,0,0,0,2,2,37,1980,9,5,2016,2,2,50,1,2,1,1,1,I-5,,380,34.25016111,-118.428269440000,0,12,1,0,1,1,0,1,3,1,0,1,0,0000000,99,99,99,99,99,99,14,0,0,1,0
6,60784,2,2,0,0,0,4,4,37,0,10,5,2016,3,11,35,9,1,3,1,3,SR-2,,99998,34.26744167,-118.162172220000,0,12,2,0,1,1,0,1,1,1,0,1,0,0000000,99,99,99,99,99,99,0,0,0,1,0
6,60785,2,2,0,0,0,3,3,37,0,29,5,2016,1,13,43,0,1,2,1,3,SR-2,,464,34.28993056,-117.996169440000,0,12,2,0,1,1,0,1,1,1,0,1,0,0000000,99,99,99,99,99,99,0,0,0,1,0
6,60786,2,2,0,1,1,4,4,37,1980,1,2,2016,2,20,41,1,2,1,1,1,I-10 E/B (SANTA MONICA FREEWAY,,146,34.03713056,-118.283519440000,0,8,0,0,1,1,0,1,3,1,0,1,0,0000000,99,99,99,99,99,99,14,0,0,1,0
6,60787,1,1,0,1,1,2,2,37,1980,15,2,2016,2,23,59,1,2,1,1,1,I-110,,172,33.97811944,-118.280930560000,0,8,0,0,1,1,0,1,2,1,0,1,0,0000000,99,99,99,99,88,88,0,0,0,1,0
6,60789,1,1,0,1,1,1,1,37,1980,30,3,2016,4,6,0,1,2,1,1,1,I-10,,132,34.03698333,-118.300991670000,0,8,0,0,1,1,0,1,2,1,0,1,0,0000000,99,99,99,99,99,99,19,0,0,1,0
6,60790,2,2,0,0,0,2,2,37,1980,29,5,2016,1,2,5,0,2,3,1,3,SR-2 RAMP,,141,34.09117500,-118.258850000000,0,12,7,0,20,1,0,1,3,1,0,1,0,0000000,99,99,99,99,88,88,0,0,0,1,0
6,60791,2,2,0,0,0,2,2,25,0,18,6,2016,7,7,10,0,1,2,1,3,SR-115,NORRISH RD,114,32.83278056,-115.406102780000,0,12,1,0,2,2,0,1,1,1,0,1,0,0000000,99,99,99,99,88,88,0,0,0,1,0
6,60792,2,2,0,0,0,4,4,25,0,23,6,2016,5,11,8,0,1,2,1,3,SR-86,,31,32.73067778,-115.550491670000,0,12,2,0,1,1,0,1,1,1,0,1,0,0000000,99,99,99,99,99,99,0,0,0,1,0
6,60793,1,1,0,0,0,4,4,65,0,27,2,2016,7,16,45,1,1,2,1,3,SR-111,,592,33.89546667,-116.617627780000,0,1,0,0,1,1,0,4,1,1,0,1,0,0000000,99,99,99,99,99,99,0,0,0,1,0
6,60795,1,1,0,0,0,1,1,65,0,30,4,2016,7,22,15,0,1,5,2,4,CR-62ND AVENUE,,0,33.59862500,-116.087886110000,0,30,0,0,1,1,0,4,2,1,0,1,0,0000000,99,99,99,99,88,88,0,0,0,1,1
6,60796,3,3,0,0,0,7,7,73,3260,27,4,2016,4,21,6,1,2,1,1,1,I-805 NORTHBOUND,,173,32.76556111,-117.128100000000,0,12,1,0,1,1,0,1,3,10,0,10,0,0000000,99,99,99,99,99,99,19,23,0,1,0
6,60797,2,2,0,0,0,2,2,65,0,29,3,2016,3,12,27,0,2,3,1,3,SR-74,,55,33.74368889,-117.061138890000,0,12,2,0,1,1,0,1,1,10,0,10,0,0000000,99,99,99,99,99,99,20,0,0,1,0
6,60798,3,3,0,0,0,5,5,65,0,15,5,2016,1,20,10,1,1,2,1,3,SR-79,SR-74,343,33.73908056,-117.076500000000,0,12,2,0,2,2,0,1,3,10,0,10,0,0000000,99,99,99,99,99,99,0,0,0,1,0
6,60799,1,1,0,0,0,1,1,65,0,27,5,2016,6,17,10,0,1,7,2,4,CR-DIAMOND VALLEY ROAD,,0,33.67480278,-116.974363890000,0,1,0,0,1,1,0,1,1,1,0,1,0,0000000,99,99,99,99,99,99,0,0,0,1,0
6,60800,1,1,0,0,0,1,1,65,0,14,6,2016,3,21,17,0,1,5,2,4,CR-SAN TIMOTEO CANYON ROAD,,0,33.98088333,-117.114608330000,0,35,0,0,1,1,0,4,2,1,0,1,0,0000000,99,99,99,99,99,99,0,0,0,1,0
6,60801,2,2,0,0,0,3,3,59,3420,8,2,2016,2,23,27,1,2,1,1,1,I-5,,308,33.74291944,-117.839900000000,0,12,1,0,1,1,0,1,3,1,0,1,0,0000000,99,99,99,99,99,99,0,0,0,1,1
6,60802,1,1,0,0,0,1,1,73,0,21,5,2016,7,22,50,1,1,1,1,1,I-8,,700,32.66106389,-116.228877780000,0,35,0,0,1,1,0,4,2,1,0,1,0,0000000,99,99,99,99,88,88,0,0,0,1,0
6,60803,1,1,0,0,0,1,1,73,0,23,5,2016,2,16,0,0,1,2,1,3,SR-78,,417,33.08385278,-116.793911110000,0,1,0,0,1,1,0,4,1,1,0,1,0,0000000,99,99,99,99,88,88,0,0,0,1,1
6,60804,2,2,0,0,0,4,4,73,0,27,5,2016,6,16,10,1,1,2,1,3,SR-94,,312,32.62404167,-116.754194440000,0,12,6,0,1,1,0,1,1,1,0,1,0,0000000,99,99,99,99,99,99,0,0,0,1,0
6,60805,1,1,0,0,0,1,1,73,0,15,6,2016,4,21,16,1,1,2,1,3,SR-94,,262,32.65453889,-116.806238890000,0,38,0,0,1,1,0,4,2,1,0,1,0,0000000,99,99,99,99,88,88,0,0,0,1,1
6,60806,2,2,0,0,0,3,3,59,0,8,4,2016,6,16,50,0,1,2,1,3,SR-74,,144,33.59379444,-117.488458330000,0,12,6,0,1,1,0,1,1,10,0,10,0,0000000,99,99,99,99,88,88,0,0,0,1,0
6,60807,2,2,0,0,0,4,4,53,0,13,4,2016,4,13,55,0,1,5,2,4,CR-HALL ROAD,,0,36.86648333,-121.740747220000,0,12,2,0,1,1,0,1,1,1,0,1,0,0000000,99,99,99,99,99,99,0,0,0,1,0
6,60808,1,1,0,0,0,1,1,53,0,30,4,2016,7,7,52,0,2,5,2,5,CR-CARMEL VALLEY ROAD,,0,36.51573889,-121.781186110000,0,42,0,0,1,1,0,4,1,1,0,1,0,0000000,99,99,99,99,88,88,0,0,0,1,0
6,60809,2,2,0,0,0,3,3,79,0,20,5,2016,6,10,58,0,1,2,1,3,SR-166,,400,35.07548333,-120.002558330000,0,12,2,0,1,1,0,1,1,10,0,10,0,0000000,99,99,99,99,99,99,0,0,0,1,0
6,60810,1,1,0,0,0,1,1,83,0,3,4,2016,1,23,35,1,1,2,1,2,US-101,,64,34.41643889,-119.568488890000,0,42,0,0,1,1,0,4,2,1,0,1,0,0000000,99,99,99,99,88,88,0,0,0,1,1
6,60811,1,1,0,0,0,1,1,29,0,9,5,2016,2,99,99,0,1,7,2,4,CR-STARBUCK AVE,CR-172ND ST W,0,34.88601389,-118.436883330000,0,59,0,0,3,3,0,4,1,1,0,1,0,0000000,99,99,99,99,88,88,0,0,0,1,0
6,60812,1,1,0,0,0,2,2,29,0,27,5,2016,6,16,30,0,1,7,2,4,CR-HORSE CANYON RD,,0,35.49149444,-117.968138890000,0,2,0,0,1,1,0,1,1,1,0,1,0,0000000,99,99,99,99,99,99,0,0,0,1,0
6,60814,1,1,0,0,0,2,2,71,0,12,6,2016,1,14,30,0,1,2,1,3,SR-62,,1035,34.10161944,-114.911191670000,0,1,0,0,1,1,0,4,1,1,0,1,0,0000000,99,99,99,99,99,99,0,0,0,1,0
6,60815,1,1,0,0,0,2,2,71,0,7,2,2016,1,11,0,1,1,1,1,1,I-15,,1147,35.08442222,-116.367958330000,0,1,0,0,1,1,0,4,1,1,0,1,0,0000000,99,99,99,99,99,99,0,0,0,1,0
6,60817,1,1,0,0,0,1,1,65,3070,17,4,2016,1,18,18,1,2,1,1,1,I-215,,417,33.97828889,-117.338305560000,0,24,0,0,1,1,0,4,1,1,0,1,0,0000000,99,99,99,99,88,88,0,0,0,1,0
6,60818,1,1,0,0,0,1,1,65,0,4,5,2016,4,16,40,0,1,5,2,4,CR-CAJALCO RD.,,0,33.82711944,-117.405319440000,0,35,0,0,1,1,0,4,1,1,0,1,0,0000000,99,99,99,99,88,88,0,0,0,1,0
6,60819,1,1,0,0,0,1,1,71,1603,14,6,2016,3,99,99,1,2,1,1,1,I-15 RAMP,,313,34.40363611,-117.401138890000,0,30,0,0,5,1,0,4,2,1,0,1,0,0000000,99,99,99,99,88,88,0,0,0,1,0
6,60820,2,1,1,1,1,1,1,71,1305,10,4,2016,1,3,45,1,2,2,1,3,SR-210 RAMP,,117,34.13612222,-117.492852780000,0,14,0,1,5,1,0,8,3,10,0,10,0,0000000,99,99,99,99,88,88,23,0,0,1,0
6,60821,1,1,0,0,0,1,1,71,681,24,4,2016,1,21,30,1,2,2,1,3,SR-71,,22,33.99675556,-117.721438890000,0,25,0,0,1,1,0,3,3,10,0,10,0,0000000,99,99,99,99,88,88,0,0,0,1,1
6,60822,2,2,0,0,0,4,4,71,2922,30,4,2016,7,13,0,1,2,2,1,3,SR-210,,85,34.13681111,-117.548169440000,0,12,7,0,1,1,0,1,1,1,0,1,0,0000000,99,99,99,99,99,99,0,0,0,1,0
6,60823,1,1,0,0,0,1,1,71,0,24,5,2016,3,13,40,0,1,3,2,4,CR-MOUNTAIN AVE,,0,34.16288333,-117.673163890000,0,33,0,0,1,1,0,4,1,10,0,10,0,0000000,99,99,99,99,88,88,0,0,0,1,0
6,60824,4,4,0,0,0,5,5,71,0,11,3,2016,6,0,20,0,1,2,1,3,SR-138,,119,34.33364444,-117.520550000000,0,12,2,0,1,1,1,1,2,1,0,1,0,0000000,99,99,99,99,99,99,0,0,0,1,0
6,60826,1,1,0,1,1,1,1,71,790,12,4,2016,3,4,10,1,2,1,1,1,I-10,,236,34.06511944,-117.308161110000,0,8,0,0,1,1,0,1,3,1,0,1,0,0000000,99,99,99,99,88,88,0,0,0,1,0
6,60827,1,1,0,0,0,1,1,71,4290,27,4,2016,4,2,58,1,2,1,1,1,I-10,,386,34.01110000,-117.069819440000,0,24,0,0,1,1,0,4,2,1,0,1,0,0000000,99,99,99,99,88,88,0,0,0,1,0
6,60828,2,1,1,0,0,3,3,71,0,15,5,2016,1,1,31,0,1,7,2,4,CR-LINDEN AVENUE,,0,34.06095556,-117.400711110000,0,14,0,0,1,1,0,5,3,1,0,1,0,0000000,99,99,99,99,99,99,14,0,0,1,0
6,60829,1,1,0,0,0,1,1,71,0,24,5,2016,3,3,15,0,1,4,2,4,CR-CAJON BOULEVARD,,0,34.16833611,-117.345916670000,0,43,0,0,1,1,0,4,2,1,0,1,0,0000000,99,99,99,99,99,99,0,0,0,1,0
6,60830,2,2,0,0,0,4,4,71,0,29,5,2016,1,13,25,0,1,2,1,3,SR-138,,279,34.32534444,-117.426205560000,0,12,8,0,1,1,0,1,1,1,0,1,0,0000000,99,99,99,99,88,88,0,0,0,1,0
6,60831,1,1,0,0,0,1,1,71,0,23,5,2016,2,6,15,0,1,2,1,3,SR-62,,529,34.11607778,-115.728019440000,0,1,0,0,1,1,0,4,1,1,0,1,0,0000000,99,99,99,99,99,99,0,0,0,1,0
6,60832,1,1,0,1,1,2,2,1,2480,28,3,2016,2,21,32,1,2,1,1,1,I-880,,310,37.79380000,-122.264305560000,0,8,0,0,1,1,0,1,2,1,0,1,0,0000000,99,99,99,99,88,88,0,0,0,1,0
6,60833,1,1,0,1,1,2,2,85,1420,16,2,2016,3,21,19,0,1,7,4,6,FIFTH ST,MILLER AVE,0,37.00473056,-121.581797220000,0,8,0,0,2,3,0,1,3,1,0,1,0,0000000,99,99,99,99,88,88,0,0,0,1,1
6,60834,2,2,0,0,0,2,2,1,0,29,5,2016,1,1,50,0,1,3,2,4,CR-STANLEY BLVD,,0,37.67310278,-121.834552780000,0,12,1,0,1,1,0,1,3,1,0,1,0,0000000,99,99,99,99,88,88,0,0,0,1,1
6,60835,2,2,0,0,0,2,2,59,2560,13,1,2016,4,10,58,1,2,2,1,3,SR-22,,117,33.77701111,-117.856333330000,0,12,1,0,1,1,0,1,1,1,0,1,0,0000000,99,99,99,99,88,88,0,0,0,1,1
6,60836,1,1,0,0,0,3,3,59,3960,5,5,2016,5,0,11,1,2,1,1,1,I-5,,302,33.73913889,-117.829958330000,0,33,0,0,1,1,0,4,3,10,0,10,0,0000000,99,99,99,99,99,99,0,0,0,2,0
6,60837,1,1,0,1,1,2,2,77,3770,20,3,2016,1,20,18,0,2,3,4,6,WEST LN,,0,37.99016667,-121.286041670000,0,8,0,0,1,1,0,1,3,1,0,1,0,0000000,99,99,99,99,88,88,0,0,0,1,0
6,60838,1,1,0,0,0,1,1,45,0,29,3,2016,3,2,55,1,1,2,1,2,US-101,,634,39.60881111,-123.457383330000,0,52,0,0,1,1,0,4,2,1,0,1,0,0000000,99,99,99,99,88,88,0,0,0,1,0
6,60839,1,1,0,0,0,1,1,33,0,14,4,2016,5,22,13,1,1,2,1,3,SR-29,,245,38.91273889,-122.683594440000,0,42,0,0,1,1,0,4,2,10,0,10,0,0000000,99,99,99,99,99,99,0,0,0,1,0
6,60840,3,3,0,0,0,3,3,67,3150,20,4,2016,4,15,13,1,2,1,1,1,I-80,,49,38.64037222,-121.480047220000,0,12,7,0,1,1,1,1,1,1,0,1,0,0000000,99,99,99,99,88,88,14,0,0,1,0
6,60841,2,1,1,1,4,1,4,95,0,1,5,2016,1,5,23,1,1,1,1,1,I-80,,225,38.31784167,-122.029944440000,0,14,0,0,1,1,0,4,2,1,0,1,0,0000000,99,99,99,99,99,99,15,0,0,2,1
6,60842,1,1,0,0,0,2,2,19,0,27,5,2016,6,4,0,0,1,6,2,4,CR-FOWLER AVENUE,,0,36.65705000,-119.681911110000,0,43,0,0,1,1,0,4,2,1,0,1,0,0000000,99,99,99,99,88,88,0,0,0,2,0
6,60843,1,1,0,0,0,1,1,47,2150,25,5,2016,4,20,29,1,2,2,1,3,SR-99,,139,37.29490278,-120.468383330000,0,24,0,1,19,1,0,3,5,10,0,10,0,0000000,99,99,99,99,99,99,20,0,0,1,0
6,60844,1,1,0,0,0,6,6,29,0,20,6,2016,2,12,27,1,1,2,1,3,SR-14,,86,34.94293889,-118.162108330000,0,1,0,0,1,1,0,2,1,1,0,1,0,0000000,99,99,99,99,99,99,0,0,0,1,0
6,60845,1,1,0,0,0,3,3,71,0,6,6,2016,2,16,28,1,1,2,1,2,US-95,,18,34.09913889,-114.495722220000,0,1,0,0,1,1,0,2,1,1,0,1,0,0000000,99,99,99,99,99,99,0,0,0,1,0
6,60846,1,1,0,0,0,1,1,89,0,17,6,2016,6,6,7,0,1,5,2,4,CR-OAK RUN ROAD,,0,40.57141111,-122.190147220000,0,31,0,0,1,1,0,4,1,10,2,2,0,0000000,99,99,99,99,88,88,0,0,0,1,0
6,60847,2,2,0,0,0,9,9,67,0,9,4,2016,7,17,35,1,1,2,1,3,SR-12,,24,38.14580000,-121.645000000000,0,12,6,0,1,1,0,1,1,10,2,2,0,0000000,99,99,99,99,99,99,0,0,0,5,0
6,60849,2,2,0,0,0,2,2,65,0,19,5,2016,5,18,39,1,1,2,1,3,SR-62,,89,34.02909444,-116.587866670000,0,24,0,0,1,1,0,4,1,1,0,1,0,0000000,99,99,99,99,99,99,0,0,0,1,0
6,60850,1,1,0,0,0,2,2,65,0,20,5,2016,6,4,0,1,1,1,1,1,I-10,,891,33.66673056,-115.671563890000,0,1,0,0,1,1,0,4,2,1,0,1,0,0000000,99,99,99,99,99,99,0,0,0,2,0
6,60851,2,1,1,0,2,1,3,71,2960,24,5,2016,3,19,16,1,2,2,1,3,SR-210,,325,34.07672222,-117.200511110000,0,14,0,0,1,1,0,2,2,1,0,1,0,0000000,99,99,99,99,88,88,14,0,0,2,0
6,60852,1,1,0,0,0,5,5,25,0,29,5,2016,1,8,25,1,1,1,1,1,I-8,,84,32.72766667,-116.052538890000,0,1,0,0,1,1,0,4,1,1,0,1,0,0000000,99,99,99,99,99,99,0,0,0,1,0
6,60853,2,2,0,0,0,3,3,71,0,10,2,2016,4,4,7,1,1,1,1,1,I-15,,1385,35.28133889,-116.047480560000,0,12,1,0,1,1,0,1,2,1,0,1,0,0000000,99,99,99,99,88,88,0,0,0,2,1
6,60854,1,1,0,0,0,1,1,71,0,6,6,2016,2,11,5,0,1,2,1,3,SR-247,,740,34.82943889,-117.026630560000,0,35,0,0,1,1,0,4,1,1,0,1,0,0000000,99,99,99,99,88,88,0,0,0,1,0
6,60855,2,2,0,0,0,4,4,71,0,9,6,2016,5,5,28,1,1,2,1,2,US-395,,424,34.94302222,-117.527613890000,0,12,2,0,1,1,0,2,4,1,0,1,0,0000000,99,99,99,99,99,99,0,0,0,1,0
6,60856,2,2,0,0,0,2,2,71,0,16,6,2016,5,12,55,0,1,3,2,4,CR-OLD HWY 58,DOBBS RD,0,34.91417222,-117.031722220000,0,12,2,0,2,3,0,1,1,1,0,1,0,0000000,99,99,99,99,99,99,0,0,0,1,0
6,60857,1,1,0,0,0,2,2,71,0,6,6,2016,2,18,45,1,1,1,1,1,I-15,,1665,35.46477222,-115.614850000000,0,34,0,0,1,1,0,4,1,1,0,1,0,0000000,99,99,99,99,99,99,0,0,0,1,0
6,60858,1,1,0,0,0,1,1,65,0,29,5,2016,1,9,16,0,1,4,2,4,CR-GRAND AVENUE,,0,33.61614167,-117.307683330000,0,59,0,0,1,1,0,4,1,1,0,1,0,0000000,99,99,99,99,99,99,0,0,0,1,0
6,60859,1,1,0,0,0,1,1,65,0,5,6,2016,1,23,45,0,1,5,2,4,CR-BUCK ROAD,,0,33.55499722,-117.031941670000,0,42,0,0,1,1,0,4,2,1,0,1,0,0000000,99,99,99,99,88,88,0,0,0,1,1
6,60860,3,3,0,0,0,7,7,79,0,15,4,2016,6,20,30,1,1,2,1,2,US-101,,337,35.33138889,-120.622991670000,0,24,0,0,1,1,0,4,2,1,0,1,0,0000000,99,99,99,99,99,99,0,0,0,1,1
6,60861,2,2,0,0,0,7,7,19,0,2,2,2016,3,8,12,0,1,5,2,4,CR-SOUTH AVE,BUTTONWILLOW AVE,0,36.61856389,-119.430850000000,0,12,6,0,2,2,0,1,1,1,0,1,0,0000000,99,99,99,99,99,99,0,0,0,3,0
6,60862,2,2,0,0,0,3,3,19,0,29,4,2016,6,5,40,0,1,6,2,4,CR-SAN MATEO AVE,NEBRASKA AVE,0,36.55957222,-120.316150000000,0,12,2,0,3,2,0,1,2,1,0,1,0,0000000,99,99,99,99,99,99,0,0,0,2,1
6,60863,2,2,0,0,0,2,2,53,0,27,6,2016,2,15,50,0,1,5,2,4,CR-NACIMIENTO LAKE DR,,0,35.86753611,-120.837480560000,0,12,2,0,1,1,0,1,1,1,0,1,0,0000000,99,99,99,99,88,88,0,0,0,1,0
6,60864,9,2,7,4,4,2,2,37,1980,30,4,2016,7,16,5,0,2,4,4,6,VANOWEN ST,,0,34.19395000,-118.410400000000,0,12,7,0,1,1,0,1,1,1,0,1,0,0000000,99,99,99,99,99,99,14,15,0,1,0