STATE,ST_CASE,VE_TOTAL,VE_FORMS,PVH_INVL,PEDS,PERNOTMVIT,PERMVIT,PERSONS,COUNTY,CITY,DAY,MONTH,YEAR,DAY_WEEK,HOUR,MINUTE,NHS,RUR_URB,FUNC_SYS,RD_OWNER,ROUTE,TWAY_ID,TWAY_ID2,MILEPT,LATITUDE,LONGITUD,SP_JUR,HARM_EV,MAN_COLL,RELJCT1,RELJCT2,TYP_INT,WRK_ZONE,REL_ROAD,LGT_COND,WEATHER1,WEATHER2,WEATHER,SCH_BUS,RAIL,NOT_HOUR,NOT_MIN,ARR_HOUR,ARR_MIN,HOSP_HR,HOSP_MN,CF1,CF2,CF3,FATALS,DRUNK_DR
6,60865,1,1,0,0,0,6,6,23,0,16,6,2016,5,18,0,1,1,3,1,3,SR-299,,313,40.90840278,-123.707433330000,0,35,0,0,1,1,0,4,1,10,0,10,0,0000000,99,99,99,99,99,99,0,0,0,1,0
6,60866,2,2,0,0,0,2,2,65,0,10,6,2016,6,9,30,1,1,2,1,3,SR-79,,332,33.83776389,-117.003636110000,0,12,2,0,1,1,0,1,1,1,0,1,0,0000000,99,99,99,99,99,99,0,0,0,1,0
6,60867,3,3,0,0,0,9,9,53,0,4,6,2016,7,23,16,1,1,2,1,3,SR-1,,994,36.84567778,-121.771197220000,0,12,2,0,1,1,0,1,2,1,0,1,0,0000000,99,99,99,99,99,99,0,0,0,2,0
6,60868,1,1,0,0,0,1,1,87,3450,30,5,2016,2,16,35,1,2,2,1,3,SR-1 RAMP,,167,36.99054444,-122.020758330000,0,43,0,0,5,1,0,4,1,1,0,1,0,0000000,99,99,99,99,99,99,0,0,0,1,1
6,60869,3,3,0,0,0,6,6,53,0,17,6,2016,6,4,10,0,1,2,1,3,SR-183,,47,36.70920833,-121.712922220000,0,12,8,0,1,1,0,1,2,10,0,10,0,0000000,99,99,99,99,99,99,0,0,0,2,1
6,60870,1,1,0,0,0,1,1,45,0,3,3,2016,5,20,18,0,1,3,1,3,SR-162,,130,39.68253056,-123.354388890000,0,35,0,0,1,1,0,4,2,10,0,10,0,0000000,99,99,99,99,88,88,0,0,0,1,1
6,60871,2,1,1,0,0,2,2,89,0,23,4,2016,7,20,27,0,1,4,2,4,CR-DRY CREEK RD,,0,40.71033333,-122.242738890000,0,32,0,0,1,1,0,4,3,1,0,1,0,0000000,99,99,99,99,99,99,0,0,0,1,1
6,60872,1,1,0,0,0,1,1,45,0,14,6,2016,3,2,5,0,1,6,2,4,CR-TOMKI RD,,0,39.31598056,-123.223988890000,0,31,0,0,1,1,0,4,2,1,0,1,0,0000000,99,99,99,99,88,88,0,0,0,1,1
6,60873,2,2,0,1,1,4,4,19,1370,7,5,2016,7,16,17,1,2,2,1,3,SR-99,,224,36.74681389,-119.822263890000,0,8,0,0,1,1,0,1,1,1,0,1,0,0000000,99,99,99,99,88,88,0,0,0,1,0
6,60874,2,2,0,0,0,3,3,37,1716,18,1,2016,2,6,29,1,1,1,1,1,I-210,,383,34.12949444,-117.934800000000,0,12,8,0,1,1,0,1,3,10,0,10,0,0000000,99,99,99,99,99,99,0,0,0,1,0
6,60875,3,3,0,0,0,4,4,37,0,24,6,2016,6,16,50,0,1,4,2,4,CR-MONA BLVD,CR-124TH ST,0,33.91974444,-118.228088890000,0,12,6,0,2,2,0,1,1,1,0,1,0,0000000,99,99,99,99,88,88,14,0,0,1,0
6,60876,2,2,0,0,0,2,2,37,1980,31,5,2016,3,15,52,1,2,1,1,1,I-10,,165,34.02634167,-118.249927780000,0,1,0,0,1,1,0,1,1,1,0,1,0,0000000,99,99,99,99,88,88,14,0,0,1,0
6,60877,2,2,0,0,0,2,2,59,1713,1,6,2016,4,23,1,1,2,1,1,1,I-405,,41,33.66447500,-117.801072220000,0,12,7,0,1,1,0,1,3,10,0,10,0,0000000,99,99,99,99,99,99,0,0,0,1,0
6,60878,1,1,0,0,0,1,1,53,0,7,6,2016,3,5,55,0,1,2,1,3,SR-1,,750,36.57142778,-121.913016670000,0,42,0,0,1,1,0,4,4,10,0,10,0,0000000,99,99,99,99,88,88,0,0,0,1,0
6,60879,2,2,0,0,0,4,4,83,3430,10,3,2016,5,12,26,1,2,2,1,2,US-101,,130,34.42005556,-119.680361110000,0,12,1,0,1,1,0,1,1,1,0,1,0,0000000,99,99,99,99,99,99,19,0,0,1,0
6,60880,1,1,0,0,0,1,1,111,0,26,6,2016,1,17,40,0,1,2,1,3,SR-33,,394,34.61511111,-119.371836110000,0,1,0,0,1,1,0,1,1,1,0,1,0,0000000,99,99,99,99,99,99,0,0,0,1,0
6,60881,3,3,0,0,0,7,7,37,0,17,6,2016,6,10,0,0,1,4,2,4,CR-PALMDALE BL,160TH ST,0,34.57991389,-117.844400000000,0,12,6,0,2,3,0,1,1,1,0,1,0,0000000,99,99,99,99,99,99,14,0,0,2,1
6,60882,1,1,0,1,1,1,1,67,3150,4,6,2016,7,22,43,1,2,2,1,3,SR-99,,222,38.52865833,-121.469436110000,0,8,0,0,1,1,0,1,2,1,0,1,0,0000000,99,99,99,99,88,88,0,0,0,1,0
6,60883,1,1,0,0,0,4,4,29,0,21,6,2016,3,7,5,1,1,1,1,1,I-5,,330,35.19326111,-119.146130560000,0,1,0,0,1,1,0,4,1,1,0,1,0,0000000,99,99,99,99,99,99,0,0,0,1,0
6,60884,1,1,0,0,0,1,1,19,0,1,6,2016,4,19,34,0,1,5,2,4,CR-MCMULLIN GRADE,,0,36.59501667,-120.054247220000,0,1,0,0,1,1,0,1,1,1,0,1,0,0000000,99,99,99,99,99,99,0,0,0,1,0
6,60885,1,1,0,0,0,1,1,59,0,24,6,2016,6,23,15,0,1,7,2,4,CR-LIVE OAK CANYON ROAD,,0,33.65315278,-117.599869440000,0,1,0,0,1,1,0,1,3,1,0,1,0,0000000,99,99,99,99,88,88,0,0,0,1,1
6,60886,2,1,1,0,1,1,2,37,810,22,6,2016,4,3,50,1,2,2,1,3,SR-91,,97,33.87405278,-118.227283330000,0,14,0,1,19,1,0,2,3,1,0,1,0,0000000,99,99,99,99,99,99,0,0,0,1,0
6,60887,1,1,0,0,0,1,1,19,0,18,6,2016,7,23,9,0,1,4,2,4,CR-MOUNTAIN VIEW AVE,,0,36.54679722,-119.551700000000,0,1,0,0,1,1,0,4,2,1,0,1,0,0000000,99,99,99,99,88,88,0,0,0,1,0
6,60888,1,1,0,0,0,2,2,79,0,21,6,2016,3,0,38,0,1,2,1,3,SR-41,,177,35.50587222,-120.647325000000,0,18,0,0,1,1,0,4,2,1,0,1,0,0000000,99,99,99,99,99,99,0,0,0,1,0
6,60889,3,3,0,0,0,4,4,37,1015,16,6,2016,5,15,50,1,2,2,4,3,SR-60,,250,34.01410556,-117.819419440000,0,12,1,0,1,1,0,1,1,1,0,1,0,0000000,99,99,99,99,99,99,14,0,0,1,0
6,60890,2,2,0,0,0,2,2,77,0,23,5,2016,2,7,15,0,1,3,2,4,CR-COPPEROPOLIS RD,,0,37.96496667,-121.182005560000,0,12,8,0,1,1,0,1,1,1,0,1,0,0000000,99,99,99,99,99,99,0,0,0,1,0
6,60891,1,1,0,0,0,1,1,29,0,6,6,2016,2,99,99,0,1,2,1,3,SR- 155,,521,35.72174167,-118.510119440000,0,42,0,0,1,1,0,4,1,1,0,1,0,0000000,99,99,99,99,88,88,0,0,0,1,0
6,60892,1,1,0,1,1,1,1,59,80,23,1,2016,7,10,23,1,2,2,1,3,SR-57 RAMP,,147,33.83486667,-117.876216670000,0,8,0,1,5,1,0,4,1,10,0,10,0,0000000,99,99,99,99,99,99,0,0,0,1,0
6,60893,1,1,0,0,0,3,3,105,0,29,5,2016,1,22,50,0,1,5,2,4,CR-MAD RIVER RD,,0,40.33602778,-123.394741670000,0,1,0,0,1,1,0,4,2,1,0,1,0,0000000,99,99,99,99,99,99,0,0,0,1,1
6,60894,1,1,0,0,0,2,2,37,1970,27,6,2016,2,2,50,1,2,1,1,1,I-405,,78,33.82663611,-118.211100000000,0,42,0,0,1,1,0,4,3,1,0,1,0,0000000,99,99,99,99,99,99,0,0,0,1,1
6,60895,2,2,0,0,0,3,3,53,0,26,5,2016,5,17,28,0,1,5,2,4,CR-CASTROVILLE BOULEVARD,,0,36.79508056,-121.716838890000,0,12,6,0,8,1,0,1,1,10,0,10,0,0000000,99,99,99,99,99,99,0,0,0,1,0
6,60896,2,2,0,0,0,2,2,53,0,21,6,2016,3,21,18,0,1,5,2,4,CR-LOCKWOOD-JOLON RD,,0,35.96639444,-121.107188890000,0,12,2,0,1,1,0,1,2,1,0,1,0,0000000,99,99,99,99,99,99,0,0,0,1,1
6,60897,1,1,0,0,0,1,1,1,1560,16,2,2016,3,19,18,0,2,3,4,6,W JACKSON ST,,0,37.66879722,-122.080825000000,0,33,0,0,1,1,0,3,3,1,0,1,0,0000000,99,99,99,99,99,99,0,0,0,1,0
6,60898,1,1,0,0,0,2,2,37,3690,26,3,2016,7,23,52,0,2,3,4,6,ALAMEDA ST,SEMINOLE AVE,0,33.94011944,-118.227055560000,0,33,0,0,3,3,0,4,3,1,0,1,0,0000000,99,99,99,99,99,99,0,0,0,1,0
6,60899,1,1,0,0,0,2,2,37,2020,28,3,2016,2,23,15,0,2,3,4,6,STATE ST,LYNWOOD RD,0,33.92545000,-118.218100000000,0,33,0,0,3,2,0,3,3,1,0,1,0,0000000,99,99,99,99,99,99,0,0,0,1,0
6,60900,1,1,0,0,0,1,1,111,3860,10,4,2016,1,21,36,0,2,3,4,6,OLSEN RD,,0,34.23544722,-118.856091670000,0,42,0,0,1,1,0,3,2,1,0,1,0,0000000,99,99,99,99,99,99,0,0,0,1,1
6,60901,1,1,0,0,0,1,1,93,0,8,6,2016,4,16,0,0,1,4,1,3,SR-96,,784,41.82827222,-122.962813890000,0,35,0,0,1,1,0,4,1,1,0,1,0,0000000,99,99,99,99,88,88,0,0,0,1,0
6,60902,1,1,0,0,0,1,1,55,2330,25,5,2016,4,22,50,0,2,2,1,3,SR-29,,110,38.29229167,-122.302016670000,0,24,0,0,1,1,0,3,2,1,0,1,0,0000000,99,99,99,99,99,99,0,0,0,1,0
6,60903,1,1,0,0,0,1,1,107,0,26,4,2016,3,12,25,0,1,5,2,4,CR-AVE 168,,0,36.09492500,-119.151416670000,0,34,0,0,1,1,0,4,1,1,0,1,0,0000000,99,99,99,99,99,99,0,0,0,1,0
6,60904,3,3,0,0,0,7,7,71,0,31,5,2016,3,12,5,0,1,3,2,4,CR-NATIONAL TRAILS HWY,,0,34.78089167,-117.258436110000,0,12,2,0,1,1,0,1,1,1,0,1,0,0000000,99,99,99,99,99,99,14,0,0,1,0
6,60905,1,1,0,1,1,1,1,59,3420,25,1,2016,2,18,7,0,2,4,4,6,WESTMINISTER AVE,LA BONITA AVE,0,33.75981667,-117.934363890000,0,9,0,0,2,2,0,1,3,1,0,1,0,0000000,99,99,99,99,88,88,0,0,0,1,0
6,60906,1,1,0,0,0,3,3,99,0,7,3,2016,2,6,55,0,1,5,2,4,CR-BECKWITH ROAD,,0,37.68164167,-121.103055560000,0,42,0,0,1,1,0,4,1,10,2,2,0,0000000,99,99,99,99,99,99,0,0,0,2,0
6,60909,1,1,0,0,0,1,1,99,0,12,6,2016,1,2,33,1,1,2,1,3,SR-99,,218,37.70043889,-121.071447220000,0,25,0,1,19,1,0,3,2,10,0,10,0,0000000,99,99,99,99,99,99,0,0,0,1,1
6,60910,2,1,1,0,0,1,1,99,0,16,6,2016,5,1,15,1,1,1,1,1,I-5 RAMP,,160,37.46510000,-121.182130560000,0,31,0,0,5,1,0,8,2,1,0,1,0,0000000,99,99,99,99,88,88,0,0,0,1,1
6,60911,2,2,0,0,0,2,2,107,0,2,4,2016,7,14,49,0,1,4,2,4,CR-ROAD 84,AVENUE 208,0,36.16739167,-119.383958330000,0,12,6,0,2,2,0,1,1,1,0,1,0,0000000,99,99,99,99,99,99,0,0,0,1,0
6,60912,2,2,0,0,0,2,2,53,3560,9,1,2016,7,22,42,0,2,5,4,6,TRINITY AVE,SAN LUCAS ST,0,36.60463889,-121.840366670000,0,12,6,0,2,3,0,1,3,1,0,1,0,0000000,99,99,99,99,99,99,0,0,0,1,1
6,60913,2,2,0,0,0,2,2,61,0,16,2,2016,3,13,50,0,1,7,2,4,CR-VIRGINIA DR,CR-KENNETH WAY,0,38.97668056,-121.092708330000,0,12,6,0,2,2,0,1,1,1,0,1,0,0000000,99,99,99,99,99,99,0,0,0,1,0
6,60914,1,1,0,1,1,2,2,37,3870,7,2,2016,1,2,22,0,2,3,4,9,HAWTHORNE BL,,0,33.83061389,-118.352427780000,0,8,0,0,1,1,0,1,3,1,0,1,0,0000000,99,99,99,99,88,88,0,0,0,1,0
6,60915,1,1,0,1,1,1,1,93,0,29,6,2016,4,5,5,1,1,3,1,3,SR-89,,140,41.26519722,-121.933388890000,0,8,0,0,1,1,0,1,2,1,0,1,0,0000000,99,99,99,99,88,88,0,0,0,1,0
6,60916,1,1,0,1,1,7,7,29,0,13,6,2016,2,21,40,0,1,4,2,4,CR-ROBERTS LN,MACARTHUR DR,0,35.40868889,-119.032438890000,0,15,0,0,1,1,0,1,2,1,0,1,0,0000000,99,99,99,99,99,99,0,0,0,1,0
6,60918,2,2,0,1,1,1,1,71,0,24,5,2016,3,22,5,1,1,1,1,1,I-15,,630,34.76921944,-117.146408330000,0,12,7,0,1,1,0,1,2,1,0,1,0,0000000,99,99,99,99,88,88,0,0,0,1,0
6,60919,1,1,0,1,1,1,1,67,712,24,2,2016,4,21,3,0,2,3,4,6,ANTELOPE RD,ZENITH DR,0,38.70743889,-121.315280560000,0,9,0,0,2,2,0,1,3,1,0,1,0,0000000,99,99,99,99,99,99,0,0,0,1,0
6,60920,1,1,0,1,1,2,2,85,3340,12,2,2016,6,0,10,0,2,4,4,6,WINCHESTER BL,DRIFTWOOD DR,0,37.29846389,-121.949833330000,0,9,0,0,2,3,0,1,3,1,0,1,0,0000000,99,99,99,99,88,88,0,0,0,1,0
6,60921,1,1,0,0,0,1,1,57,0,26,6,2016,1,13,10,1,1,2,1,3,SR-20,,239,39.29100000,-120.935705560000,0,17,0,0,1,1,0,4,1,1,0,1,0,0000000,99,99,99,99,88,88,0,0,0,1,0
6,60922,1,1,0,1,1,1,1,37,0,25,1,2016,2,14,35,0,1,7,2,4,CR-OCEANGATE AVE,132ND ST,0,33.91288333,-118.367116670000,0,9,0,0,2,2,0,1,1,1,0,1,0,0000000,99,99,99,99,99,99,0,0,0,1,0
6,60923,2,2,0,0,0,3,3,37,2700,21,2,2016,1,1,7,1,2,2,1,3,SR-134,,128,34.14546111,-118.166019440000,0,12,1,0,1,1,0,1,3,1,0,1,0,0000000,99,99,99,99,99,99,19,0,0,1,0
6,60924,1,1,0,0,0,1,1,107,0,13,5,2016,6,8,45,0,1,5,2,4,CR-AVENUE 360,,0,36.44432222,-119.461905560000,0,1,0,0,1,1,0,4,1,1,0,1,0,0000000,99,99,99,99,88,88,0,0,0,1,0
6,60925,1,1,0,0,0,1,1,1,0,27,6,2016,2,2,19,0,1,2,1,3,SR-49,,142,38.44775278,-120.862455560000,0,43,0,0,1,1,0,4,2,1,0,1,0,0000000,99,99,99,99,88,88,0,0,0,1,0
6,60926,1,1,0,1,1,1,1,37,0,9,6,2016,5,21,45,0,1,4,2,4,CR-COMPTON AVE,59TH ST,0,33.98738333,-118.247752780000,0,8,0,0,2,3,0,1,3,10,0,10,0,0000000,99,99,99,99,99,99,0,0,0,1,0
6,60927,2,2,0,1,1,4,4,37,1980,12,6,2016,1,8,17,1,2,1,1,1,I-10,,109,34.03458333,-118.341883330000,0,18,0,0,1,1,1,1,1,10,0,10,0,0000000,99,99,8,25,99,99,14,15,0,1,0
6,60928,2,2,0,0,0,2,2,79,0,30,4,2016,7,18,14,0,1,2,1,3,SR-58 E/B,,23,35.39159444,-120.596433330000,0,12,2,0,1,1,0,1,1,1,0,1,0,0000000,99,99,99,99,99,99,0,0,0,1,1
6,60929,2,2,0,0,0,2,2,1,2370,20,5,2016,6,21,25,1,2,2,1,3,SR-84,,57,37.55762222,-122.043430560000,0,12,1,0,1,1,0,1,2,1,0,1,0,0000000,99,99,99,99,88,88,0,0,0,1,1
6,60930,1,1,0,0,0,2,2,97,4239,17,4,2016,1,1,3,1,2,2,1,2,US-101  RAMP,OLD REDWOOD HIGHWAY,292,38.54633333,-122.806900000000,0,59,0,1,3,2,0,4,3,1,0,1,0,0000000,99,99,99,99,99,99,0,0,0,1,1
6,60931,1,1,0,0,0,1,1,1,2840,14,5,2016,7,7,30,1,2,1,1,1,I-680 RAMP,,204,37.70158056,-121.914175000000,0,20,0,1,19,1,0,8,1,10,0,10,0,0000000,99,99,99,99,88,88,0,0,0,1,0
6,60932,3,3,0,0,0,9,9,19,0,16,5,2016,2,16,54,1,1,2,1,3,SR-99,,126,36.64258889,-119.702183330000,0,12,1,0,1,1,0,1,1,1,0,1,0,0000000,99,99,99,99,99,99,0,0,0,1,0
6,60933,1,1,0,0,0,3,3,25,0,26,5,2016,5,23,15,0,1,3,2,4,CR-OGILBY RD,,0,32.94633889,-114.889427780000,0,1,0,0,1,1,0,4,2,1,0,1,0,0000000,99,99,99,99,99,99,0,0,0,1,0
6,60934,1,1,0,1,1,1,1,77,0,20,6,2016,2,19,46,0,1,2,1,3,SR-88,,15,37.99856944,-121.228600000000,0,8,0,0,1,1,0,2,1,1,0,1,0,0000000,99,99,99,99,88,88,23,0,0,1,0
6,60935,1,1,0,0,0,1,1,97,0,11,5,2016,4,15,17,0,1,5,2,4,CR-ARMSTRONG WOODS RD,,0,38.51788611,-122.995972220000,0,42,0,0,1,1,0,4,1,1,0,1,0,0000000,99,99,99,99,88,88,0,0,0,1,0
6,60936,2,2,0,0,0,2,2,19,0,18,5,2016,4,23,50,1,1,1,1,1,I-5,,45,36.12987500,-120.151113890000,0,12,1,0,1,1,0,1,2,1,0,1,0,0000000,99,99,99,99,88,88,0,0,0,1,0
6,60937,2,2,0,0,0,3,3,45,0,22,6,2016,4,12,13,0,1,2,1,3,SR-20,,45,39.40500556,-123.734052780000,0,12,8,0,1,1,0,1,1,1,0,1,0,0000000,99,99,99,99,99,99,0,0,0,1,0
6,60938,1,1,0,1,1,1,1,67,0,9,4,2016,7,22,6,0,1,3,2,4,CR-47TH AVE,MLK JR BL,0,38.51036667,-121.464577780000,0,8,0,0,3,2,0,1,3,2,0,2,0,0000000,99,99,99,99,88,88,0,0,0,1,0
6,60939,1,1,0,0,0,1,1,67,0,29,4,2016,6,18,11,0,1,6,2,4,CR-ISLETON ROAD,,0,38.19574722,-121.560011110000,0,43,0,0,1,1,0,4,1,1,0,1,0,0000000,99,99,99,99,99,99,0,0,0,1,0
6,60940,1,1,0,1,1,1,1,37,1980,16,3,2016,4,3,39,1,2,1,1,1,I-110,,203,34.02265000,-118.276980560000,0,8,0,0,1,1,0,1,2,1,0,1,0,0000000,99,99,99,99,88,88,0,0,0,1,0
6,60941,2,2,0,0,0,3,3,65,0,27,2,2016,7,14,38,0,1,5,2,4,CR-HAMMOND ROAD,,0,33.55185278,-116.053344440000,0,12,6,0,1,1,0,1,1,1,0,1,0,0000000,99,99,99,99,99,99,0,0,0,1,1
6,60942,1,1,0,0,0,1,1,65,0,24,5,2016,3,19,22,0,1,7,2,4,CR-GOLDEN ROD ROAD,,0,33.54449722,-117.132316670000,0,42,0,0,1,1,0,4,1,1,0,1,0,0000000,99,99,99,99,88,88,0,0,0,1,1
6,60943,2,2,0,0,0,4,4,5,0,10,6,2016,6,0,28,0,1,2,1,3,SR-16,,26,38.47219722,-120.981908330000,0,12,2,0,1,1,0,1,2,1,0,1,0,0000000,99,99,99,99,99,99,0,0,0,2,0
6,60944,2,2,0,0,0,2,2,53,0,19,4,2016,3,3,12,1,1,2,1,2,US-101,,486,36.27331944,-121.183750000000,0,12,6,0,1,1,0,1,2,1,0,1,0,0000000,99,99,99,99,99,99,0,0,0,1,0
6,60945,2,2,0,0,0,3,3,5,0,19,6,2016,1,6,30,0,1,6,2,4,CR-RIDGE RD,,0,38.40113889,-120.752011110000,0,12,2,0,1,1,0,1,1,1,0,1,0,0000000,99,99,99,99,99,99,0,0,0,1,0
6,60946,1,1,0,0,0,1,1,23,0,14,5,2016,7,13,55,0,1,4,1,3,SR-36,,133,40.47741667,-123.963350000000,0,59,0,0,1,1,0,4,1,10,0,10,0,0000000,99,99,99,99,88,88,0,0,0,1,1
6,60947,2,2,0,0,0,3,3,67,0,5,6,2016,1,0,43,1,1,2,1,3,SR-99,,210,38.51207222,-121.460688890000,0,12,1,1,18,1,0,1,3,1,0,1,0,0000000,99,99,99,99,88,88,0,0,0,1,0
6,60948,2,2,0,0,0,2,2,19,0,28,6,2016,3,16,10,0,1,3,2,4,CR-MCKINLEY AVE,ROLINDA AVE,0,36.76418333,-119.960861110000,0,12,6,0,2,2,0,1,1,1,0,1,0,0000000,99,99,99,99,99,99,0,0,0,1,0
6,60949,1,1,0,0,0,3,3,99,0,24,6,2016,6,18,35,1,1,1,1,1,I-5,,150,37.45844444,-121.175919440000,0,1,0,0,1,1,0,4,1,1,0,1,0,0000000,99,99,99,99,99,99,0,0,0,1,1
6,60950,1,1,0,0,0,1,1,37,0,15,5,2016,1,16,0,0,1,3,2,4,CR-SIERRA HWY,,0,34.51617500,-118.276452780000,0,35,0,0,1,1,0,4,1,1,0,1,0,0000000,99,99,99,99,99,99,0,0,0,1,0
6,60951,1,1,0,0,0,1,1,65,4197,20,6,2016,2,2,6,1,2,1,1,1,I-15,,175,33.64186667,-117.283750000000,0,39,0,0,1,1,0,4,2,1,0,1,0,0000000,99,99,99,99,88,88,0,0,0,1,0
6,60952,2,2,0,0,0,6,6,77,3770,25,1,2016,2,0,49,0,2,7,4,6,MARANATHA DR,BRYANT DR,0,38.02679722,-121.264386110000,0,12,6,1,2,2,0,1,3,10,0,10,0,0000000,99,99,99,99,99,99,0,0,0,1,1
6,60953,1,1,0,1,1,1,1,37,804,5,2,2016,6,16,15,0,2,4,4,6,TELEGRAPH RD,MCBRIDE AVE,0,34.01606944,-118.170861110000,0,33,0,0,3,2,0,4,1,1,0,1,0,0000000,99,99,99,99,99,99,15,0,0,1,0
6,60954,2,2,0,1,1,5,5,39,0,10,5,2016,3,1,7,1,1,2,1,3,SR-99,,130,36.98774722,-120.090561110000,0,8,0,0,1,1,0,2,2,1,0,1,0,0000000,99,99,99,99,88,88,0,0,0,1,0
6,60955,4,2,2,0,2,2,4,67,3150,24,4,2016,1,17,34,1,2,2,1,2,US-50,,40,38.55505278,-121.402758330000,0,14,0,0,1,1,0,2,1,1,0,1,0,0000000,99,99,99,99,99,99,14,0,0,1,1
6,60956,3,3,0,0,0,5,5,67,0,3,5,2016,3,22,54,0,1,2,1,3,SR-16 (JACKSON ROAD),,165,38.54337500,-121.387269440000,0,12,8,0,1,1,0,1,3,1,0,1,0,0000000,99,99,99,99,99,99,0,0,0,2,1
6,60957,1,1,0,0,0,1,1,67,0,14,6,2016,3,4,25,0,1,3,2,4,CR-SCOTT RD,,0,38.52876389,-121.104108330000,0,38,0,0,1,1,0,4,2,1,0,1,0,0000000,99,99,99,99,88,88,0,0,0,1,0
6,60958,4,4,0,0,0,4,4,77,0,22,6,2016,4,6,2,0,1,2,1,3,SR-26,,200,38.09218333,-120.947227780000,0,12,2,0,1,1,0,1,1,1,0,1,0,0000000,99,99,99,99,99,99,14,0,0,1,0
6,60959,1,1,0,0,0,2,2,115,0,27,6,2016,2,10,49,1,1,2,1,3,SR-20,,194,39.21112222,-121.317261110000,0,1,0,0,1,1,0,1,1,1,0,1,0,0000000,99,99,99,99,99,99,0,0,0,1,0
6,60960,1,1,0,0,0,1,1,109,0,18,6,2016,7,4,35,0,1,6,2,4,CR-ALGERINE RD,,0,37.91603333,-120.389188890000,0,23,0,0,1,1,0,4,2,1,0,1,0,0000000,99,99,99,99,88,88,0,0,0,1,1
6,60961,1,1,0,0,0,2,2,19,1370,23,6,2016,5,18,54,0,2,2,1,3,SR-168 RAMP,,599,36.75627500,-119.750797220000,0,24,0,0,5,1,0,4,1,1,0,1,0,0000000,99,99,99,99,99,99,0,0,0,1,0
6,60962,1,1,0,0,0,1,1,65,0,11,6,2016,7,18,56,0,1,4,2,4,CR-TEMESCAL CANYON RD,,0,33.73222778,-117.409186110000,0,42,0,0,1,1,0,4,1,10,0,10,0,0000000,99,99,99,99,99,99,0,0,0,1,0
6,60963,2,2,0,0,0,2,2,71,3000,18,6,2016,7,14,30,1,2,2,1,3,SR-210,,167,34.13637222,-117.405108330000,0,12,6,0,1,1,0,1,1,1,0,1,0,0000000,99,99,99,99,99,99,0,0,0,1,1
6,60964,2,2,0,0,0,3,3,5,0,17,5,2016,3,11,5,0,1,2,1,3,SR-49,,130,38.43223056,-120.852541670000,0,12,2,0,1,1,0,1,1,1,0,1,0,0000000,99,99,99,99,99,99,0,0,0,2,0
6,60965,1,1,0,0,0,1,1,85,0,20,4,2016,4,13,33,0,1,3,1,3,SR-17,,52,37.20621389,-121.990711110000,0,24,0,0,1,1,0,4,1,10,0,10,0,0000000,99,99,99,99,88,88,0,0,0,1,0
6,60966,1,1,0,0,0,4,4,39,0,27,6,2016,2,13,35,0,1,5,2,4,CR-FIREBAUGH BLVD,,0,36.90660833,-120.276300000000,0,6,0,0,1,1,0,1,1,1,0,1,0,0000000,99,99,99,99,88,88,0,0,0,1,0
6,60967,1,1,0,0,0,2,2,59,4267,30,1,2016,7,0,57,0,2,7,4,6,HIDDEN HILLS ROAD,,0,33.88104444,-117.745125000000,0,33,0,0,1,1,0,4,3,1,0,1,0,0000000,99,99,99,99,99,99,0,0,0,1,1
6,60968,1,1,0,0,0,1,1,37,1695,10,2,2016,4,2,9,0,2,3,4,6,CROSSROADS PARKWAY NORTH,,0,34.02941667,-118.014777780000,0,33,0,0,1,1,0,4,3,1,0,1,0,0000000,99,99,99,99,88,88,0,0,0,1,0
6,60969,1,1,0,1,1,1,1,111,4027,18,2,2016,5,10,4,0,2,5,4,6,BRISTOL ROAD,SUNRIDGE DRIVE,0,34.25400556,-119.201408330000,0,15,0,0,2,2,0,1,1,1,0,1,0,0000000,99,99,99,99,99,99,16,0,0,1,0
6,60970,1,1,0,1,1,5,5,85,3340,25,2,2016,5,8,18,0,2,7,4,6,BELLINGHAM DRIVE,,0,37.30747222,-121.829244440000,0,8,0,0,8,1,0,4,1,1,0,1,0,0000000,99,99,99,99,88,88,24,0,0,1,0
6,60971,1,1,0,0,0,2,2,17,0,12,6,2016,1,11,23,0,2,4,2,4,CR-MOTHER LODE DRIVE,,0,38.67022778,-120.894850000000,0,1,0,0,1,1,0,1,1,1,0,1,0,0000000,99,99,99,99,99,99,0,0,0,1,0
6,60972,1,1,0,0,0,1,1,107,0,20,6,2016,2,15,25,0,1,7,2,4,CR-WORTH DR,,0,36.06403333,-118.909000000000,0,33,0,0,1,1,0,4,1,1,0,1,0,0000000,99,99,99,99,88,88,0,0,0,1,0
6,60973,1,1,0,1,1,1,1,73,3260,11,4,2016,2,21,56,1,2,2,1,3,SR-94,,20,32.71326389,-117.138516670000,0,8,0,0,1,1,0,1,2,1,0,1,0,0000000,99,99,99,99,88,88,0,0,0,1,0