STATE,ST_CASE,VE_TOTAL,VE_FORMS,PVH_INVL,PEDS,PERNOTMVIT,PERMVIT,PERSONS,COUNTY,CITY,DAY,MONTH,YEAR,DAY_WEEK,HOUR,MINUTE,NHS,RUR_URB,FUNC_SYS,RD_OWNER,ROUTE,TWAY_ID,TWAY_ID2,MILEPT,LATITUDE,LONGITUD,SP_JUR,HARM_EV,MAN_COLL,RELJCT1,RELJCT2,TYP_INT,WRK_ZONE,REL_ROAD,LGT_COND,WEATHER1,WEATHER2,WEATHER,SCH_BUS,RAIL,NOT_HOUR,NOT_MIN,ARR_HOUR,ARR_MIN,HOSP_HR,HOSP_MN,CF1,CF2,CF3,FATALS,DRUNK_DR
6,60974,2,2,0,0,0,2,2,65,0,12,6,2016,1,1,20,0,1,4,2,4,CR-MURRIETA HOT SPRINGS RD,,0,33.55222778,-117.123583330000,0,12,2,0,1,1,0,1,2,1,0,1,0,0000000,99,99,99,99,99,99,0,0,0,1,1
6,60975,1,1,0,1,1,1,1,75,3290,11,3,2016,6,5,50,0,2,3,4,6,BROADWAY ST,POWELL ST,0,37.79741667,-122.410272220000,0,8,0,0,3,2,0,1,3,2,0,2,0,0000000,99,99,99,99,88,88,0,0,0,1,0
6,60976,1,1,0,1,1,1,1,71,4000,22,3,2016,3,5,20,0,2,3,4,6,MOUNTAIN AVE,,0,34.08928889,-117.670130560000,0,8,0,0,1,1,0,1,3,1,0,1,0,0000000,99,99,99,99,88,88,0,0,0,1,0
6,60977,1,1,0,1,1,1,1,37,1980,20,3,2016,1,6,30,0,2,3,4,6,VERMONT AVE,VERNON AVE,0,34.00358056,-118.291583330000,0,8,0,0,3,2,0,1,1,10,0,10,0,0000000,99,99,99,99,99,99,0,0,0,1,0
6,60978,2,1,1,1,1,2,2,65,3070,5,3,2016,7,9,9,0,2,5,4,6,68TH ST,,0,33.96450000,-117.542666670000,0,8,0,0,1,1,1,4,1,10,0,10,0,0000000,99,99,99,99,88,88,0,0,0,1,1
6,60979,1,1,0,1,1,1,1,65,0,2,7,2016,7,19,30,0,1,5,2,4,CR-NORTH INDIAN CANYON DR,,0,33.92766667,-116.545247220000,0,8,0,0,1,1,0,2,5,1,0,1,0,0000000,88,88,88,88,88,88,0,0,0,1,1
6,60980,1,1,0,1,1,1,1,67,0,4,7,2016,2,20,15,0,1,4,2,4,CR-SAN JUAN AVE,,0,38.64999722,-121.292016670000,0,8,0,0,1,1,0,1,1,1,0,1,0,0000000,99,99,99,99,88,88,0,0,0,1,0
6,60981,1,1,0,0,0,1,1,59,80,1,7,2016,6,0,0,1,2,2,1,3,SR-91,,84,33.85102222,-117.837438890000,0,33,0,0,1,1,0,4,2,1,0,1,0,0000000,99,99,99,99,88,88,0,0,0,1,1
6,60982,1,1,0,0,0,1,1,85,3340,1,7,2016,6,22,45,1,2,2,1,2,US-101 RAMP,,269,37.24499444,-121.771652780000,0,1,0,1,5,1,0,4,2,1,0,1,0,0000000,99,99,99,99,88,88,0,0,0,1,1
6,60983,1,1,0,0,0,1,1,47,0,4,7,2016,2,13,50,1,1,2,1,3,SR-152,,85,37.08118056,-121.092019440000,0,24,0,0,1,1,0,3,1,6,0,6,0,0000000,99,99,99,99,88,88,0,0,0,1,0
6,60984,2,1,1,0,1,2,3,65,9997,2,7,2016,7,1,19,1,2,2,1,3,SR-60,,1,34.02342222,-117.556738890000,0,1,0,1,19,1,0,4,3,1,0,1,0,0000000,99,99,99,99,99,99,0,0,0,1,0
6,60985,1,1,0,0,0,1,1,71,0,3,7,2016,1,99,99,1,1,3,1,3,SR-38,,527,34.26172500,-116.899683330000,0,43,0,0,1,1,0,4,2,1,0,1,0,0000000,99,99,99,99,88,88,0,0,0,1,0
6,60986,2,2,0,0,0,7,7,71,0,1,7,2016,6,4,10,1,1,1,1,1,I-15,,1170,35.08753611,-116.322247220000,0,24,0,0,1,1,0,4,2,1,0,1,0,0000000,99,99,99,99,99,99,0,0,0,1,0
6,60987,1,1,0,0,0,4,4,29,0,3,7,2016,1,16,40,0,1,3,2,4,CR-ALFRED HARRELL HWY,,0,35.43617500,-118.932052780000,0,24,0,1,19,1,0,3,1,1,0,1,0,0000000,99,99,99,99,99,99,0,0,0,2,1
6,60988,1,1,0,0,0,1,1,77,0,1,7,2016,6,11,55,0,1,2,1,3,SR-4,,78,37.91825833,-121.441388890000,0,1,0,0,1,1,0,4,1,10,0,10,0,0000000,99,99,99,99,88,88,0,0,0,1,0
6,60989,3,3,0,0,0,11,11,95,1260,2,7,2016,7,11,20,1,2,2,1,3,SR-12 E/B,,26,38.23989444,-122.078186110000,0,12,1,0,1,1,0,1,1,1,0,1,0,0000000,99,99,99,99,99,99,28,0,0,1,0
6,60990,1,1,0,0,0,1,1,37,3870,4,7,2016,2,3,5,1,2,1,1,1,I-405,,145,33.85989722,-118.309747220000,0,25,0,0,1,1,0,3,3,1,0,1,0,0000000,99,99,99,99,88,88,0,0,0,1,0
6,60992,1,1,0,0,0,1,1,77,0,29,2,2016,2,23,7,1,1,2,1,3,SR-99,,377,38.23100833,-121.278947220000,0,42,0,0,1,1,0,4,2,1,0,1,0,0000000,99,99,99,99,88,88,0,0,0,1,0
6,60993,2,2,0,0,0,4,4,65,0,10,5,2016,3,6,14,0,1,5,2,4,CR-MOUNTAIN AVE,,0,33.76223611,-116.913066670000,0,12,8,0,1,1,0,1,1,1,0,1,0,0000000,99,99,99,99,99,99,0,0,0,1,0
6,60994,1,1,0,1,1,1,1,77,3770,1,4,2016,6,11,31,0,2,7,4,6,TAMWORTH WAY,ROBINHOOD DRIVE,0,38.00099722,-121.313883330000,0,8,0,0,3,2,0,1,1,1,0,1,0,0000000,99,99,99,99,88,88,0,0,0,1,0
6,60995,1,1,0,1,1,2,2,107,4050,1,4,2016,6,20,27,0,2,4,4,6,WALNUT AVE,SALLEE ST,0,36.31294167,-119.317663890000,0,8,0,0,3,3,0,1,3,1,0,1,0,0000000,99,99,99,99,99,99,0,0,0,1,0
6,60996,1,1,0,1,1,1,1,67,3150,10,4,2016,1,1,18,0,2,3,4,6,NORTHGATE BLVD,,0,38.63719167,-121.476950000000,0,8,0,0,1,1,0,1,3,2,0,2,0,0000000,99,99,99,99,88,88,0,0,0,1,0
6,60997,2,2,0,0,0,2,2,37,1980,12,4,2016,3,23,5,0,2,3,4,6,IMPERIAL HIGHWAY,MAIN ST,0,33.93100833,-118.273905560000,0,12,6,0,2,2,0,1,3,1,0,1,0,0000000,99,99,99,99,99,99,0,0,0,1,0
6,60998,1,1,0,1,1,1,1,65,1580,15,4,2016,6,20,22,0,2,5,4,6,CAWSTON AVE,,0,33.72750000,-117.015344440000,0,8,0,0,1,1,0,1,3,1,0,1,0,0000000,99,99,99,99,88,88,0,0,0,1,0
6,60999,3,3,0,0,0,4,4,65,0,9,7,2016,7,10,42,1,1,2,1,3,SR-74 (WESTBOUND),OLD STATE HIGHWAY,339,33.73889722,-117.084050000000,0,12,6,0,3,3,0,1,1,1,0,1,0,0000000,99,99,99,99,99,99,0,0,0,1,0
6,61000,2,1,1,1,1,3,3,71,0,12,7,2016,3,6,11,1,1,1,1,1,I-15,,510,34.63300000,-117.226700000000,0,14,0,0,1,1,0,2,1,1,0,1,0,0000000,99,99,99,99,99,99,23,0,0,1,0
6,61001,3,3,0,0,0,5,5,59,3250,10,7,2016,1,0,20,1,2,1,1,1,I-5 N/B (SAN DIEGO FRWY),,51,33.45369722,-117.645358330000,0,24,0,0,1,1,1,4,2,1,0,1,0,0000000,99,99,99,99,99,99,14,0,0,2,1
6,61002,1,1,0,0,0,2,2,17,0,20,6,2016,2,23,45,0,1,5,2,4,CR-BEATTY DR,,0,38.68474167,-121.094419440000,0,33,0,0,1,1,0,4,2,1,0,1,0,0000000,99,99,99,99,99,99,0,0,0,1,0
6,61003,2,2,0,0,0,3,3,97,3490,21,6,2016,3,17,30,1,2,2,1,2,US-101,,230,38.47798333,-122.732313890000,0,12,1,0,1,1,0,1,1,1,0,1,0,0000000,99,99,99,99,99,99,0,0,0,1,0
6,61004,2,2,0,0,0,2,2,71,0,22,6,2016,4,5,33,1,1,1,1,1,I-15,,275,34.35006111,-117.445661110000,0,12,1,0,1,1,0,1,4,1,0,1,0,0000000,99,99,5,46,88,88,0,0,0,1,0
6,61005,1,1,0,1,1,1,1,67,3150,19,4,2016,3,9,19,0,2,3,4,6,POWER INN ROAD,,0,38.52100000,-121.409075000000,0,33,0,0,1,1,0,4,1,1,0,1,0,0000000,99,99,99,99,99,99,0,0,0,1,0
6,61006,1,1,0,1,1,1,1,23,1220,18,2,2016,5,15,16,1,2,3,1,2,US-101,O ST,790,40.80411111,-124.156405560000,0,8,0,0,3,2,0,1,1,10,0,10,0,0000000,99,99,99,99,99,99,0,0,0,1,0
6,61007,1,1,0,1,1,1,1,37,1980,21,4,2016,5,23,25,0,2,3,4,6,SLAUSON AVE,,0,33.98913333,-118.313366670000,0,8,0,0,1,1,0,1,3,1,0,1,0,0000000,99,99,99,99,88,88,19,0,0,1,0
6,61008,1,1,0,1,1,1,1,37,1430,16,4,2016,7,20,0,0,2,4,4,6,EAST BROADWAY,BELMONT ST,0,34.14624722,-118.243119440000,0,8,0,0,3,2,0,1,3,1,0,1,0,0000000,99,99,99,99,99,99,0,0,0,1,0
6,61009,1,1,0,0,0,1,1,67,0,26,4,2016,3,8,3,1,1,1,1,1,I-80 RAMP,,143,38.68275000,-121.337622220000,0,1,0,1,20,1,0,1,1,1,0,1,0,0000000,99,99,99,99,88,88,0,0,0,1,0
6,61010,1,1,0,0,0,8,8,65,4197,18,6,2016,7,3,45,1,2,1,1,1,I-15,,131,33.59050833,-117.239311110000,0,38,0,0,1,1,0,4,3,1,0,1,0,0000000,99,99,99,99,99,99,0,0,0,1,0
6,61011,3,3,0,0,0,3,3,95,0,26,5,2016,5,10,22,1,1,2,1,3,SR-12,,140,38.21530000,-121.883969440000,0,12,2,0,1,1,0,2,1,1,0,1,0,0000000,99,99,99,99,99,99,14,0,0,1,0
6,61012,1,1,0,0,0,1,1,73,2510,16,6,2016,5,23,15,1,2,2,1,3,SR-78,,14,33.18119722,-117.328663890000,0,35,0,1,19,1,0,4,2,1,0,1,0,0000000,99,99,99,99,88,88,0,0,0,1,1
6,61013,1,1,0,0,0,3,3,53,0,5,7,2016,3,16,25,0,1,5,2,4,CR-CATTLEMEN RD,,0,36.03379167,-120.910000000000,0,1,0,0,1,1,0,1,1,1,0,1,0,0000000,99,99,99,99,99,99,0,0,0,1,0
6,61014,1,1,0,0,0,1,1,79,0,3,6,2016,6,2,55,1,1,2,1,2,US-101,,427,35.45048333,-120.639650000000,0,35,0,0,1,1,0,4,3,1,0,1,0,0000000,99,99,99,99,88,88,0,0,0,1,1
6,61015,1,1,0,0,0,1,1,59,1410,30,4,2016,7,1,42,0,2,3,4,6,CHAPMAN AVE,,0,33.78875556,-117.928822220000,0,33,0,0,1,1,0,4,3,2,0,2,0,0000000,99,99,99,99,88,88,0,0,0,1,1
6,61016,1,1,0,1,1,2,2,67,0,1,6,2016,4,19,55,0,1,4,2,4,CR-FRENCH ROAD,OCATILLO ST,0,38.48173333,-121.390275000000,0,9,0,0,3,2,0,1,1,1,0,1,0,0000000,99,99,99,99,99,99,0,0,0,1,0
6,61017,1,1,0,0,0,1,1,73,0,7,5,2016,7,6,54,1,1,1,1,1,I-5,,721,33.39324444,-117.591677780000,0,1,0,0,1,1,0,3,1,10,0,10,0,0000000,99,99,99,99,88,88,0,0,0,1,0
6,61018,1,1,0,1,1,2,2,13,110,18,2,2016,5,20,10,0,2,3,4,6,G ST,,0,37.99824722,-121.815258330000,0,8,0,0,1,1,0,1,3,1,0,1,0,0000000,99,99,99,99,99,99,0,0,0,1,0
6,61019,1,1,0,1,1,2,2,65,410,18,3,2016,6,23,50,0,2,5,4,6,HOBSON WY,,0,33.61094722,-114.556938890000,0,8,0,0,1,1,0,1,2,1,0,1,0,0000000,99,99,99,99,88,88,0,0,0,1,0
6,61020,1,1,0,0,0,1,1,37,1980,20,5,2016,6,2,30,0,2,3,4,6,RIVERSIDE DR,,0,34.09920278,-118.249452780000,0,33,0,0,1,1,0,4,3,1,0,1,0,0000000,99,99,99,99,88,88,0,0,0,1,0
6,61021,1,1,0,1,1,2,2,107,4050,4,4,2016,2,9,5,0,2,4,4,6,SANTA FE ST,,0,36.30370278,-119.287227780000,0,9,0,0,1,1,0,1,1,1,0,1,0,0000000,99,99,9,13,99,99,16,0,0,1,0
6,61022,1,1,0,1,1,2,2,67,3150,25,4,2016,2,20,8,0,2,3,4,6,EL CAMINO AVE,,0,38.61109444,-121.421788890000,0,9,0,0,1,1,0,1,5,1,0,1,0,0000000,99,99,99,99,99,99,0,0,0,1,1
6,61023,1,1,0,0,0,1,1,37,3455,25,6,2016,7,0,59,0,2,4,4,6,LOS NIETOS RD,,0,33.95520833,-118.067969440000,0,33,0,0,1,1,0,4,3,1,0,1,0,0000000,99,99,99,99,88,88,0,0,0,1,0
6,61024,1,1,0,1,1,1,1,59,3420,29,4,2016,6,20,35,0,2,4,4,6,5TH ST,FAIRVIEW ST,0,33.74877222,-117.904691670000,0,8,0,0,3,2,0,1,3,1,0,1,0,0000000,99,99,99,99,99,99,0,0,0,1,0
6,61025,1,1,0,0,0,2,2,37,2684,9,6,2016,5,3,25,0,2,4,4,6,SOMERSET BL,,0,33.89640278,-118.174597220000,0,33,0,0,1,1,0,4,3,1,0,1,0,0000000,99,99,99,99,88,88,0,0,0,1,1
6,61026,1,1,0,0,0,1,1,37,4190,4,6,2016,7,19,46,0,2,3,4,6,BEVERLY BL,,0,33.98826667,-118.048200000000,0,24,0,0,1,1,0,3,1,1,0,1,0,0000000,99,99,99,99,88,88,0,0,0,1,0
6,61027,1,1,0,1,1,2,2,65,0,30,4,2016,7,20,15,0,2,2,1,3,SR-74,,238,33.76135278,-117.266286110000,0,49,0,0,1,1,0,1,2,1,0,1,0,0000000,99,99,99,99,99,99,0,0,0,1,0
6,61028,1,1,0,0,0,1,1,59,2560,4,5,2016,4,11,12,1,2,2,1,3,SR-57,,173,33.78778889,-117.879811110000,0,23,0,1,19,1,0,4,1,10,0,10,0,0000000,99,99,99,99,88,88,0,0,0,1,0
6,61029,2,2,0,0,0,3,3,75,3290,27,4,2016,4,12,7,0,2,3,4,6,THE EMBARCADERO,BRYANT ST,0,37.78706389,-122.387708330000,0,12,6,0,2,2,0,1,1,1,0,1,0,0000000,99,99,99,99,99,99,0,0,0,1,0
6,61030,1,1,0,1,1,1,1,75,3290,10,5,2016,3,22,25,0,2,4,4,6,BROTHERHOOD WY,,0,37.71281111,-122.471455560000,0,8,0,0,5,1,0,1,3,10,0,10,0,0000000,99,99,99,99,99,99,0,0,0,1,1
6,61031,2,2,0,0,0,3,3,37,1980,30,4,2016,7,19,45,0,2,3,4,6,SHERMAN WAY,LURLINE AVE,0,34.20111111,-118.584125000000,0,12,6,0,2,2,0,1,3,1,0,1,0,0000000,99,99,99,99,99,99,0,0,0,1,0
6,61032,1,1,0,0,0,1,1,95,4020,29,4,2016,6,9,45,0,2,4,4,6,COUCH ST,,0,38.11770000,-122.252425000000,0,30,0,0,1,1,0,4,1,1,0,1,0,0000000,99,99,99,99,99,99,0,0,0,1,1
6,61033,2,2,0,0,0,3,3,37,930,7,5,2016,7,13,41,0,2,3,4,6,OVERLAND AVE,,0,34.00138056,-118.390972220000,0,33,0,0,1,1,0,3,1,10,0,10,0,0000000,99,99,99,99,88,88,0,0,0,1,0
6,61034,1,1,0,0,0,1,1,113,4163,19,5,2016,5,18,26,0,2,5,4,6,TOWER BRIDGE GATEWAY,,0,38.58206111,-121.514277780000,0,43,0,0,1,1,0,4,1,10,0,10,0,0000000,99,99,99,99,99,99,0,0,0,1,0
6,61035,1,1,0,1,1,1,1,73,2340,13,6,2016,2,4,15,1,1,1,1,1,I-5,,117,32.68018889,-117.110152780000,0,8,0,0,1,1,0,1,2,10,0,10,0,0000000,99,99,99,99,88,88,0,0,0,1,0
6,61036,1,1,0,1,1,1,1,71,1603,11,1,2016,2,20,0,0,2,4,4,6,COTTONWOOD AVE,WALNUT ST,0,34.42503611,-117.338413890000,0,8,0,0,2,3,0,1,2,1,0,1,0,0000000,99,99,99,99,99,99,0,0,0,1,0
6,61037,1,1,0,1,1,1,1,73,3260,11,5,2016,4,20,58,0,2,4,4,6,DAIRY MART ROAD,,0,32.56055556,-117.062419440000,0,8,0,0,1,1,0,1,2,1,0,1,0,0000000,99,99,99,99,88,88,0,0,0,1,0
6,61038,2,2,0,0,0,2,2,65,526,11,5,2016,4,11,26,0,2,7,4,6,DESERT LAWN DRIVE,,0,33.95165278,-117.011730560000,0,12,2,0,1,1,0,1,1,1,0,1,0,0000000,99,99,99,99,99,99,0,0,0,1,0
6,61039,1,1,0,1,1,1,1,67,3150,5,5,2016,5,5,55,0,2,4,4,6,ROSEVILLE ROAD,,0,38.63146944,-121.412655560000,0,8,0,0,1,1,0,1,4,1,0,1,0,0000000,99,99,99,99,88,88,0,0,0,1,0
6,61040,1,1,0,1,1,1,1,81,2980,31,1,2016,1,20,27,0,2,4,4,6,BROADWAY ST,BEECH ST,0,37.48685556,-122.221133330000,0,8,0,0,2,2,0,1,3,1,0,1,0,0000000,99,99,99,99,99,99,0,0,0,1,0
6,61041,1,1,0,1,1,1,1,73,3499,4,3,2016,6,11,57,0,2,4,4,6,CUYAMACA ST,,0,32.84469444,-116.983711110000,0,9,0,0,1,1,0,1,1,1,0,1,0,0000000,99,99,99,99,99,99,0,0,0,1,0
6,61042,2,2,0,0,0,4,4,57,3900,8,5,2016,1,19,20,0,2,5,4,6,GLENSHIRE DRIVE,OLD HIGHWAY 40,0,39.35735833,-120.118636110000,0,12,8,0,3,3,0,1,1,1,0,1,0,0000000,99,99,99,99,99,99,0,0,0,1,1
6,61043,2,2,0,0,0,2,2,17,0,27,4,2016,4,18,0,0,1,4,2,4,CR-PLEASANT VALLEY RD,,0,38.68588056,-120.778394440000,0,12,2,0,1,1,0,1,1,10,0,10,0,0000000,99,99,99,99,99,99,0,0,0,1,0
6,61044,1,1,0,1,1,1,1,67,0,7,5,2016,7,23,42,0,1,3,2,4,CR-WATT AVE,MARCONI AVE,0,38.61765278,-121.383019440000,0,8,0,0,3,2,0,1,3,10,0,10,0,0000000,99,99,99,99,99,99,0,0,0,1,0
6,61045,3,3,0,0,0,5,5,95,0,21,5,2016,7,18,48,0,1,2,1,3,SR-113,HAY RD,101,38.31502500,-121.823436110000,0,12,2,0,2,3,0,1,1,1,0,1,0,0000000,99,99,99,99,88,88,14,0,0,2,1
6,61046,2,2,0,0,0,2,2,73,0,19,6,2016,1,16,50,0,1,2,1,3,SR-78,,532,33.10610833,-116.655777780000,0,1,0,0,1,1,0,1,1,1,0,1,0,0000000,99,99,99,99,99,99,14,0,0,1,1
6,61047,2,2,0,0,0,6,6,73,0,19,6,2016,1,15,25,0,1,5,2,4,CR-ELKELTON BL,,0,32.70533611,-117.013497220000,0,12,2,0,1,1,0,1,1,1,0,1,0,0000000,99,99,99,99,99,99,0,0,0,1,1
6,61048,1,1,0,0,0,4,4,71,0,26,6,2016,1,23,15,1,1,1,1,1,I-15,,1347,35.23866944,-116.098002780000,0,1,0,0,1,1,0,4,2,1,0,1,0,0000000,99,99,99,99,88,88,0,0,0,1,0
6,61049,1,1,0,0,0,1,1,59,3558,24,4,2016,1,21,21,0,2,3,4,6,SEAL BEACH BLVD,,0,33.77438611,-118.075041670000,0,5,0,1,18,1,0,1,3,1,0,1,0,0000000,99,99,99,99,99,99,0,0,0,1,0
6,61050,1,1,0,1,1,1,1,73,1820,10,5,2016,3,20,23,0,2,3,4,6,EL CAJON BLVD,,0,32.76845556,-117.037258330000,0,8,0,0,1,1,0,1,3,1,0,1,0,0000000,99,99,99,99,99,99,0,0,0,1,0
6,61051,1,1,0,1,1,1,1,37,1980,11,5,2016,4,22,10,0,2,4,4,6,TOPANGA CANYON BLVD,,0,34.22735278,-118.605277780000,0,18,0,0,1,1,0,1,3,1,0,1,0,0000000,99,99,99,99,88,88,15,0,0,1,0
6,61052,1,1,0,1,1,1,1,37,4120,12,5,2016,5,20,56,0,2,3,4,6,AZUSA AVE,FAIRGROVE AVE,0,34.04301944,-117.911247220000,0,8,0,0,3,3,0,1,3,1,0,1,0,0000000,99,99,99,99,88,88,0,0,0,1,0
6,61053,1,1,0,0,0,1,1,59,1660,14,5,2016,7,0,3,0,2,3,4,6,WARNER AVE,,0,33.71529167,-118.048513890000,0,33,0,0,1,1,0,4,3,1,0,1,0,0000000,99,99,99,99,88,88,0,0,0,1,1
6,61054,1,1,0,0,0,2,2,65,2278,14,4,2016,5,21,32,0,2,5,4,6,MANZANITA AVE,,0,33.96263333,-117.232077780000,0,33,0,0,1,1,0,4,3,1,0,1,0,0000000,99,99,99,99,99,99,0,0,0,1,1
6,61055,1,1,0,0,0,2,2,21,0,20,6,2016,2,2,0,0,1,2,1,3,SR-162,,563,39.55788611,-122.363516670000,0,1,0,0,1,1,0,4,2,1,0,1,0,0000000,99,99,99,99,88,88,0,0,0,1,0
6,61056,2,2,0,1,1,2,2,85,2000,11,4,2016,2,5,8,0,2,2,1,3,SR-85 RAMP,,95,37.25546944,-121.952380560000,0,8,0,0,20,1,0,1,2,1,0,1,0,0000000,99,99,99,99,88,88,0,0,0,1,0
6,61057,2,2,0,0,0,3,3,85,3340,5,6,2016,1,22,5,1,2,1,1,1,I-280,,3,37.33644167,-121.856683330000,0,12,1,0,1,1,0,1,2,1,0,1,0,0000000,99,99,99,99,99,99,0,0,0,1,1
6,61058,1,1,0,1,1,1,1,37,4120,13,5,2016,6,7,8,0,2,3,4,6,SUNSET AVE,ROWLAND AVE,0,34.07953056,-117.934966670000,0,8,0,0,3,3,0,1,1,1,0,1,0,0000000,99,99,99,99,99,99,0,0,0,1,0
6,61059,2,2,0,0,0,2,2,67,3150,4,5,2016,4,13,34,0,2,3,4,6,ELDER CREEK ROAD,LOGAN STREET,0,38.51057778,-121.415186110000,0,12,2,0,2,3,0,1,1,10,0,10,0,0000000,99,99,99,99,99,99,14,0,0,1,0
6,61060,1,1,0,0,0,1,1,69,1620,17,5,2016,3,15,33,0,2,7,4,6,PARK STREET,,0,36.84347500,-121.395147220000,0,42,0,0,1,1,0,4,1,1,0,1,0,0000000,99,99,99,99,99,99,0,0,0,1,0
6,61061,3,3,0,0,0,3,3,67,3150,20,5,2016,6,19,42,0,2,4,4,6,BROADWAY,,0,38.54677500,-121.457194440000,0,12,8,0,1,1,0,1,1,2,0,2,0,0000000,99,99,99,99,99,99,0,0,0,1,1
6,61062,1,1,0,0,0,1,1,15,0,8,5,2016,1,21,15,1,1,3,1,2,US-199,,312,41.93846667,-123.754183330000,0,33,0,0,1,1,0,4,2,1,0,1,0,0000000,99,99,99,99,99,99,0,0,0,1,0
6,61063,2,2,0,0,0,5,5,73,560,29,4,2016,6,15,45,1,2,1,1,1,I-5,,455,33.10142222,-117.309400000000,0,12,1,0,1,1,0,1,1,1,0,1,0,0000000,99,99,99,99,88,88,0,0,0,1,1
6,61064,1,1,0,1,1,1,1,39,0,26,5,2016,5,4,59,1,1,2,1,3,SR-99,,18,36.86064722,-119.955308330000,0,8,0,0,1,1,0,1,2,1,0,1,0,0000000,99,99,99,99,88,88,19,0,0,1,0
6,61065,2,2,0,0,0,2,2,37,3270,16,4,2016,7,1,20,0,2,2,1,3,SR-57,,0,34.08051111,-117.816605560000,0,12,1,0,1,1,0,1,3,1,0,1,0,0000000,88,88,88,88,88,88,0,0,0,1,0
6,61066,1,1,0,1,1,1,1,67,1390,10,3,2016,5,21,40,0,2,5,4,6,F ST,4TH ST,0,38.24919722,-121.304388890000,0,8,0,0,2,2,0,1,3,2,0,2,0,0000000,99,99,99,99,99,99,0,0,0,1,1
6,61067,1,1,0,0,0,1,1,61,3110,11,1,2016,2,4,47,0,2,4,4,6,CIRBY WAY,,0,38.72932222,-121.298833330000,0,33,0,0,1,1,0,4,3,10,0,10,0,0000000,99,99,99,99,88,88,0,0,0,1,1
6,61068,1,1,0,0,0,1,1,55,0,13,5,2016,6,11,55,0,1,2,1,3,SR-128,,289,38.46080556,-122.152891670000,0,59,0,0,1,1,0,4,1,1,0,1,0,0000000,99,99,99,99,88,88,0,0,0,1,0
6,61069,1,1,0,0,0,1,1,81,0,26,4,2016,3,3,23,0,1,3,1,3,SR-1,,374,37.55707778,-122.513480560000,0,35,0,0,1,1,0,4,2,10,0,10,0,0000000,99,99,99,99,88,88,0,0,0,1,0
6,61070,2,2,0,0,0,6,6,3,0,29,5,2016,1,12,30,1,1,2,1,3,SR-88,RED LAKE RD,74,38.70190000,-119.966677780000,0,12,6,0,2,3,0,1,1,1,0,1,0,0000000,99,99,99,99,99,99,0,0,0,1,0
6,61071,1,1,0,0,0,1,1,1,2480,8,4,2016,6,23,53,1,2,1,1,1,I-580,,442,37.81763333,-122.252041670000,0,35,0,0,1,1,0,4,2,2,0,2,0,0000000,99,99,99,99,88,88,0,0,0,1,1
6,61072,1,1,0,1,1,3,3,59,3420,6,3,2016,1,19,19,0,2,3,4,6,EUCLID ST,,0,33.73293889,-117.937313890000,0,8,0,0,1,1,0,1,3,1,0,1,0,0000000,99,99,99,99,99,99,0,0,0,1,0
6,61073,2,2,0,0,0,2,2,59,3351,25,3,2016,6,2,25,0,2,4,4,6,ORTEGA HWY,,0,33.51541944,-117.632161110000,0,12,2,0,1,1,0,1,3,1,0,1,0,0000000,99,99,99,99,99,99,0,0,0,1,1
6,61074,1,1,0,0,0,3,3,59,1790,20,2,2016,7,0,15,0,2,4,4,6,LA HABRA BL,,0,33.93185556,-117.939508330000,0,33,0,0,1,1,0,4,3,1,0,1,0,0000000,99,99,99,99,99,99,0,0,0,1,1
6,61075,2,2,0,0,0,2,2,73,4060,9,4,2016,7,0,9,0,2,4,4,6,S SANTA FE AVE,CIVIC CENTER DR,0,33.19381111,-117.234330560000,0,12,6,0,2,2,0,1,3,1,0,1,0,0000000,99,99,99,99,99,99,0,0,0,1,1
6,61076,2,2,0,0,0,2,2,71,260,15,4,2016,6,13,53,0,2,3,4,6,W MAIN ST,BRADSHAW DR,0,34.89620556,-117.039011110000,0,12,2,0,2,3,0,1,1,1,0,1,0,0000000,99,99,99,99,99,99,0,0,0,1,0
6,61077,1,1,0,0,0,1,1,37,1670,19,6,2016,1,2,21,0,2,5,4,6,RANDOLPH ST,REGENT ST,0,33.98652778,-118.234847220000,0,39,0,0,3,2,0,4,3,1,0,1,0,0000000,99,99,99,99,88,88,0,0,0,1,0
6,61078,2,2,0,0,0,3,3,59,3420,8,2,2016,2,2,1,0,2,3,4,6,1ST ST,BRISTOL ST,0,33.74529167,-117.885166670000,0,12,6,0,2,2,0,1,3,1,0,1,0,0000000,99,99,99,99,99,99,0,0,0,1,1
6,61079,1,1,0,0,0,1,1,75,3290,2,6,2016,5,14,29,0,2,4,4,6,GEARY BL,34TH AVE,0,37.77965000,-122.494363890000,0,33,0,0,3,2,0,3,1,1,0,1,0,0000000,99,99,99,99,99,99,0,0,0,1,1