STATE,ST_CASE,VE_TOTAL,VE_FORMS,PVH_INVL,PEDS,PERNOTMVIT,PERMVIT,PERSONS,COUNTY,CITY,DAY,MONTH,YEAR,DAY_WEEK,HOUR,MINUTE,NHS,RUR_URB,FUNC_SYS,RD_OWNER,ROUTE,TWAY_ID,TWAY_ID2,MILEPT,LATITUDE,LONGITUD,SP_JUR,HARM_EV,MAN_COLL,RELJCT1,RELJCT2,TYP_INT,WRK_ZONE,REL_ROAD,LGT_COND,WEATHER1,WEATHER2,WEATHER,SCH_BUS,RAIL,NOT_HOUR,NOT_MIN,ARR_HOUR,ARR_MIN,HOSP_HR,HOSP_MN,CF1,CF2,CF3,FATALS,DRUNK_DR
6,61080,1,1,0,0,0,1,1,65,750,26,5,2016,5,15,14,0,2,4,4,6,AVENUE 44,,0,33.72707778,-116.166652780000,0,1,0,0,1,1,0,4,1,1,0,1,0,0000000,99,99,99,99,88,88,0,0,0,1,0
6,61081,1,1,0,1,1,1,1,37,1980,27,2,2016,7,3,13,1,2,1,1,1,I-5,,253,34.13361944,-118.275200000000,0,8,0,0,1,1,0,1,3,1,0,1,0,0000000,99,99,99,99,88,88,19,0,0,1,0
6,61082,2,2,0,0,0,6,6,29,0,19,6,2016,1,10,55,0,1,2,1,3,SR-33,,25,34.96333889,-119.446208330000,0,12,6,0,1,1,0,1,1,1,0,1,0,0000000,99,99,99,99,99,99,0,0,0,1,0
6,61083,3,3,0,0,0,3,3,67,0,27,5,2016,6,22,21,0,1,2,1,3,SR-12,,0,38.12694444,-121.582394440000,0,12,2,0,1,1,0,1,2,1,0,1,0,0000000,99,99,99,99,88,88,0,0,0,2,1
6,61084,1,1,0,0,0,1,1,83,3460,30,6,2016,5,2,40,1,2,2,1,2,US-101,,857,34.91901389,-120.417638890000,0,38,0,0,1,1,0,4,3,1,0,1,0,0000000,99,99,99,99,88,88,0,0,0,1,1
6,61085,2,2,0,0,0,2,2,59,3420,8,3,2016,3,20,12,0,2,3,4,6,17TH ST,LINWOOD AVE,0,33.75996667,-117.848786110000,0,12,6,0,2,2,0,1,3,1,0,1,0,0000000,99,99,99,99,99,99,0,0,0,1,0
6,61086,2,2,0,0,0,3,3,61,3110,10,2,2016,4,15,7,0,2,4,4,6,WASHINGTON BLVD,ALL AMERICA CITY BLVD,0,38.75699444,-121.288622220000,0,12,6,0,2,2,0,1,1,10,0,10,0,0000000,99,99,99,99,99,99,0,0,0,1,1
6,61087,2,2,0,0,0,3,3,71,1305,6,2,2016,7,17,46,0,2,5,4,6,MANGO AVE,,0,34.12870556,-117.431711110000,0,12,7,0,1,1,0,1,3,1,0,1,0,0000000,99,99,99,99,99,99,20,0,0,1,0
6,61088,1,1,0,1,1,1,1,13,3010,19,2,2016,6,18,35,0,2,3,4,6,SAN PABLO AVE,,0,37.94444444,-122.329433330000,0,8,0,0,1,1,0,1,3,2,0,2,0,0000000,99,99,99,99,88,88,0,0,0,1,0
6,61089,1,1,0,0,0,2,2,113,4258,8,5,2016,1,0,43,0,2,5,4,6,PIONEER AVE,,0,38.67131111,-121.742769440000,0,42,0,0,1,1,0,4,3,10,0,10,0,0000000,99,99,99,99,99,99,0,0,0,1,0
6,61090,1,1,0,1,1,1,1,85,3340,15,1,2016,6,23,6,0,2,4,4,6,LEIGH AVE,,0,37.30405000,-121.922400000000,0,8,0,0,1,1,0,1,3,2,0,2,0,0000000,99,99,99,99,99,99,0,0,0,1,1
6,61091,2,2,0,0,0,3,3,79,0,17,1,2016,1,12,3,0,1,6,2,4,CR-PARK HILL RD,,0,35.39301667,-120.521997220000,0,12,2,0,1,1,0,1,1,10,0,10,0,0000000,99,99,99,99,99,99,0,0,0,1,0
6,61092,1,1,0,0,0,2,2,37,0,30,5,2016,2,15,5,1,1,2,1,3,SR-14 RAMP,,468,34.49898889,-118.225727780000,0,42,0,1,5,1,0,4,1,1,0,1,0,0000000,99,99,99,99,99,99,0,0,0,1,0
6,61093,1,1,0,0,0,2,2,37,0,3,3,2016,5,21,50,0,1,4,2,4,CR-MOUNT BALDY RD,,0,34.21690833,-117.671622220000,0,35,0,0,1,1,0,4,2,1,0,1,0,0000000,99,99,99,99,99,99,0,0,0,1,0
6,61094,1,1,0,0,0,11,11,37,0,22,5,2016,1,0,35,0,1,4,2,4,CR-GLENDORA MTN ROAD,,0,34.15982500,-117.838338890000,0,5,0,0,1,1,0,1,2,1,0,1,0,0000000,99,99,99,99,99,99,0,0,0,1,0
6,61095,1,1,0,0,0,1,1,47,190,13,3,2016,1,99,99,1,2,2,1,3,SR-99,,215,37.34000556,-120.589650000000,0,38,0,0,1,1,0,4,2,2,10,2,0,0000000,99,99,99,99,88,88,0,0,0,1,1
6,61096,1,1,0,0,0,2,2,97,0,22,5,2016,1,2,20,0,1,4,2,4,CR-LLANO RD,,0,38.40157500,-122.788202780000,0,59,0,0,1,1,0,4,2,1,0,1,0,0000000,99,99,99,99,99,99,0,0,0,1,1
6,61097,1,1,0,1,1,1,1,37,1980,2,5,2016,2,23,53,1,2,1,1,1,I-10,,184,34.02979444,-118.215247220000,0,8,0,1,5,1,0,1,2,1,0,1,0,0000000,99,99,99,99,88,88,0,0,0,1,0
6,61098,1,1,0,0,0,1,1,23,0,27,6,2016,2,2,5,1,1,3,1,2,US-101 RAMP,,931,40.95640556,-124.115280560000,0,33,0,0,5,1,0,4,3,1,0,1,0,0000000,99,99,99,99,99,99,0,0,0,1,1
6,61099,1,1,0,0,0,1,1,97,0,14,2,2016,1,1,8,0,1,2,1,3,SR-116 (GRAVENSTEIN HWY),OLD GRAVENSTEIN HWY,301,38.37520278,-122.792569440000,0,1,0,0,3,4,0,4,2,1,0,1,0,0000000,99,99,99,99,99,99,20,0,0,1,0
6,61100,1,1,0,0,0,2,2,45,0,12,6,2016,1,13,30,1,1,2,1,2,US-101,,50,38.91435833,-123.054747220000,0,1,0,0,1,1,0,4,1,1,0,1,0,0000000,99,99,99,99,99,99,0,0,0,1,0
6,61101,2,2,0,0,0,3,3,47,0,19,4,2016,3,16,54,0,1,6,2,4,CR-ATWATER JORDAN RD,LINCOLN BLVD,0,37.33158333,-120.723844440000,0,12,6,0,2,2,0,1,1,1,0,1,0,0000000,99,99,99,99,99,99,0,0,0,1,0
6,61102,2,2,0,0,0,3,3,37,0,14,1,2016,5,18,5,0,1,3,2,4,CR-GRAND AVE,CORTEZ ST,0,34.06239444,-117.868538890000,0,12,6,0,2,3,0,1,3,10,0,10,0,0000000,99,99,99,99,99,99,0,0,0,1,1
6,61103,2,2,0,0,0,2,2,37,0,27,6,2016,2,17,0,0,1,3,4,4,CR-SAN GABRIEL BLVD,POTRERO GRANDE DR,0,34.05173889,-118.090511110000,0,12,6,0,2,2,0,1,1,1,0,1,0,0000000,99,99,99,99,99,99,0,0,0,1,0
6,61104,3,3,0,0,0,3,3,5,0,28,3,2016,2,22,56,0,1,2,1,3,SR-16,WELSH POND RD,58,38.45757222,-120.927247220000,0,12,1,0,3,3,0,1,2,1,0,1,0,0000000,99,99,99,99,99,99,0,0,0,1,0
6,61105,2,2,0,0,0,2,2,37,1980,13,5,2016,6,18,5,0,2,3,4,6,SLAUSON AVE,,0,33.98912500,-118.290027780000,0,12,6,0,8,1,0,1,1,1,0,1,0,0000000,99,99,99,99,99,99,0,0,0,1,0
6,61106,2,2,0,0,0,3,3,37,1980,13,5,2016,6,20,30,0,2,4,4,6,TOPANGA CANYON BLVD,LOPEZ ST,0,34.16101944,-118.605836110000,0,5,0,0,2,2,0,1,3,1,0,1,0,0000000,99,99,99,99,99,99,14,0,0,1,0
6,61107,1,1,0,1,1,1,1,37,1980,14,5,2016,7,18,0,0,2,3,4,6,VERMONT AVE,,0,33.93479722,-118.291600000000,0,8,0,0,1,1,0,1,5,1,0,1,0,0000000,99,99,99,99,99,99,0,0,0,1,0
6,61108,2,2,0,0,0,2,2,37,1980,14,5,2016,7,21,38,0,2,3,4,6,VERMONT AVE,,0,33.99486111,-118.291533330000,0,12,1,0,8,1,0,1,3,1,0,1,0,0000000,99,99,99,99,88,88,0,0,0,1,0
6,61109,1,1,0,1,1,3,3,31,0,29,6,2016,4,6,0,1,1,3,1,3,SR-41,RACINE AVE,180,36.00721667,-119.959188890000,0,9,0,0,3,2,0,2,1,1,0,1,0,0000000,99,99,99,99,88,88,0,0,0,1,0
6,61110,1,1,0,0,0,1,1,25,0,7,7,2016,5,22,45,0,1,5,2,4,CR-WORTHINGTON ROAD,,0,32.85007500,-115.696986110000,0,1,0,0,1,1,0,1,2,1,0,1,0,0000000,99,99,99,99,88,88,0,0,0,1,0
6,61111,1,1,0,1,1,2,2,27,0,8,7,2016,6,0,50,1,1,2,1,2,US-395,,1116,37.30896944,-118.382525000000,0,9,0,0,1,1,0,1,2,1,0,1,0,0000000,99,99,99,99,99,99,0,0,0,1,0
6,61112,1,1,0,0,0,1,1,29,240,1,7,2016,6,5,3,1,2,2,1,3,SR-58 RAMP,,543,35.35300278,-119.003250000000,0,42,0,1,5,1,0,4,3,1,0,1,0,0000000,99,99,99,99,88,88,0,0,0,1,1
6,61113,2,2,0,0,0,3,3,63,0,15,7,2016,6,13,16,0,1,2,1,3,SR-70,,398,39.97585000,-120.937750000000,0,12,1,0,1,1,0,1,1,1,0,1,0,0000000,99,99,99,99,99,99,14,0,0,1,0
6,61114,1,1,0,0,0,1,1,47,0,3,7,2016,1,18,8,1,1,1,1,1,I-5 N/B,,78,36.94692778,-120.859336110000,0,25,0,0,1,1,0,3,1,1,0,1,0,0000000,99,99,99,99,99,99,0,0,0,1,0
6,61115,2,2,0,0,0,4,4,33,0,30,6,2016,5,17,0,0,1,2,1,3,SR-29,,168,38.86781111,-122.623011110000,0,12,6,0,1,1,0,1,1,1,0,1,0,0000000,99,99,99,99,99,99,0,0,0,1,0
6,61116,1,1,0,0,0,1,1,19,0,5,7,2016,3,12,50,0,1,2,1,3,SR-168,,238,36.96372500,-119.515013890000,0,42,0,0,1,1,0,4,1,1,0,1,0,0000000,99,99,99,99,88,88,0,0,0,1,0
6,61117,3,3,0,0,0,5,5,19,0,9,7,2016,7,17,49,0,1,4,2,4,CR-TEMPERANCE AVE,CENTRAL AVE,0,36.67809167,-119.663855560000,0,12,6,0,2,2,0,1,1,1,0,1,0,0000000,99,99,99,99,99,99,0,0,0,1,0
6,61118,2,2,0,0,0,2,2,39,0,3,7,2016,1,14,49,1,1,2,1,3,SR-41,,443,37.44423889,-119.634188890000,0,12,1,0,1,1,0,1,1,1,0,1,0,0000000,99,99,99,99,99,99,0,0,0,1,0
6,61119,1,1,0,0,0,2,2,103,0,10,7,2016,1,2,40,0,1,5,2,4,CR-JELLYS FERRY RD,,0,40.31846944,-122.188547220000,0,24,0,0,1,1,0,4,2,1,0,1,0,0000000,99,99,99,99,99,99,0,0,0,1,1
6,61120,2,2,0,0,0,4,4,19,0,10,7,2016,1,9,18,0,1,4,2,4,CR-BULLARD AVE,VAN NESS BL,0,36.82284722,-119.835405560000,0,12,6,0,2,2,0,1,1,1,0,1,0,0000000,99,99,99,99,99,99,0,0,0,1,0
6,61121,2,2,0,0,0,2,2,37,0,13,7,2016,4,15,20,0,1,4,2,4,CR-WORKMAN MILL RD,,0,34.01040000,-118.050511110000,0,33,0,0,1,1,0,3,1,1,0,1,0,0000000,99,99,99,99,99,99,0,0,0,1,0
6,61122,2,1,1,0,3,1,4,29,0,20,7,2016,4,21,52,1,1,2,1,3,SR- 99,,124,35.19406111,-119.007794440000,0,14,0,0,1,1,0,2,3,1,0,1,0,0000000,99,99,99,99,99,99,20,0,0,1,1
6,61123,1,1,0,0,0,1,1,71,4000,23,7,2016,7,12,35,1,2,2,1,3,SR-210,,16,34.13438611,-117.669072220000,0,33,0,0,1,1,0,8,1,1,0,1,0,0000000,88,88,88,88,88,88,0,0,0,1,0
6,61124,1,1,0,0,0,1,1,109,0,16,7,2016,7,13,45,0,1,2,1,3,SR-108,,307,38.19548611,-120.007813890000,0,31,0,0,1,1,0,4,1,1,0,1,0,0000000,99,99,99,99,88,88,0,0,0,1,0
6,61125,1,1,0,0,0,1,1,69,0,15,7,2016,6,6,45,1,1,2,1,2,US-101,,2,36.85845000,-121.626263890000,0,42,0,0,1,1,0,4,1,10,0,10,0,0000000,99,99,99,99,88,88,0,0,0,1,0
6,61126,1,1,0,0,0,1,1,19,0,24,7,2016,1,7,26,0,1,6,2,4,CR-ENNIS ROAD,,0,36.68893611,-119.215655560000,0,35,0,0,1,1,0,4,1,1,0,1,0,0000000,99,99,99,99,88,88,0,0,0,1,0
6,61127,2,2,0,0,0,3,3,39,0,20,7,2016,4,13,18,0,1,3,2,4,CR-HWY. 41,RIVER FALLS RD,0,37.35469167,-119.643894440000,0,12,6,0,2,3,0,1,1,1,0,1,0,0000000,99,99,99,99,99,99,0,0,0,1,0
6,61128,2,2,0,0,0,3,3,99,0,14,7,2016,5,22,45,0,1,2,1,3,SR-4,,16,37.94490000,-120.900100000000,0,12,2,0,1,1,0,1,2,1,0,1,0,0000000,99,99,99,99,99,99,0,0,0,2,1
6,61130,4,4,0,0,0,4,4,13,4070,5,4,2016,3,12,38,1,2,1,1,1,I-680,,162,37.92337222,-122.060983330000,0,12,6,0,1,1,0,1,1,1,0,1,0,0000000,99,99,99,99,99,99,14,0,0,1,0
6,61131,1,1,0,1,1,1,1,37,1980,24,6,2016,6,4,10,1,2,1,1,1,I-10,,124,34.03700833,-118.315652780000,0,8,0,0,1,1,0,1,2,1,0,1,0,0000000,88,88,88,88,88,88,19,0,0,1,0
6,61132,2,2,0,0,0,3,3,73,0,26,6,2016,1,15,0,0,1,5,2,4,CR-SOUTH GRADE RD,,0,33.30522222,-116.872855560000,0,1,0,0,1,1,0,1,1,1,0,1,0,0000000,99,99,99,99,99,99,0,0,0,1,0
6,61133,3,2,1,0,0,2,2,59,0,9,5,2016,2,14,30,0,1,2,1,3,SR-241,,232,33.70529167,-117.712888890000,0,12,1,0,1,1,0,2,1,1,0,1,0,0000000,99,99,99,99,88,88,0,0,0,1,0
6,61134,2,2,0,0,0,2,2,65,0,3,6,2016,6,13,0,0,1,2,1,3,SR-74,,228,33.74813611,-117.276455560000,0,12,2,0,1,1,0,1,1,1,0,1,0,0000000,99,99,99,99,88,88,0,0,0,1,0
6,61135,1,1,0,0,0,1,1,37,1980,8,7,2016,6,12,30,0,2,3,4,6,LA TUNA CYN RD,,0,34.23250000,-118.298597220000,0,35,0,0,1,1,0,4,1,1,0,1,0,0000000,99,99,99,99,88,88,0,0,0,1,0
6,61136,2,2,0,0,0,5,5,75,3290,20,5,2016,6,21,45,0,2,3,4,6,16TH ST,HARRISON ST,0,37.76545833,-122.413105560000,0,12,6,0,2,2,0,1,3,1,0,1,0,0000000,99,99,99,99,99,99,0,0,0,1,0
6,61137,1,1,0,0,0,2,2,37,1440,9,7,2016,7,21,18,0,2,3,4,6,GRAND AVE,,0,34.10936389,-117.872536110000,0,42,0,0,1,1,0,3,3,1,0,1,0,0000000,99,99,99,99,99,99,0,0,0,1,1
6,61138,1,1,0,1,1,1,1,37,1980,27,5,2016,6,20,25,0,2,3,4,6,WESTERN AVE,,0,33.95503889,-118.309036110000,0,8,0,0,1,1,0,1,3,10,0,10,0,0000000,99,99,99,99,88,88,0,0,0,1,0
6,61139,2,2,0,0,0,2,2,71,0,27,7,2016,4,10,43,0,1,5,2,4,CR-PHELAN RD,,0,34.42648056,-117.473252780000,0,12,2,0,1,1,0,1,1,1,0,1,0,0000000,99,99,99,99,99,99,0,0,0,1,0
6,61140,1,1,0,0,0,1,1,19,0,28,7,2016,5,16,59,0,1,2,2,3,SR-63,,78,36.72318056,-119.284933330000,0,38,0,0,1,1,0,4,1,1,0,1,0,0000000,99,99,99,99,88,88,0,0,0,1,0
6,61141,2,2,0,0,0,2,2,109,0,30,7,2016,7,7,32,1,1,2,1,3,SR-120,,192,37.84527778,-120.384019440000,0,12,7,0,1,1,0,1,1,1,0,1,0,0000000,99,99,99,99,88,88,0,0,0,1,0
6,61142,1,1,0,0,0,1,1,79,0,26,7,2016,3,99,99,0,1,5,2,4,CR-LOS BERROS RD,,0,35.10178889,-120.575030560000,0,42,0,0,1,1,0,4,1,1,0,1,0,0000000,99,99,99,99,88,88,0,0,0,1,0
6,61143,2,2,0,0,0,2,2,71,0,27,7,2016,4,9,17,1,1,1,1,1,I-40,,987,34.80319167,-115.339466670000,0,12,6,0,1,1,1,1,1,1,0,1,0,0000000,99,99,99,99,88,88,0,0,0,1,0
6,61144,1,1,0,0,0,1,1,61,0,30,7,2016,7,19,30,1,1,3,1,3,SR-20,,429,39.31026944,-120.651566670000,0,35,0,0,1,1,0,4,5,1,0,1,0,0000000,99,99,99,99,88,88,0,0,0,1,0
6,61145,1,1,0,0,0,1,1,45,0,19,7,2016,3,7,58,1,1,2,1,2,US-101,,157,39.03395278,-123.143111110000,0,35,0,0,1,1,0,4,1,1,0,1,0,0000000,99,99,99,99,88,88,0,0,0,1,1
6,61146,1,1,0,1,1,2,2,101,0,21,6,2016,3,21,20,0,1,3,2,4,CR-PLEASANT GROVE RD,,0,38.74618889,-121.484352780000,0,8,0,0,1,1,0,1,2,1,0,1,0,0000000,99,99,99,99,88,88,0,0,0,1,0
6,61147,2,2,0,0,0,4,4,81,0,16,4,2016,7,13,22,0,1,3,1,3,SR-84,,122,37.36207222,-122.261105560000,0,1,0,0,1,1,0,1,1,1,0,1,0,0000000,99,99,99,99,99,99,0,0,0,1,0
6,61148,2,2,0,0,0,2,2,97,0,8,6,2016,4,9,50,0,1,5,2,4,CR-RIVER RD,,0,38.50571944,-122.957991670000,0,12,6,0,8,1,0,1,1,1,0,1,0,0000000,99,99,99,99,99,99,0,0,0,1,0
6,61149,1,1,0,1,1,1,1,19,0,27,7,2016,4,4,50,0,1,5,2,4,CR-SHAW AVE,,0,36.80857778,-119.799611110000,0,8,0,0,1,1,0,1,3,1,0,1,0,0000000,99,99,99,99,88,88,0,0,0,1,0
6,61150,1,1,0,0,0,1,1,69,0,16,6,2016,5,21,10,0,1,6,2,4,CR-SANTA ANA VALLEY ROAD,,0,36.85362500,-121.309872220000,0,1,0,0,1,1,0,1,2,1,0,1,0,0000000,99,99,99,99,99,99,0,0,0,1,1
6,61151,1,1,0,0,0,1,1,71,0,16,7,2016,7,16,25,0,1,5,2,4,CR-DAGGETT-YERMO ROAD,,0,34.87731667,-116.888566670000,0,35,0,0,1,1,0,4,1,1,0,1,0,0000000,99,99,99,99,99,99,0,0,0,1,0
6,61152,2,2,0,0,0,2,2,37,2458,22,5,2016,1,18,9,0,2,3,4,6,IMPERIAL HIGHWAY,CURTIS AND KING RD,0,33.91712500,-118.108113890000,0,33,0,0,3,2,0,3,1,1,0,1,0,0000000,99,99,99,99,88,88,0,0,0,1,0
6,61153,1,1,0,1,1,1,1,37,1980,31,5,2016,3,22,10,0,2,3,4,6,CRENSHAW BLVD,63RD ST,0,33.98289167,-118.330900000000,0,8,0,0,3,2,0,1,3,1,0,1,0,0000000,99,99,99,99,99,99,0,0,0,1,0
6,61154,2,2,0,0,0,2,2,37,1980,2,6,2016,5,16,20,0,2,7,4,6,FREDERICK ST,CYPRESS AVE,0,34.09961389,-118.233691670000,0,12,6,0,2,2,0,1,1,1,0,1,0,0000000,99,99,99,99,99,99,0,0,0,1,0
6,61155,1,1,0,1,1,1,1,37,30,25,5,2016,4,9,10,0,2,3,4,6,MAIN ST,CEDAR ST,0,34.09413333,-118.149000000000,0,8,0,0,3,3,0,1,1,10,0,10,0,0000000,99,99,99,99,99,99,0,0,0,1,0
6,61156,2,2,0,1,1,3,3,67,3150,3,6,2016,6,22,0,0,2,4,4,6,43RD AVE,,0,38.51620000,-121.520305560000,0,8,0,0,1,1,0,1,3,1,0,1,0,0000000,99,99,99,99,88,88,0,0,0,1,0
6,61157,1,1,0,1,1,1,1,113,4163,1,6,2016,4,21,4,0,2,3,4,6,WEST CAPITOL AVE,WALNUT AVE,0,38.57968056,-121.540075000000,0,8,0,0,3,3,0,1,3,1,0,1,0,0000000,99,99,99,99,99,99,0,0,0,1,0
6,61158,2,2,0,0,0,6,6,59,1790,20,5,2016,6,21,51,0,2,3,4,6,HARBOR BL,ARBOLITA DR,0,33.94409444,-117.932963890000,0,12,6,0,2,2,0,1,3,10,0,10,0,0000000,99,99,99,99,99,99,0,0,0,1,0
6,61159,1,1,0,0,0,1,1,5,0,11,7,2016,2,14,24,0,1,5,2,4,CR-BUENA VISTA RD,,0,38.27514167,-120.884808330000,0,35,0,0,1,1,0,4,1,1,0,1,0,0000000,99,99,99,99,88,88,0,0,0,1,0
6,61160,1,1,0,0,0,1,1,71,0,31,7,2016,1,10,10,0,1,3,2,4,CR-BALDY MESA RD,,0,34.46036944,-117.451008330000,0,30,0,0,1,1,0,4,1,1,0,1,0,0000000,99,99,99,99,88,88,0,0,0,1,0
6,61161,2,2,0,0,0,4,4,71,3210,6,8,2016,7,2,35,1,2,2,1,3,SR-210,,259,34.14183056,-117.250230560000,0,12,1,0,1,1,0,1,2,1,0,1,0,0000000,99,99,99,99,99,99,0,0,0,1,1
6,61162,1,1,0,0,0,1,1,45,0,5,8,2016,6,99,99,0,1,2,1,3,SR-253,,97,39.04867778,-123.250741670000,0,38,0,0,1,1,0,4,1,1,0,1,0,0000000,99,99,99,99,88,88,0,0,0,1,0
6,61163,1,1,0,0,0,2,2,103,0,2,8,2016,3,12,30,0,1,4,1,3,SR-32,,187,40.27315278,-121.429166670000,0,42,0,0,1,1,0,4,1,1,0,1,0,0000000,99,99,99,99,99,99,0,0,0,1,0
6,61164,1,1,0,0,0,1,1,77,0,2,8,2016,3,9,35,0,1,3,2,4,CR-TRACY BLVD,,0,37.88291389,-121.456247220000,0,42,0,0,1,1,0,4,1,1,0,1,0,0000000,99,99,99,99,88,88,0,0,0,1,0
6,61165,1,1,0,0,0,1,1,73,3260,31,7,2016,1,7,35,1,2,1,1,1,I-5,,36,32.57208333,-117.079061110000,0,38,0,0,1,1,0,4,1,1,0,1,0,0000000,99,99,99,99,99,99,0,0,0,1,1
6,61166,3,3,0,0,0,3,3,35,0,1,8,2016,2,18,4,1,1,2,1,2,US-395,,128,39.88831667,-120.020122220000,0,12,2,0,1,1,0,1,1,1,0,1,0,0000000,99,99,99,99,88,88,0,0,0,1,0
6,61167,2,2,0,0,0,7,7,7,0,3,8,2016,4,15,55,0,1,4,2,4,CR-KEEFER ROAD,HEGANRIDGE ROAD,0,39.82429167,-121.858430560000,0,12,6,0,2,3,0,1,1,1,0,1,0,0000000,99,99,99,99,99,99,0,0,0,1,0
6,61168,1,1,0,0,0,2,2,9,0,2,8,2016,3,18,20,0,1,7,2,4,CR-RIATA WAY,,0,38.09638333,-120.669319440000,0,42,0,0,1,1,0,4,1,1,0,1,0,0000000,99,99,99,99,99,99,0,0,0,1,1
6,61169,2,2,0,0,0,7,7,107,0,12,6,2016,1,15,40,1,1,2,1,3,SR-65,,309,36.21081111,-119.125275000000,0,12,2,0,1,1,0,1,1,1,0,1,0,0000000,99,99,99,99,99,99,0,0,0,1,1
6,61170,1,1,0,1,1,2,2,37,1980,16,4,2016,7,21,34,1,2,2,1,2,US-101,,116,34.15168056,-118.374850000000,0,8,0,0,1,1,0,1,3,1,0,1,0,0000000,99,99,99,99,88,88,0,0,0,1,0
6,61171,2,2,0,0,0,3,3,37,1980,14,5,2016,7,2,43,0,2,4,4,6,WESTERN AVE,76TH ST,0,33.97087500,-118.309002780000,0,12,2,0,2,2,0,1,3,1,0,1,0,0000000,99,99,99,99,99,99,0,0,0,1,1
6,61172,1,1,0,1,1,3,3,59,2560,13,5,2016,6,3,55,0,2,3,4,6,N MAGNOLIA AVE,,0,33.83614444,-117.976041670000,0,8,0,0,1,1,0,1,3,10,0,10,0,0000000,99,99,99,99,99,99,0,0,0,1,1
6,61173,1,1,0,1,1,1,1,37,3470,4,6,2016,7,22,23,0,2,5,4,6,4TH ST,,0,34.00985000,-118.486880560000,0,8,0,0,1,1,0,1,3,10,0,10,0,0000000,99,99,99,99,99,99,0,0,0,1,0
6,61174,2,2,0,0,0,2,2,37,1980,4,6,2016,7,3,5,0,2,5,4,6,ARLETA AVE,,0,34.25754167,-118.441041670000,0,1,0,0,1,1,0,1,3,1,0,1,0,0000000,99,99,99,99,99,99,0,0,0,1,0
6,61175,1,1,0,0,0,4,4,65,9997,18,4,2016,2,23,50,0,2,7,4,6,CANAL ST,,0,34.00616389,-117.412536110000,0,1,0,0,1,1,0,4,2,1,0,1,0,0000000,99,99,99,99,99,99,0,0,0,1,1
6,61176,2,2,0,1,1,2,2,37,1980,29,5,2016,1,23,40,0,2,3,4,6,VICTORY BLVD,,0,34.18660278,-118.489863890000,0,8,0,0,1,1,0,1,3,1,0,1,0,0000000,99,99,99,99,88,88,0,0,0,1,0
6,61177,1,1,0,1,1,1,1,71,3210,2,6,2016,5,20,28,0,2,4,4,6,E MILL ST,,0,34.09215833,-117.281213890000,0,8,0,0,1,1,0,1,2,1,0,1,0,0000000,99,99,99,99,99,99,0,0,0,1,0
6,61178,2,2,0,1,1,2,2,71,3210,3,6,2016,6,23,36,0,2,4,4,6,W KENDALL DRIVE,,0,34.18012778,-117.338925000000,0,15,0,0,1,1,0,1,3,1,0,1,0,0000000,99,99,99,99,88,88,0,0,0,1,0
6,61179,2,2,0,0,0,2,2,37,1980,8,6,2016,4,17,50,0,2,5,4,6,SAN VICENTE BLVD,6TH STREET,0,34.06588056,-118.373119440000,0,12,6,0,2,3,0,1,1,1,0,1,0,0000000,99,99,99,99,99,99,0,0,0,1,0
6,61180,1,1,0,1,1,1,1,71,3210,14,6,2016,3,1,50,0,2,7,4,6,N LUGO AVE,,0,34.12083889,-117.283833330000,0,8,0,0,1,1,0,1,2,1,0,1,0,0000000,99,99,99,99,99,99,0,0,0,1,0
6,61181,2,2,0,0,0,3,3,11,0,18,5,2016,4,10,55,1,1,2,1,3,SR-20,,200,39.10566389,-122.315797220000,0,24,0,0,1,1,0,4,1,1,0,1,0,0000000,99,99,99,99,99,99,0,0,0,1,0
6,61182,3,3,0,0,0,4,4,57,0,18,2,2016,5,18,10,0,1,2,1,3,SR-49,,204,39.28366944,-121.102272220000,0,1,0,0,1,1,0,1,2,10,0,10,0,0000000,99,99,99,99,88,88,14,0,0,1,0
6,61183,5,1,4,0,1,1,2,99,3950,5,5,2016,5,9,56,1,2,2,1,3,SR-99,,20,37.47635833,-120.854836110000,0,38,0,0,1,1,0,5,1,10,0,10,0,0000000,99,99,99,99,99,99,14,0,0,1,0
6,61184,2,2,0,0,0,7,7,107,0,17,7,2016,1,20,57,1,1,2,1,3,SR-198,SR-65,396,36.32625833,-119.134905560000,0,12,6,0,2,2,0,1,3,1,0,1,0,0000000,99,99,99,99,99,99,0,0,0,1,0
6,61185,2,2,0,0,0,4,4,73,0,16,7,2016,7,20,26,1,1,1,1,1,I-15,,414,33.26126944,-117.158211110000,0,12,7,0,1,1,0,1,2,1,0,1,0,0000000,99,99,99,99,88,88,0,0,0,2,0
6,61186,1,1,0,0,0,1,1,71,2922,20,7,2016,4,99,99,1,2,2,1,3,SR-210 RAMP,,78,34.13795278,-117.495902780000,0,1,0,1,5,1,0,4,2,1,0,1,0,0000000,99,99,99,99,88,88,0,0,0,1,0