STATE,ST_CASE,VE_TOTAL,VE_FORMS,PVH_INVL,PEDS,PERNOTMVIT,PERMVIT,PERSONS,COUNTY,CITY,DAY,MONTH,YEAR,DAY_WEEK,HOUR,MINUTE,NHS,RUR_URB,FUNC_SYS,RD_OWNER,ROUTE,TWAY_ID,TWAY_ID2,MILEPT,LATITUDE,LONGITUD,SP_JUR,HARM_EV,MAN_COLL,RELJCT1,RELJCT2,TYP_INT,WRK_ZONE,REL_ROAD,LGT_COND,WEATHER1,WEATHER2,WEATHER,SCH_BUS,RAIL,NOT_HOUR,NOT_MIN,ARR_HOUR,ARR_MIN,HOSP_HR,HOSP_MN,CF1,CF2,CF3,FATALS,DRUNK_DR
6,61187,1,1,0,0,0,1,1,71,0,19,6,2016,1,15,10,0,1,3,1,3,SR-38,,501,34.26578889,-116.854777780000,0,35,0,0,1,1,0,4,1,1,0,1,0,0000000,99,99,99,99,99,99,0,0,0,1,0
6,61188,2,2,0,0,0,2,2,29,240,21,3,2016,2,23,27,0,2,3,4,6,UNION AVE,THELMA DR,0,35.39383056,-119.002788890000,0,12,6,0,2,3,0,1,3,10,0,10,0,0000000,99,99,99,99,99,99,0,0,0,1,0
6,61189,1,1,0,1,1,1,1,37,1980,9,6,2016,5,20,30,0,2,7,4,6,KNOLLWOOD DR,,0,34.28568056,-118.495719440000,0,33,0,0,1,1,0,4,5,1,0,1,0,0000000,99,99,99,99,99,99,0,0,0,1,0
6,61190,2,2,0,0,0,3,3,99,2200,25,4,2016,2,17,33,0,2,4,4,6,CROWS LANDING RD,,0,37.59922500,-120.993527780000,0,12,6,0,8,1,0,1,1,1,0,1,0,0000000,99,99,99,99,99,99,0,0,0,1,0
6,61191,3,3,0,0,0,7,7,113,0,20,5,2016,6,16,45,0,1,4,2,4,CR-COUNTY RD 102,,0,38.63345000,-121.729305560000,0,12,8,0,1,1,0,1,1,10,0,10,0,0000000,99,99,99,99,99,99,14,0,0,1,0
6,61192,4,1,3,0,0,1,1,113,980,7,7,2016,5,4,48,1,2,1,1,1,I-80,,5,38.54258611,-121.731752780000,0,42,0,0,1,1,0,4,3,1,0,1,0,0000000,99,99,99,99,88,88,14,0,0,1,0
6,61193,5,5,0,0,0,13,13,37,2700,15,7,2016,6,16,50,1,2,1,1,1,I-210,,285,34.15238611,-118.094627780000,0,12,1,0,1,1,0,1,1,1,0,1,0,0000000,99,99,99,99,99,99,0,0,0,2,0
6,61194,3,3,0,0,0,3,3,59,1410,16,2,2016,3,2,42,1,2,2,1,3,SR-22,,76,33.76620000,-117.924488890000,0,12,1,0,1,1,0,1,3,1,0,1,0,0000000,99,99,99,99,88,88,14,0,0,1,1
6,61195,5,5,0,0,0,8,8,53,0,21,7,2016,5,14,55,0,1,2,1,3,SR-68,,171,36.62252222,-121.684186110000,0,12,1,0,1,1,1,1,1,1,0,1,0,0000000,99,99,99,99,99,99,28,0,0,1,0
6,61196,1,1,0,1,1,3,3,75,3290,9,6,2016,5,10,49,0,2,3,4,6,FRANKLIN ST,GEARY BLVD,0,37.78545556,-122.422997220000,0,8,0,0,3,2,0,1,1,1,0,1,0,0000000,99,99,99,99,88,88,0,0,0,1,0
6,61197,3,3,0,0,0,7,7,85,3340,20,2,2016,7,21,31,0,2,4,4,6,CAMDEN AVE,CALLE DE PROSPERO,0,37.22902778,-121.904577780000,0,12,1,0,2,3,0,1,3,1,0,1,0,0000000,99,99,99,99,99,99,0,0,0,2,0
6,61198,1,1,0,0,0,4,4,7,0,22,7,2016,6,14,25,0,1,3,1,3,SR-32,,37,39.75332500,-121.926602780000,0,35,0,0,1,1,0,4,1,1,0,1,0,0000000,99,99,99,99,99,99,0,0,0,1,0
6,61199,1,1,0,0,0,1,1,77,3770,25,4,2016,2,10,45,1,2,1,1,1,I-5,,265,37.94823889,-121.300522220000,0,23,0,1,5,1,0,4,1,1,0,1,0,0000000,99,99,99,99,99,99,0,0,0,1,1
6,61200,1,1,0,0,0,2,2,47,0,9,7,2016,7,12,45,0,1,5,2,4,CR-CUNNINGHAM RD,,0,37.24918333,-120.252558330000,0,35,0,0,1,1,0,4,1,1,0,1,0,0000000,99,99,99,99,88,88,0,0,0,2,1
6,61201,2,2,0,0,0,2,2,37,0,14,7,2016,5,5,38,0,1,4,2,4,CR-COMPTON BLVD.,CR-BROADWAY,0,33.89475000,-118.278677780000,0,12,6,0,2,2,0,1,3,1,0,1,0,0000000,99,99,99,99,88,88,0,0,0,1,0
6,61202,1,1,0,0,0,5,5,37,0,4,7,2016,2,22,35,0,1,5,2,4,CR-50TH STREET EAST,,0,34.63863333,-118.040897220000,0,38,0,0,1,1,0,4,2,1,0,1,0,0000000,99,99,99,99,99,99,0,0,0,2,0
6,61203,1,1,0,0,0,1,1,25,0,8,8,2016,2,3,57,0,1,3,2,4,CR-FORRESTER ROAD,,0,32.92303889,-115.621433330000,0,21,0,0,1,1,0,4,2,1,0,1,0,0000000,99,99,99,99,88,88,0,0,0,1,0
6,61204,1,1,0,0,0,1,1,55,0,29,5,2016,1,16,99,0,1,2,1,3,SR-29,,458,38.65491667,-122.598747220000,0,35,0,0,1,1,0,4,1,1,0,1,0,0000000,99,99,99,99,99,99,0,0,0,1,0
6,61205,1,1,0,0,0,1,1,79,0,2,7,2016,7,2,37,1,1,2,1,2,US-101,,36,35.02246667,-120.468652780000,0,1,0,0,1,1,0,2,2,10,0,10,0,0000000,99,99,99,99,88,88,0,0,0,1,1
6,61206,2,2,0,0,0,3,3,29,0,26,7,2016,3,3,42,0,1,2,1,3,SR-223,,44,35.20885000,-119.067211110000,0,12,6,0,1,1,0,1,2,1,0,1,0,0000000,99,99,99,99,88,88,0,0,0,1,0
6,61207,1,1,0,0,0,7,7,99,0,10,6,2016,6,1,0,1,1,1,1,1,I-5,,12,37.26456944,-121.093347220000,0,1,0,0,1,1,0,4,2,1,0,1,0,0000000,99,99,99,99,99,99,0,0,0,1,0
6,61208,1,1,0,0,0,6,6,71,0,5,7,2016,3,13,45,0,1,2,1,3,SR-62,,1362,34.18196667,-114.397655560000,0,1,0,0,1,1,0,1,1,1,0,1,0,0000000,99,99,99,99,99,99,0,0,0,1,0
6,61209,2,2,0,0,0,2,2,77,3770,20,2,2016,7,19,10,0,2,5,4,6,BIANCHI ROAD,,0,37.99710278,-121.291408330000,0,12,6,0,8,1,0,1,3,1,0,1,0,0000000,99,99,99,99,88,88,0,0,0,1,0
6,61210,2,2,0,0,0,2,2,71,2922,23,2,2016,3,15,9,0,2,4,4,6,GROVE AVE,SAN BERNARDINO RD,0,34.10473889,-117.628558330000,0,12,6,0,2,2,0,1,1,1,0,1,0,0000000,99,99,99,99,99,99,0,0,0,1,0
6,61211,1,1,0,1,1,1,1,37,1980,24,6,2016,6,4,25,0,2,3,4,6,BROADWAY,79TH STREET,0,33.96785000,-118.278291670000,0,8,0,0,3,2,0,1,3,1,0,1,0,0000000,99,99,99,99,88,88,0,0,0,1,0
6,61212,2,2,0,0,0,5,5,73,3260,24,6,2016,6,15,58,0,2,2,1,3,SR-78,,305,33.09745000,-117.021519440000,0,1,0,0,1,1,0,1,1,1,0,1,0,0000000,99,99,99,99,88,88,0,0,0,1,0
6,61213,1,1,0,0,0,1,1,111,0,22,3,2016,3,23,58,0,1,4,2,4,CR-ROSE AVE,,0,34.24527778,-119.148525000000,0,38,0,0,1,1,0,4,2,1,0,1,0,0000000,99,99,99,99,88,88,0,0,0,1,1
6,61214,1,1,0,1,1,1,1,47,0,3,3,2016,5,20,0,0,1,3,1,3,SR-165,,279,37.32700000,-120.851100000000,0,8,0,0,1,1,0,1,2,2,0,2,0,0000000,99,99,99,99,88,88,0,0,0,1,0
6,61215,1,1,0,1,1,1,1,107,0,21,5,2016,7,21,27,0,1,5,2,4,CR-ROAD 120,,0,36.51970000,-119.304730560000,0,8,0,0,1,1,0,1,2,1,0,1,0,0000000,99,99,99,99,88,88,0,0,0,1,0
6,61216,6,6,0,0,0,8,8,37,1980,12,2,2016,6,10,14,1,2,2,1,3,SR-170,,150,34.15953056,-118.380388890000,0,12,1,0,1,1,0,1,1,1,0,1,0,0000000,99,99,99,99,88,88,0,0,0,1,0
6,61217,1,1,0,1,1,1,1,87,0,20,2,2016,7,23,0,1,1,2,1,3,SR-1,,129,36.98362778,-121.952230560000,0,8,0,0,1,1,0,1,2,1,0,1,0,0000000,99,99,99,97,99,97,0,0,0,1,0
6,61218,1,1,0,0,0,1,1,37,0,29,6,2016,4,19,25,1,1,2,1,3,SR-60 RAMP,,120,34.03330833,-118.024455560000,0,1,0,1,20,1,0,1,1,1,0,1,0,0000000,99,99,99,99,99,99,0,0,0,1,0
6,61219,1,1,0,1,1,1,1,79,0,14,7,2016,5,18,43,0,1,2,1,3,SR-227,,80,35.20828611,-120.615125000000,0,9,0,0,1,1,0,2,1,1,0,1,0,0000000,99,99,99,99,99,99,0,0,0,1,0
6,61220,3,3,0,0,0,3,3,97,0,30,6,2016,5,15,5,0,1,5,2,4,CR-RIVER RD,CR-TRENTON-HEALDSBURG RD,0,38.48827500,-122.855100000000,0,12,6,0,2,2,0,1,1,1,0,1,0,0000000,99,99,99,99,99,99,0,0,0,1,0
6,61221,1,1,0,1,1,1,1,1,2480,6,5,2016,6,1,20,1,2,1,1,1,I-580,,368,37.75470000,-122.150558330000,0,8,0,0,1,1,0,1,2,1,0,1,0,0000000,99,99,99,99,88,88,0,0,0,1,0
6,61222,6,6,0,0,0,9,9,1,2840,27,4,2016,4,5,55,1,2,1,1,1,I-580 WESTBOUND,,200,37.70208056,-121.910988890000,0,12,1,0,1,1,0,1,4,10,0,10,0,0000000,99,99,99,99,88,88,0,0,0,1,0
6,61223,1,1,0,0,0,1,1,111,3641,28,3,2016,2,10,5,1,1,2,1,3,SR-118,,262,34.28246389,-118.736661110000,0,33,0,0,1,1,0,4,1,10,2,2,0,0000000,99,99,99,99,88,88,0,0,0,1,0
6,61224,1,1,0,0,0,2,2,19,0,6,8,2016,7,18,34,1,1,2,1,3,SR-180,,867,36.72379722,-119.303144440000,0,35,0,0,1,1,0,4,1,1,0,1,0,0000000,99,99,99,99,88,88,0,0,0,2,0
6,61225,1,1,0,0,0,1,1,89,0,2,8,2016,3,8,10,0,1,4,2,4,CR-4TH ST,,0,40.38933333,-122.269980560000,0,30,0,0,1,1,0,4,1,1,0,1,0,0000000,99,99,99,99,99,99,0,0,0,1,1
6,61226,1,1,0,0,0,3,3,45,0,22,3,2016,3,18,0,0,1,2,1,3,SR-271,,20,39.82666667,-123.664408330000,0,1,0,0,1,1,0,1,1,10,0,10,0,0000000,99,99,99,99,99,99,0,0,0,1,1
6,61227,2,2,0,0,0,3,3,67,1108,27,5,2016,6,4,21,1,2,2,1,3,SR-99,,123,38.39887222,-121.381755560000,0,12,1,0,1,1,0,1,3,1,0,1,0,0000000,99,99,99,99,99,99,0,0,0,2,0
6,61228,1,1,0,0,0,2,2,67,0,23,5,2016,2,99,99,0,1,5,2,4,CR-ISLETON ROAD,,0,38.23901667,-121.518127780000,0,41,0,0,1,1,0,4,2,1,0,1,0,0000000,99,99,99,99,88,88,0,0,0,2,0
6,61229,1,1,0,0,0,4,4,67,0,22,7,2016,6,22,24,1,1,2,1,3,SR-99 RAMP,,44,38.30214722,-121.318350000000,0,42,0,0,5,1,0,4,2,1,0,1,0,0000000,99,99,99,99,99,99,0,0,0,1,0
6,61230,3,3,0,0,0,4,4,77,3770,29,5,2016,1,8,52,1,2,1,1,1,I-5,,353,38.05586111,-121.371775000000,0,42,0,0,1,1,0,4,1,1,0,1,0,0000000,99,99,99,99,99,99,0,0,0,1,0
6,61231,2,2,0,0,0,2,2,13,2790,9,5,2016,2,17,45,1,2,2,1,3,SR-4 EB,,250,38.00877222,-121.855708330000,0,12,1,0,1,1,0,1,1,1,0,1,0,0000000,99,99,99,99,99,99,0,0,0,1,0
6,61232,1,1,0,1,1,1,1,13,820,24,7,2016,1,2,10,0,2,2,1,3,SR-242,,27,37.99626389,-122.038802780000,0,8,0,0,1,1,0,1,2,1,0,1,0,0000000,99,99,99,99,88,88,0,0,0,1,0
6,61233,3,3,0,0,0,3,3,13,3010,8,7,2016,6,14,42,1,2,1,1,1,I-80,,26,37.93190000,-122.325361110000,0,12,1,0,1,1,0,1,1,1,0,1,0,0000000,99,99,99,99,99,99,0,0,0,1,0
6,61234,2,2,0,0,0,2,2,69,0,11,7,2016,2,20,55,1,1,3,1,3,SR-156,LUCY BROWN RD,44,36.84127500,-121.508700000000,0,12,6,0,2,3,0,1,2,1,0,1,0,0000000,99,99,99,99,99,99,0,0,0,1,0
6,61235,1,1,0,0,0,4,4,73,710,7,2,2016,1,0,53,0,2,4,4,6,EAST H ST,,0,32.63834444,-117.037219440000,0,33,0,0,1,1,0,3,3,1,0,1,0,0000000,99,99,99,99,99,99,0,0,0,1,1
6,61236,2,2,0,0,0,2,2,65,2730,10,4,2016,1,20,55,0,2,3,4,6,NAVAJO RD,,0,33.78579722,-117.252397220000,0,12,2,0,1,1,0,1,3,1,0,1,0,0000000,99,99,99,99,99,99,0,0,0,1,0
6,61237,1,1,0,0,0,2,2,71,1305,14,5,2016,7,0,39,0,2,4,4,6,SAN BERNARDINO AVE,,0,34.07754722,-117.440261110000,0,33,0,0,1,1,0,4,3,1,0,1,0,0000000,99,99,99,99,99,99,0,0,0,1,0
6,61238,1,1,0,1,1,1,1,47,2150,22,5,2016,1,14,51,0,2,4,4,6,W MAIN ST,R ST,0,37.30475833,-120.492438890000,0,8,0,0,3,2,0,1,1,1,0,1,0,0000000,99,99,99,99,99,99,0,0,0,1,0
6,61239,2,2,0,0,0,4,4,37,1695,31,5,2016,3,16,2,0,2,4,4,6,GALE AVE,JOHNSON DR,0,34.00558056,-117.946405560000,0,12,6,0,2,3,0,1,1,1,0,1,0,0000000,99,99,99,99,99,99,20,0,0,1,0
6,61240,2,2,0,0,0,2,2,37,1980,15,6,2016,4,18,20,0,2,3,4,6,OSBORNE ST,HADDON AVE,0,34.24923889,-118.416263890000,0,12,6,0,2,2,0,1,1,1,0,1,0,0000000,99,99,99,99,99,99,0,0,0,1,0
6,61241,1,1,0,1,1,1,1,37,1980,16,6,2016,5,16,20,0,2,3,4,6,OLYMPIC BLVD,MULLEN AVE,0,34.05655278,-118.332552780000,0,8,0,0,3,3,0,1,1,1,0,1,0,0000000,99,99,99,99,99,99,0,0,0,1,0
6,61242,2,2,0,0,0,2,2,77,0,30,6,2016,5,21,14,1,1,3,1,3,SR-12,,33,38.11360556,-121.523380560000,0,12,2,0,1,1,1,1,2,1,0,1,0,0000000,99,99,99,99,99,99,0,0,0,1,0
6,61243,1,1,0,0,0,5,5,115,0,18,7,2016,2,0,25,0,1,5,2,4,CR-LINDA AVE,,0,39.12365000,-121.533297220000,0,38,0,0,1,1,0,4,2,1,0,1,0,0000000,99,99,99,99,99,99,0,0,0,1,0
6,61244,3,3,0,0,0,10,10,7,0,9,7,2016,7,13,27,1,1,3,1,3,SR-70,,19,39.33383056,-121.597863890000,0,12,2,0,1,1,0,1,1,1,0,1,0,0000000,99,99,99,99,99,99,14,0,0,2,0
6,61245,1,1,0,0,0,2,2,61,0,7,7,2016,5,9,12,1,1,1,1,1,I-80,,648,39.30541667,-120.522775000000,0,42,0,0,1,1,0,4,1,1,0,1,0,0000000,99,99,99,99,99,99,0,0,0,1,0
6,61246,3,3,0,0,0,5,5,19,0,5,7,2016,3,20,31,1,1,2,1,3,SR-99,,133,36.65091667,-119.710805560000,0,12,2,0,1,1,0,1,5,1,0,1,0,0000000,99,99,99,99,99,99,0,0,0,1,0
6,61247,2,2,0,0,0,3,3,19,0,19,8,2016,6,14,10,0,1,6,2,4,CR-FOWLER AVE,AMERICAN AVE,0,36.66353333,-119.681894440000,0,12,6,0,2,2,0,1,1,1,0,1,0,0000000,99,99,99,99,99,99,0,0,0,1,0
6,61248,2,1,1,0,0,2,2,65,0,18,8,2016,5,5,55,1,1,1,1,1,I-10,,170,33.92719722,-116.815563890000,0,14,0,0,1,1,0,4,4,1,0,1,0,0000000,99,99,99,99,99,99,0,0,0,1,0
6,61249,1,1,0,1,1,2,2,73,0,22,6,2016,4,7,5,0,1,5,2,4,CR-SOUTH GRADE ROAD,,0,32.82138611,-116.758416670000,0,8,0,0,1,1,0,1,1,1,0,1,0,0000000,99,99,99,99,88,88,0,0,0,1,0
6,61250,3,3,0,0,0,6,6,73,0,18,7,2016,2,10,0,0,1,5,4,4,CR-WILLOWS RD,,0,32.84139722,-116.682908330000,0,12,6,0,1,1,0,1,1,1,0,1,0,0000000,99,99,99,99,99,99,0,0,0,1,0
6,61251,2,2,0,0,0,4,4,65,9997,17,3,2016,5,18,11,0,2,7,4,6,58TH ST,DODD ST,0,33.98270833,-117.509175000000,0,12,6,0,2,2,0,1,1,1,0,1,0,0000000,99,99,99,99,99,99,0,0,0,1,0
6,61252,2,2,0,0,0,3,3,37,0,13,8,2016,7,12,30,0,1,4,2,4,CR-NORMANDIE AVE,,0,33.80197500,-118.298638890000,0,12,7,0,1,1,0,1,1,1,0,1,0,0000000,99,99,99,99,99,99,0,0,0,1,0
6,61253,2,2,0,0,0,2,2,31,0,22,8,2016,2,4,30,0,1,4,2,4,CR-KANSAS AVENUE,,0,36.21107778,-119.747572220000,0,12,2,0,1,1,0,1,2,10,0,10,0,0000000,99,99,99,99,99,99,0,0,0,1,0
6,61254,1,1,0,0,0,1,1,5,0,14,8,2016,1,4,5,0,1,5,2,4,CR-CAMANCHE PKWY N,,0,38.25766667,-120.924519440000,0,33,0,0,1,1,0,4,2,1,0,1,0,0000000,99,99,99,99,88,88,0,0,0,1,1
6,61255,1,1,0,0,0,1,1,71,0,14,8,2016,1,13,0,1,1,2,1,3,SR-138,,337,34.26011111,-117.286608330000,0,1,0,0,1,1,0,4,1,1,0,1,0,0000000,99,99,99,99,88,88,0,0,0,1,0
6,61256,2,2,0,0,0,2,2,47,0,18,8,2016,5,18,46,0,1,2,1,3,SR-140,WHITWORTH RD,32,37.24576944,-121.030900000000,0,12,6,0,2,2,0,1,1,1,0,1,0,0000000,99,99,99,99,99,99,0,0,0,1,0
6,61257,2,2,0,0,0,2,2,19,0,22,8,2016,2,23,46,0,1,2,1,3,SR-33,,633,36.77323056,-120.395061110000,0,12,2,0,1,1,0,1,2,1,0,1,0,0000000,99,99,99,99,99,99,0,0,0,1,0
6,61258,1,1,0,1,1,4,4,59,450,18,2,2016,5,18,31,0,2,3,4,6,LAMBERT RD,,0,33.92487500,-117.896838890000,0,8,0,0,1,1,0,1,3,1,0,1,0,0000000,99,99,99,99,99,99,0,0,0,1,0
6,61259,1,1,0,0,0,1,1,71,3210,21,3,2016,2,15,15,0,2,4,4,6,E 9TH STREET,,0,34.11581111,-117.274072220000,0,33,0,0,1,1,0,4,1,1,0,1,0,0000000,99,99,3,22,88,88,0,0,0,1,0
6,61260,1,1,0,0,0,1,1,71,1305,28,5,2016,7,7,53,0,2,4,4,6,JURUPA AVE,,0,34.04796667,-117.510066670000,0,33,0,0,1,1,0,4,1,1,0,1,0,0000000,99,99,99,99,99,99,0,0,0,1,0
6,61261,2,2,0,0,0,3,3,83,0,12,5,2016,5,2,15,0,1,5,2,4,CR-SAN ANTONIO CREEK RD,,0,34.45745833,-119.784430560000,0,42,0,0,1,1,0,4,2,1,0,1,0,0000000,99,99,99,99,99,99,0,0,0,1,0
6,61262,1,1,0,2,2,2,2,23,0,12,7,2016,3,21,15,0,1,5,2,4,CR-EEL RIVER DRIVE,,0,40.57266389,-124.147669440000,0,8,0,0,1,1,0,1,5,1,0,1,0,0000000,99,99,99,99,99,99,0,0,0,2,1
6,61263,1,1,0,0,0,1,1,61,0,8,8,2016,2,11,38,1,1,1,1,1,I-80,,347,39.11771667,-120.942330560000,0,25,0,0,1,1,0,3,1,1,0,1,0,0000000,99,99,99,99,88,88,0,0,0,1,0
6,61264,1,1,0,0,0,1,1,7,0,1,8,2016,2,20,35,0,1,7,2,4,CR-MCINTOSH AVE,,0,39.71264722,-121.834719440000,0,42,0,0,1,1,0,4,5,1,0,1,0,0000000,99,99,99,99,88,88,0,0,0,1,0
6,61265,2,2,0,0,0,4,4,7,0,5,8,2016,6,16,25,0,1,4,1,3,SR-32,,301,39.95519722,-121.649316670000,0,12,2,0,1,1,0,1,1,1,0,1,0,0000000,99,99,99,99,99,99,0,0,0,1,0
6,61266,1,1,0,1,1,1,1,67,0,24,6,2016,6,12,51,0,1,3,2,4,CR-MARTIN LUTHER KING JR. BLVD,,0,38.51448333,-121.464569440000,0,9,0,0,1,1,4,1,1,1,0,1,0,0000000,99,99,99,99,88,88,16,0,0,1,0
6,61267,2,2,0,1,1,2,2,77,0,25,6,2016,7,21,29,1,1,2,1,3,SR-88,,181,38.19124167,-121.086455560000,0,8,0,0,1,1,0,1,3,1,0,1,0,0000000,99,99,99,99,88,88,0,0,0,1,0
6,61268,1,1,0,0,0,1,1,85,0,25,4,2016,2,9,4,1,1,1,1,1,I-280,,173,37.38032500,-122.151400000000,0,25,0,0,1,1,0,3,1,1,0,1,0,0000000,99,99,99,99,88,88,0,0,0,1,0
6,61269,1,1,0,0,0,1,1,81,0,30,7,2016,7,11,25,0,1,3,1,3,SR-84,,103,37.33486944,-122.269141670000,0,1,0,0,1,1,0,1,1,1,0,1,0,0000000,99,99,99,99,88,88,0,0,0,1,0
6,61270,1,1,0,0,0,1,1,1,20,9,6,2016,5,0,55,1,2,1,1,1,I-80,,77,37.89303056,-122.307616670000,0,52,0,0,1,1,0,4,3,1,0,1,0,0000000,99,99,99,99,99,99,0,0,0,1,0
6,61271,2,2,0,0,0,3,3,29,0,2,8,2016,3,10,20,0,1,3,2,3,SR-99,MERLE HAGGARD DRIVE,0,35.44127500,-119.086658330000,0,12,6,1,2,2,0,1,1,1,0,1,0,0000000,99,99,99,99,99,99,0,0,0,1,1
6,61272,1,1,0,0,0,2,2,109,0,18,8,2016,5,16,15,1,1,2,1,3,SR-120,,38,37.84995556,-120.584625000000,0,34,0,0,1,1,0,4,1,1,0,1,0,0000000,99,99,99,99,99,99,0,0,0,1,0
6,61273,1,1,0,0,0,2,2,107,0,26,7,2016,3,20,30,0,1,4,2,4,CR-AVE 424,,0,36.56003889,-119.365016670000,0,30,0,0,1,1,0,4,5,1,0,1,0,0000000,99,99,99,99,88,88,0,0,0,2,0
6,61274,1,1,0,0,0,2,2,37,1970,14,8,2016,1,6,47,1,2,1,1,1,I-710,,121,33.86293333,-118.199166670000,0,33,0,1,19,1,0,4,4,1,0,1,0,0000000,99,99,99,99,99,99,0,0,0,2,0
6,61275,2,1,1,0,2,1,3,37,1980,27,6,2016,2,3,58,1,2,1,1,1,I-5 RAMP,,183,34.05338611,-118.214105560000,0,14,0,1,5,1,0,2,3,1,0,1,0,0000000,99,99,99,99,88,88,0,0,0,1,0
6,61276,1,1,0,0,0,1,1,65,0,22,4,2016,6,14,1,1,1,1,1,1,I-10,,1016,33.70095278,-115.459619440000,0,38,0,0,1,1,0,4,1,1,0,1,0,0000000,99,99,99,99,99,99,0,0,0,1,0
6,61277,1,1,0,0,0,1,1,73,3260,21,8,2016,1,3,10,1,2,1,1,1,I-5,,141,32.70164444,-117.143094440000,0,24,0,1,19,1,0,4,3,1,0,1,0,0000000,99,99,99,99,88,88,0,0,0,1,1
6,61278,1,1,0,0,0,1,1,65,410,7,7,2016,5,2,3,0,2,7,4,6,35TH AVE,KEIM BLVD,0,33.45594444,-114.691238890000,0,34,0,0,3,3,0,4,2,1,0,1,0,0000000,99,99,99,99,88,88,0,0,0,1,0
6,61279,1,1,0,1,1,1,1,59,3420,11,8,2016,5,22,37,1,2,2,1,3,SR-55,,88,33.71942222,-117.841136110000,0,8,0,0,1,1,0,1,3,1,0,1,0,0000000,99,99,99,99,88,88,0,0,0,1,0
6,61280,1,1,0,0,0,2,2,65,0,25,7,2016,2,23,22,0,1,4,2,4,CR-RIVER ROAD,,0,33.72535278,-117.274175000000,0,43,0,0,1,1,0,4,2,1,0,1,0,0000000,99,99,99,99,99,99,0,0,0,1,1
6,61281,7,7,0,0,0,9,9,79,0,10,7,2016,1,13,0,0,1,2,1,3,SR-1,PICO AVE,541,35.61496944,-121.146397220000,0,1,0,0,3,2,0,1,1,1,0,1,0,0000000,99,99,99,99,99,99,0,0,0,1,0
6,61282,1,1,0,0,0,1,1,65,2116,21,1,2016,5,14,10,0,2,5,4,6,MURRIETA ROAD,,0,33.65689722,-117.206105560000,0,1,0,0,1,1,0,4,1,1,0,1,0,0000000,99,99,99,99,88,88,0,0,0,1,1
6,61283,2,2,0,0,0,5,5,75,3290,6,2,2016,7,21,20,0,2,4,4,6,BRANNAN ST,9TH ST,0,37.77006389,-122.406997220000,0,12,6,0,2,2,0,1,3,1,0,1,0,0000000,99,99,99,99,99,99,20,0,0,3,0
6,61284,2,2,0,0,0,3,3,37,3300,23,6,2016,5,1,27,0,2,4,4,6,DEL MAR AVE,NORWOOD PL,0,34.07641389,-118.099594440000,0,12,6,0,2,3,0,1,3,1,0,1,0,0000000,99,99,99,99,99,99,0,0,0,1,1
6,61285,3,1,2,2,2,3,3,37,1980,21,6,2016,3,10,30,0,2,4,4,6,120TH ST,,0,33.92368611,-118.268911110000,0,14,0,0,1,1,0,4,1,1,0,1,0,0000000,99,99,99,99,99,99,0,0,0,1,0
6,61286,2,2,0,0,0,3,3,37,1808,21,6,2016,3,21,25,0,2,3,4,6,PARAMOUNT BLVD,,0,33.84034444,-118.160158330000,0,12,2,0,1,1,0,1,3,1,0,1,0,0000000,99,99,99,99,99,99,0,0,0,2,1
6,61287,1,1,0,0,0,1,1,5,0,22,8,2016,2,19,5,0,1,5,2,4,CR-RIDGE RD,,0,38.41371111,-120.700775000000,0,34,0,0,1,1,0,4,1,1,0,1,0,0000000,99,99,99,99,99,99,0,0,0,1,0
6,61288,2,2,0,0,0,2,2,19,0,11,7,2016,2,13,37,0,1,5,2,4,CR-JEFFERSON AVE,,0,36.65411111,-120.327361110000,0,12,6,0,1,1,0,1,1,1,0,1,0,0000000,99,99,99,99,99,99,0,0,0,1,0
6,61289,2,2,0,0,0,2,2,19,0,3,8,2016,4,22,17,0,1,3,2,4,CR- JENSEN AVENUE,,0,36.70731667,-119.654183330000,0,12,2,0,1,1,0,1,2,1,0,1,0,0000000,99,99,99,99,88,88,0,0,0,2,0
6,61290,1,1,0,0,0,7,7,19,0,8,8,2016,2,9,20,1,1,1,1,1,I-5,,555,36.71913056,-120.684025000000,0,1,0,0,1,1,0,4,1,1,0,1,0,0000000,99,99,99,99,99,99,0,0,0,2,0
6,61291,1,1,0,0,0,1,1,65,0,27,7,2016,4,19,34,0,1,2,1,3,SR-74,,800,33.73624722,-116.818141670000,0,1,0,0,1,1,0,4,5,1,0,1,0,0000000,99,99,99,99,88,88,0,0,0,1,0
6,61292,2,2,0,0,0,3,3,63,0,12,6,2016,1,20,12,0,1,2,1,3,SR-36,,41,40.26098889,-121.275330560000,0,12,2,0,1,1,0,1,5,1,0,1,0,0000000,99,99,99,99,99,99,0,0,0,1,0