STATE,ST_CASE,VE_TOTAL,VE_FORMS,PVH_INVL,PEDS,PERNOTMVIT,PERMVIT,PERSONS,COUNTY,CITY,DAY,MONTH,YEAR,DAY_WEEK,HOUR,MINUTE,NHS,RUR_URB,FUNC_SYS,RD_OWNER,ROUTE,TWAY_ID,TWAY_ID2,MILEPT,LATITUDE,LONGITUD,SP_JUR,HARM_EV,MAN_COLL,RELJCT1,RELJCT2,TYP_INT,WRK_ZONE,REL_ROAD,LGT_COND,WEATHER1,WEATHER2,WEATHER,SCH_BUS,RAIL,NOT_HOUR,NOT_MIN,ARR_HOUR,ARR_MIN,HOSP_HR,HOSP_MN,CF1,CF2,CF3,FATALS,DRUNK_DR
6,61293,1,1,0,1,1,1,1,37,1980,29,6,2016,4,22,35,0,2,4,4,6,GLENOAKS BL,,0,34.22409167,-118.360905560000,0,8,0,0,1,1,0,1,3,1,0,1,0,0000000,99,99,99,99,88,88,0,0,0,1,0
6,61294,1,1,0,1,1,1,1,65,750,8,6,2016,4,0,31,0,2,4,4,6,AVENUE 48,,0,33.70033056,-116.193275000000,0,8,0,0,1,1,0,1,6,1,0,1,0,0000000,99,99,99,99,88,88,0,0,0,1,0
6,61295,3,1,2,2,2,1,1,29,0,7,7,2016,5,5,0,1,1,1,1,1,I-5,,172,35.00099444,-118.950052780000,0,8,0,0,1,1,0,2,2,1,0,1,0,0000000,99,99,99,99,99,99,14,23,0,1,0
6,61296,1,1,0,0,0,1,1,37,1980,2,7,2016,7,0,55,1,2,2,1,3,SR-134,,51,34.15539444,-118.289997220000,0,24,0,1,19,1,0,3,2,1,0,1,0,0000000,99,99,99,99,88,88,0,0,0,1,0
6,61297,1,1,0,1,1,1,1,37,1980,17,4,2016,1,2,53,1,2,2,1,2,US-101,,62,34.09664167,-118.313558330000,0,8,0,1,18,1,0,1,3,1,0,1,0,0000000,99,99,99,99,88,88,0,0,0,1,0
6,61298,1,1,0,0,0,1,1,79,0,25,7,2016,2,4,35,1,1,2,1,2,US-101,,428,35.45094722,-120.639755560000,0,33,0,0,1,1,0,4,3,1,0,1,0,0000000,99,99,99,99,88,88,0,0,0,1,0
6,61299,2,2,0,0,0,3,3,85,3440,29,5,2016,1,17,40,0,2,3,4,6,TASMAN DRIVE,LICK MILL BLVD,0,37.40834444,-121.961538890000,0,12,6,0,2,3,0,1,1,1,0,1,0,0000000,99,99,99,99,99,99,0,0,0,1,1
6,61300,1,1,0,1,1,1,1,81,3240,23,4,2016,7,22,34,0,2,4,4,6,SAN CARLOS AVE,,0,37.50209444,-122.274861110000,0,8,0,0,1,1,0,1,3,1,0,1,0,0000000,99,99,99,99,88,88,0,0,0,1,1
6,61301,1,1,0,0,0,1,1,37,3445,4,6,2016,7,22,35,0,2,3,4,6,SIERRA HIGHWAY,,0,34.43264722,-118.440544440000,0,33,0,0,1,1,0,3,3,1,0,1,0,0000000,99,99,99,99,88,88,0,0,0,1,0
6,61302,2,2,0,0,0,6,6,81,3730,10,6,2016,6,23,56,0,2,3,4,6,AIRPORT BL,PINE AVE,0,37.65836389,-122.405991670000,0,12,6,0,2,3,0,1,3,1,0,1,0,0000000,99,99,99,99,99,99,0,0,0,2,1
6,61303,2,2,0,1,1,6,6,7,660,10,6,2016,6,21,11,0,2,5,4,6,ESPLANADE,LINDO CHANNEL,0,39.74907500,-121.853980560000,0,8,0,0,1,1,0,1,5,1,0,1,0,0000000,99,99,99,99,99,99,0,0,0,1,1
6,61304,1,1,0,1,1,1,1,67,3150,9,2,2016,3,12,16,0,2,5,4,6,VAN NESS ST,EL CAMINO AVE,0,38.61111944,-121.432316670000,0,9,0,0,3,2,0,1,1,1,0,1,0,0000000,99,99,99,99,88,88,16,0,0,1,0
6,61305,2,1,1,1,1,1,1,59,1380,30,3,2016,4,18,5,0,2,4,4,6,VALENCIA DR,,0,33.86683611,-117.893380560000,0,14,0,0,1,1,1,7,1,1,0,1,0,0000000,99,99,99,99,99,99,0,0,0,1,0
6,61306,1,1,0,2,2,1,1,37,2684,26,6,2016,1,2,12,0,2,4,4,6,DOWNEY AVE,HARRISON ST,0,33.88355833,-118.151336110000,0,8,0,0,3,3,0,1,3,1,0,1,0,0000000,99,99,99,99,99,99,0,0,0,2,0
6,61307,1,1,0,1,1,1,1,1,2840,23,6,2016,5,7,7,0,2,3,4,6,STANLEY BLVD,BERNAL AVE,0,37.67021389,-121.858097220000,0,9,0,0,3,2,0,1,1,1,0,1,0,0000000,99,99,99,99,88,88,0,0,0,1,0
6,61308,1,1,0,0,0,1,1,37,1980,23,7,2016,7,8,40,0,2,4,4,6,TOPANGA CYN BL,,0,34.24293056,-118.606444440000,0,1,0,0,1,1,0,1,1,1,0,1,0,0000000,99,99,99,99,99,99,0,0,0,1,0
6,61309,2,2,0,0,0,2,2,45,0,20,7,2016,4,11,53,1,1,2,1,2,US-101,,424,39.35909722,-123.317280560000,0,54,11,0,1,1,0,1,1,1,0,1,0,0000000,99,99,99,99,99,99,14,0,0,1,0
6,61310,1,1,0,0,0,1,1,57,0,25,7,2016,2,99,99,0,1,6,2,4,CR-PURDON RD,,0,39.32044444,-121.045955560000,0,42,0,0,1,1,0,4,1,1,0,1,0,0000000,88,88,88,88,88,88,0,0,0,1,0
6,61311,2,2,0,0,0,2,2,77,0,10,5,2016,3,6,20,1,1,2,1,3,SR-88,,167,38.18122500,-121.108627780000,0,12,2,0,1,1,0,1,4,1,0,1,0,0000000,99,99,99,99,88,88,0,0,0,1,0
6,61312,1,1,0,0,0,1,1,101,0,30,5,2016,2,15,46,0,1,5,2,4,CR-LINCOLN RD,,0,39.11253056,-121.673547220000,0,1,0,0,1,1,0,4,1,1,0,1,0,0000000,99,99,99,99,99,99,0,0,0,1,1
6,61313,1,1,0,0,0,1,1,97,0,28,5,2016,7,0,20,0,1,7,2,4,CR-DAVIS LN,,0,38.30795000,-122.651780560000,0,1,0,0,1,1,0,1,2,1,0,1,0,0000000,99,99,99,99,88,88,0,0,0,1,1
6,61314,2,1,1,0,0,1,1,95,0,3,8,2016,4,21,50,1,1,1,1,1,I-80,,417,38.50988333,-121.780608330000,0,14,0,0,1,1,0,2,3,1,0,1,0,0000000,99,99,99,99,88,88,0,0,0,1,0
6,61315,1,1,0,1,1,2,2,87,4100,15,7,2016,6,1,38,0,2,4,4,6,MAIN ST,RODRIGUEZ ST,0,36.91522500,-121.764166670000,0,8,0,0,3,3,0,1,3,10,0,10,0,0000000,99,99,99,99,88,88,0,0,0,1,0
6,61316,1,1,0,1,1,1,1,73,3260,18,7,2016,2,19,5,0,2,7,4,6,INGRAHAM ST,FELSPAR ST,0,32.80067500,-117.241169440000,0,15,0,0,3,2,0,1,1,1,0,1,0,0000000,99,99,99,99,99,99,0,0,0,1,0
6,61317,1,1,0,1,1,1,1,37,1840,16,7,2016,7,21,2,0,2,3,4,6,AVENUE I,28TH STREET EAST,0,34.70437222,-118.079313890000,0,8,0,0,2,2,0,1,3,1,0,1,0,0000000,99,99,99,99,99,99,0,0,0,1,0
6,61318,5,5,0,0,0,9,9,45,0,14,4,2016,5,11,20,1,2,2,1,2,US-101,,421,39.35460278,-123.320172220000,0,12,7,0,1,1,0,1,1,10,0,10,0,0000000,99,99,99,99,99,99,0,0,0,1,0
6,61319,1,1,0,1,1,1,1,59,1410,16,7,2016,7,22,56,0,2,3,4,6,EUCLID STREET,,0,33.77478889,-117.937855560000,0,8,0,0,1,1,0,1,3,1,0,1,0,0000000,99,99,99,99,99,99,0,0,0,1,0
6,61320,1,1,0,1,1,1,1,67,3150,10,2,2016,4,19,10,0,2,5,4,6,AUBURN BL,,0,38.63489167,-121.388852780000,0,9,0,0,1,1,0,1,3,1,0,1,0,0000000,99,99,99,99,99,99,0,0,0,1,0
6,61321,1,1,0,1,1,1,1,77,3770,29,1,2016,6,99,99,0,2,3,4,6,FARMINGTON RD,LADD TRACT RD,0,37.94026389,-121.236394440000,0,9,0,0,3,3,0,1,2,1,0,1,0,0000000,99,99,99,99,88,88,0,0,0,1,0
6,61322,1,1,0,1,1,1,1,37,1980,15,7,2016,6,18,40,0,2,4,4,6,GLENOAKS BLVD,,0,34.30335556,-118.444258330000,0,8,0,0,1,1,0,1,1,1,0,1,0,0000000,99,99,99,99,88,88,0,0,0,1,0
6,61323,1,1,0,1,1,1,1,67,3150,29,2,2016,2,18,37,0,2,5,4,6,F ST,30TH ST,0,38.57751111,-121.464622220000,0,8,0,0,3,2,0,1,3,1,0,1,0,0000000,99,99,99,99,99,99,0,0,0,1,0
6,61324,2,2,0,0,0,4,4,107,0,23,7,2016,7,18,15,0,1,6,1,4,CR-ROAD 236,AVENUE 84,0,35.94243333,-119.044822220000,0,12,1,0,2,3,0,1,1,1,0,1,0,0000000,99,99,99,99,99,99,0,0,0,1,0
6,61325,1,1,0,0,0,2,2,55,0,2,8,2016,3,23,15,0,1,2,1,3,SR-128,TUBBS LANE,27,38.58873889,-122.607119440000,0,39,0,0,3,3,0,4,2,1,0,1,0,0000000,99,99,99,99,99,99,0,0,0,1,1
6,61326,1,1,0,1,1,1,1,73,0,8,7,2016,6,21,20,0,1,4,2,4,CR-S SANTA FE AVE,,0,33.16389167,-117.205302780000,0,9,0,0,4,1,0,1,2,1,0,1,0,0000000,99,99,99,99,99,99,0,0,0,1,0
6,61327,1,1,0,1,1,1,1,37,0,30,7,2016,7,21,58,0,1,3,2,4,CR-FLORENCE AVE,MILES AVE,0,33.97358889,-118.219175000000,0,8,0,0,3,3,0,1,2,1,0,1,0,0000000,99,99,99,99,99,99,0,0,0,1,0
6,61328,1,1,0,0,0,1,1,37,0,9,3,2016,4,10,42,0,1,4,2,4,CR-AVENUE N-8,,0,34.62381667,-118.194911110000,0,41,0,0,1,1,0,4,1,1,0,1,0,0000000,99,99,99,99,88,88,0,0,0,1,0
6,61329,2,2,0,0,0,2,2,37,0,9,6,2016,5,6,12,0,1,3,2,4,CR-VALLEY BL,,0,34.03479722,-117.974475000000,0,12,2,0,1,1,0,1,1,10,0,10,0,0000000,99,99,99,99,99,99,0,0,0,1,0
6,61330,1,1,0,1,1,0,0,59,880,6,6,2016,2,16,40,1,2,1,1,1,I-405,,105,33.68797222,-117.902861110000,0,8,0,0,1,1,0,2,1,1,0,1,0,0000000,99,99,99,99,88,88,0,0,0,1,0
6,61331,1,1,0,0,0,1,1,107,0,27,7,2016,4,14,35,1,1,2,1,3,SR-65,,254,36.14884722,-119.074083330000,0,38,0,0,1,1,0,4,1,1,0,1,0,0000000,99,99,99,99,88,88,0,0,0,1,0
6,61332,2,2,0,1,1,3,3,73,0,25,7,2016,2,15,48,1,1,1,1,1,I-8,,226,32.85005000,-116.871250000000,0,12,1,0,1,1,0,1,1,1,0,1,0,0000000,99,99,99,99,88,88,23,0,0,1,0
6,61333,1,1,0,0,0,1,1,111,0,9,6,2016,5,99,99,0,1,2,1,3,SR-1,,22,34.06113333,-118.979513890000,0,35,0,0,1,1,0,4,2,10,0,10,0,0000000,99,99,99,99,88,88,0,0,0,1,1
6,61334,1,1,0,0,0,1,1,111,0,17,7,2016,1,16,8,0,1,5,2,4,CR-YERBA BUENA RD,,0,34.10676667,-118.899144440000,0,35,0,0,1,1,0,4,1,1,0,1,0,0000000,99,99,99,99,88,88,0,0,0,1,0
6,61335,1,1,0,1,1,1,1,71,0,18,8,2016,5,20,12,0,1,5,2,4,CR-VALLEY CENTER RD,,0,34.87964722,-116.758108330000,0,9,0,0,1,1,0,1,2,10,0,10,0,0000000,99,99,99,99,99,99,0,0,0,1,0
6,61336,4,4,0,0,0,4,4,65,850,27,5,2016,6,16,28,0,2,5,4,6,HIDDEN VALLEY PARKWAY,,0,33.89943611,-117.554327780000,0,1,0,0,1,1,0,1,1,1,0,1,0,0000000,99,99,99,99,99,99,14,0,0,1,2
6,61337,3,3,0,0,0,3,3,67,3150,9,7,2016,7,10,15,0,2,3,4,6,MEADOWVIEW ROAD,FREEPORT BLVD,0,38.48126111,-121.505005560000,0,12,6,0,2,2,0,1,1,1,0,1,0,0000000,99,99,99,99,99,99,0,0,0,1,0
6,61338,1,1,0,1,1,1,1,115,2100,5,7,2016,3,4,53,0,2,4,4,6,5TH ST,F ST,0,39.14009722,-121.591966670000,0,8,0,0,2,2,0,1,3,1,0,1,0,0000000,99,99,99,99,99,99,0,0,0,1,0
6,61339,3,3,0,0,0,7,7,73,3260,8,7,2016,6,20,20,0,2,4,4,6,WEST MISSION BAY DRIVE,,0,32.75960833,-117.227352780000,0,12,7,0,1,1,0,1,3,1,0,1,0,0000000,99,99,99,99,88,88,0,0,0,1,0
6,61340,2,2,0,0,0,4,4,31,1540,8,7,2016,6,4,31,0,2,4,4,6,IDAHO AVE,11TH AVE,0,36.26926667,-119.654888890000,0,12,6,0,2,2,0,1,2,1,0,1,0,0000000,99,99,99,99,88,88,0,0,0,2,0
6,61341,1,1,0,0,0,1,1,41,0,13,8,2016,7,18,55,0,1,4,2,4,CR-NORTH SAN PEDRO ROAD,LA BREA WAY,0,38.01233611,-122.513827780000,0,33,0,0,3,3,0,4,1,1,0,1,0,0000000,99,99,99,99,99,99,0,0,0,1,0
6,61342,1,1,0,0,0,1,1,105,0,26,5,2016,5,16,5,0,1,2,1,3,SR-3,,607,40.99207778,-122.702425000000,0,42,0,0,1,1,0,4,1,1,0,1,0,0000000,99,99,99,99,88,88,0,0,0,1,1
6,61343,1,1,0,0,0,2,2,89,0,9,8,2016,3,17,20,1,1,2,1,3,SR-299,,36,40.65761944,-122.698950000000,0,1,0,0,1,1,0,1,1,1,0,1,0,0000000,99,99,99,99,99,99,0,0,0,1,0
6,61344,1,1,0,0,0,1,1,17,0,16,7,2016,7,12,36,1,1,2,1,2,US-50,,273,38.74461667,-120.644783330000,0,24,0,0,1,1,0,4,1,1,0,1,0,0000000,99,99,99,99,88,88,0,0,0,1,0
6,61345,2,2,0,0,0,3,3,67,0,20,3,2016,1,22,8,0,1,3,2,4,CR-ELKHORN BLVD,LARCHMONT DR,0,38.69390000,-121.371700000000,0,12,6,0,2,2,0,1,3,10,0,10,0,0000000,99,99,99,99,99,99,20,0,0,1,1
6,61346,2,2,0,0,0,4,4,67,0,3,6,2016,6,21,4,0,1,3,2,4,CR-MADISON AVENUE,KENNETH AVE,0,38.66428889,-121.244258330000,0,12,6,0,2,2,0,1,3,1,0,1,0,0000000,99,99,99,99,99,99,0,0,0,2,0
6,61347,1,1,0,1,1,1,1,1,2480,28,7,2016,5,3,40,1,2,1,1,1,I-880,,260,37.74690000,-122.201900000000,0,8,0,0,1,1,0,1,3,1,0,1,0,0000000,99,99,99,99,88,88,0,0,0,1,0
6,61348,4,4,0,0,0,11,11,71,2550,30,7,2016,7,12,50,1,2,1,1,1,I-10,,49,34.08005000,-117.627761110000,0,12,1,0,1,1,0,1,1,1,0,1,0,0000000,99,99,99,99,88,88,28,0,0,1,0
6,61349,1,1,0,1,1,1,1,37,1980,20,5,2016,6,9,45,0,2,3,4,6,PERSHING DR,,0,33.94318611,-118.435738890000,0,9,0,0,1,1,0,1,1,1,0,1,0,0000000,99,99,99,99,99,99,0,0,0,1,0
6,61350,1,1,0,0,0,1,1,37,2970,10,7,2016,1,22,58,0,2,4,4,6,AVIATION BL,,0,33.87016389,-118.382516670000,0,1,0,0,1,1,0,1,3,1,0,1,0,0000000,99,99,99,99,88,88,0,0,0,1,0
6,61351,1,1,0,1,1,1,1,113,4163,10,6,2016,6,22,59,0,2,3,4,6,W CAPITOL AVE,,0,38.58058889,-121.527883330000,0,8,0,0,1,1,0,1,3,1,0,1,0,0000000,99,99,99,99,99,99,0,0,0,1,0
6,61352,1,1,0,1,1,1,1,67,3150,26,6,2016,1,20,38,0,2,3,4,6,EL CAMINO AVE,BOXWOOD ST,0,38.61110833,-121.446183330000,0,9,0,0,3,2,0,1,5,1,0,1,0,0000000,99,99,99,99,99,99,0,0,0,1,0
6,61353,2,2,0,0,0,4,4,37,1980,28,6,2016,3,12,5,0,2,4,4,6,8TH ST,CAMULOS PL,0,34.02566944,-118.213947220000,0,12,6,0,2,2,0,1,1,1,0,1,0,0000000,99,99,99,99,88,88,0,0,0,1,0
6,61354,1,1,0,1,1,1,1,1,1364,28,6,2016,3,21,28,0,2,4,4,6,WALNUT AVE,BART WY,0,37.55557500,-121.975019440000,0,8,0,0,3,3,0,1,3,1,0,1,0,0000000,99,99,99,99,99,99,0,0,0,1,0
6,61355,1,1,0,1,1,1,1,99,2200,30,6,2016,5,20,52,0,2,3,4,6,EL VISTA AVE,,0,37.64553611,-120.957283330000,0,9,0,0,1,1,0,1,5,1,0,1,0,0000000,99,99,99,99,99,99,0,0,0,1,0
6,61356,2,2,0,0,0,5,5,37,1980,2,7,2016,7,13,50,0,2,3,4,6,FOOTHILL BLVD,RHODESIA AVE,0,34.25966111,-118.307913890000,0,12,6,0,2,3,0,1,1,1,0,1,0,0000000,99,99,99,99,99,99,0,0,0,1,0
6,61357,4,4,0,0,0,8,8,71,3210,29,1,2016,6,19,26,0,2,4,4,6,W BASELINE ST,GENEVIEVE ST,0,34.12132222,-117.286530560000,0,12,6,0,2,3,0,1,3,1,0,1,0,0000000,99,99,99,99,99,99,0,0,0,1,1
6,61358,2,2,0,0,0,4,4,81,1530,26,2,2016,6,16,54,0,2,3,1,3,SR-1,,307,37.48810278,-122.449644440000,0,12,2,0,1,1,0,1,1,10,0,10,0,0000000,99,99,99,99,99,99,0,0,0,1,1
6,61359,2,2,0,0,0,2,2,37,1840,13,2,2016,7,5,50,0,2,3,4,6,AVENUE I,30TH ST WEST,0,34.70410000,-118.183830560000,0,12,6,0,2,2,0,1,3,1,0,1,0,0000000,99,99,99,99,99,99,0,0,0,1,0
6,61360,4,1,3,0,0,1,1,37,2020,28,5,2016,7,23,47,0,2,3,4,6,IMPERIAL HIGHWAY,,0,33.93048889,-118.220413890000,0,14,0,0,1,1,0,7,3,1,0,1,0,0000000,99,99,99,99,99,99,14,0,0,1,0
6,61361,1,1,0,0,0,2,2,1,3360,24,5,2016,3,13,17,0,2,7,4,6,WASHINGTON AVE,,0,37.70331111,-122.142138890000,0,10,0,0,6,1,1,1,1,1,0,1,0,9999999,99,99,99,99,88,88,0,0,0,2,0
6,61362,4,4,0,0,0,7,7,37,2684,4,6,2016,7,0,30,0,2,3,4,6,ROSECRANS AVE,PARAMOUNT BLVD,0,33.90375000,-118.159833330000,0,12,1,0,3,2,0,1,3,1,0,1,0,0000000,99,99,99,99,99,99,0,0,0,1,1
6,61363,1,1,0,0,0,7,7,73,560,16,6,2016,5,0,30,1,2,1,1,1,I-5,,500,33.16128056,-117.341500000000,0,1,0,0,1,1,0,1,3,10,0,10,0,0000000,99,99,99,99,99,99,0,0,0,1,0
6,61364,3,3,0,0,0,4,4,73,3260,7,7,2016,5,23,40,0,2,4,4,6,CLAIREMONT MESA BLVD,,0,32.83185556,-117.110291670000,0,12,1,0,1,1,0,1,2,1,0,1,0,0000000,99,99,99,99,99,99,0,0,0,1,1
6,61365,1,1,0,0,0,1,1,85,0,17,7,2016,1,17,34,1,1,1,1,1,I-280,,176,37.38363056,-122.151877780000,0,35,0,0,1,1,0,4,1,1,0,1,0,0000000,99,99,99,99,88,88,0,0,0,1,0
6,61366,1,1,0,0,0,3,3,65,0,1,5,2016,1,8,8,0,1,2,1,3,SR-74,,891,33.64957222,-116.395458330000,0,35,0,0,1,1,0,4,1,1,0,1,0,0000000,99,99,99,99,99,99,0,0,0,1,0
6,61367,1,1,0,0,0,1,1,13,2790,17,7,2016,1,16,4,1,2,2,1,3,SR-4,,237,38.01105000,-121.863883330000,0,41,0,0,1,1,0,4,1,1,0,1,0,0000000,99,99,99,99,88,88,0,0,0,1,1
6,61368,1,1,0,0,0,1,1,1,2480,2,7,2016,7,18,53,1,2,2,1,3,SR-24,,47,37.84869722,-122.235375000000,0,42,11,0,1,1,0,4,1,1,0,1,0,0000000,99,99,99,99,88,88,0,0,0,1,1
6,61369,2,2,0,0,0,3,3,89,0,3,8,2016,4,14,40,1,1,2,1,3,SR-44,,132,40.53285556,-122.130980560000,0,12,2,0,1,1,0,1,1,1,0,1,0,0000000,99,99,99,99,99,99,0,0,0,1,1
6,61370,1,1,0,0,0,1,1,17,0,3,6,2016,6,0,25,1,1,2,1,2,US-50,,92,38.66745278,-120.928411110000,0,42,0,0,1,1,0,4,3,1,0,1,0,0000000,99,99,99,99,88,88,0,0,0,1,0
6,61371,1,1,0,0,0,1,1,29,0,7,8,2016,1,1,50,0,1,2,1,3,SR-184,,61,35.32519444,-118.914294440000,0,1,0,0,1,1,0,4,2,1,0,1,0,0000000,99,99,99,99,99,99,0,0,0,1,1
6,61372,1,1,0,0,0,1,1,29,240,21,8,2016,1,14,25,0,2,2,1,3,SR-178,,38,35.39004722,-118.980886110000,0,35,0,0,1,1,0,4,1,1,0,1,0,0000000,99,99,99,99,88,88,0,0,0,1,0
6,61373,2,2,0,0,0,2,2,29,0,15,5,2016,1,16,12,0,1,2,1,3,SR-33,HUDSON RANCH RD,23,34.96101944,-119.447536110000,0,12,6,0,2,3,0,1,1,1,0,1,0,0000000,99,99,99,99,99,99,0,0,0,1,0
6,61374,2,2,0,0,0,3,3,107,0,8,7,2016,6,5,55,0,1,5,2,4,CR-COUNTY LINE RD,ROAD 184,0,35.79069167,-119.160886110000,0,12,2,0,2,2,0,1,1,1,0,1,0,0000000,99,99,99,99,99,99,0,0,0,1,0
6,61375,1,1,0,0,0,2,2,65,0,28,8,2016,1,23,20,0,1,5,2,4,CR-COYOTE CANYON ROAD,,0,33.49956667,-116.625911110000,0,1,0,0,1,1,0,4,2,1,0,1,0,0000000,99,99,99,99,99,99,0,0,0,1,1
6,61376,2,2,0,0,0,2,2,59,0,20,8,2016,7,18,44,0,1,5,2,4,CR-LIVE OAK CANYON RD,,0,33.66166111,-117.601069440000,0,12,2,0,1,1,0,1,1,1,0,1,0,0000000,99,99,99,99,99,99,0,0,0,1,1
6,61377,5,1,4,0,1,1,2,73,1182,4,3,2016,6,21,2,0,2,3,4,6,S EL CAMINO REAL,,0,33.02520278,-117.255577780000,0,14,0,0,1,1,0,7,3,1,0,1,0,0000000,99,99,99,99,99,99,0,0,0,1,0
6,61378,4,1,3,9,11,1,3,37,1980,26,6,2016,1,21,20,0,2,4,4,6,4TH STREET,,0,34.04292778,-118.222944440000,0,33,0,0,1,1,0,4,3,1,0,1,0,0000000,99,99,99,99,99,99,14,15,0,1,1
6,61379,2,2,0,0,0,3,3,37,1980,1,6,2016,4,1,30,1,2,1,1,1,I-210,,18,34.32363611,-118.462169440000,0,12,1,0,1,1,0,1,2,1,0,1,0,0000000,99,99,99,99,99,99,0,0,0,1,0
6,61380,4,2,2,0,0,5,5,75,3290,19,5,2016,5,15,48,0,2,7,4,6,CALGARY ST,VELASCO AVE,0,37.70879722,-122.416030560000,0,12,2,0,3,2,0,1,1,1,0,1,0,0000000,99,99,99,99,99,99,0,0,0,1,0
6,61381,2,2,0,0,0,2,2,29,0,27,8,2016,7,16,30,0,1,5,2,4,CR-COMANCHE DR,MULLER RD,0,35.32554722,-118.843086110000,0,12,7,0,2,2,0,1,1,1,0,1,0,0000000,99,99,99,99,99,99,0,0,0,1,1
6,61382,1,1,0,0,0,1,1,77,0,30,5,2016,2,16,34,0,1,2,1,3,SR-26,,172,38.06824722,-120.990786110000,0,1,0,0,1,1,0,2,1,1,0,1,0,0000000,99,99,99,99,88,88,0,0,0,1,1
6,61383,2,2,0,0,0,2,2,55,0,10,7,2016,1,12,20,0,1,5,2,4,CR-CHILES POPE VALLEY RD,BARNETT RD,0,38.61694167,-122.417033330000,0,12,6,0,2,3,0,1,1,1,0,1,0,0000000,99,99,99,99,99,99,0,0,0,1,0
6,61384,1,1,0,0,0,1,1,85,0,15,5,2016,1,17,40,0,1,7,2,4,CR-BLACK ROAD,,0,37.20366111,-122.031963890000,0,1,0,0,1,1,0,1,1,1,0,1,0,0000000,99,99,99,99,88,88,0,0,0,1,0
6,61385,1,1,0,0,0,1,1,97,0,29,6,2016,4,11,44,0,1,4,2,4,CR-LAKEVILLE ROAD,,0,38.18435000,-122.537594440000,0,42,0,0,1,1,0,4,1,1,0,1,0,0000000,99,99,99,99,88,88,0,0,0,1,0
6,61386,1,1,0,0,0,1,1,19,1370,28,8,2016,1,23,55,0,2,5,4,6,SAN BENITO AVE,,0,36.70631389,-120.360538890000,0,1,0,0,1,1,0,4,2,1,0,1,0,0000000,99,99,99,99,88,88,0,0,0,1,0
6,61387,1,1,0,0,0,1,1,37,1970,24,7,2016,1,2,35,1,2,1,1,1,I-605,,6,33.81508889,-118.081313890000,0,25,0,0,1,1,0,3,3,1,0,1,0,0000000,99,99,99,99,88,88,0,0,0,1,1
6,61388,2,2,0,0,0,5,5,59,2199,7,8,2016,1,17,50,1,2,1,1,1,I-5,,141,33.56630000,-117.672130560000,0,12,7,0,1,1,0,1,1,1,0,1,0,0000000,99,99,99,99,99,99,0,0,0,1,0
6,61389,2,2,0,0,0,3,3,37,1980,29,5,2016,1,3,50,0,2,3,4,6,FIGUEROA ST,,0,33.99289444,-118.282694440000,0,12,1,0,1,1,0,1,3,1,0,1,0,0000000,99,99,99,99,99,99,0,0,0,1,0
6,61390,1,1,0,1,1,1,1,97,3490,4,2,2016,5,19,52,0,2,2,1,3,SR-12,,201,38.46482778,-122.652955560000,0,8,0,0,1,1,0,1,3,1,0,1,0,0000000,99,99,99,99,88,88,19,0,0,1,0
6,61391,1,1,0,1,1,1,1,59,3420,20,4,2016,4,2,17,0,2,3,1,6,BRISTOL ST,CENTRAL,0,33.71256944,-117.885400000000,0,8,0,0,2,2,0,1,3,1,0,1,0,0000000,99,99,99,99,99,99,0,0,0,1,0
6,61392,1,1,0,0,0,1,1,57,0,9,9,2016,6,12,33,1,1,2,1,3,SR-20,,155,39.24425278,-121.028888890000,0,33,0,0,1,1,0,4,1,1,0,1,0,0000000,99,99,99,99,88,88,0,0,0,1,0
6,61393,2,2,0,0,0,4,4,77,0,9,8,2016,3,18,19,0,1,2,1,3,SR-26,,78,38.00523889,-121.133530560000,0,12,2,0,1,1,0,1,1,1,0,1,0,0000000,99,99,99,99,99,99,0,0,0,1,0
6,61394,2,2,0,0,0,3,3,1,0,2,6,2016,5,16,34,1,1,1,1,1,I-880,,195,37.67998056,-122.122663890000,0,12,7,0,1,1,0,1,1,1,0,1,0,0000000,99,99,99,99,88,88,0,0,0,1,0
6,61395,1,1,0,0,0,1,1,19,0,28,8,2016,1,20,36,0,1,5,2,4,CR-HILLS VALLEY RD,,0,36.58527500,-119.305052780000,0,42,0,0,1,1,0,4,2,1,0,1,0,0000000,99,99,99,99,88,88,0,0,0,1,0
6,61396,2,2,0,0,0,3,3,99,0,1,8,2016,2,5,50,0,1,5,2,4,CR-CARPENTER ROAD,,0,37.50700000,-121.030861110000,0,12,2,0,1,1,0,1,4,1,0,1,0,0000000,99,99,99,99,99,99,0,0,0,1,1
6,61397,2,2,0,0,0,2,2,71,0,16,7,2016,7,17,0,0,1,2,1,3,SR-38,,246,34.17263889,-116.864838890000,0,12,2,0,1,1,0,1,1,1,0,1,0,0000000,99,99,99,99,99,99,14,0,0,1,0