STATE,ST_CASE,VE_TOTAL,VE_FORMS,PVH_INVL,PEDS,PERNOTMVIT,PERMVIT,PERSONS,COUNTY,CITY,DAY,MONTH,YEAR,DAY_WEEK,HOUR,MINUTE,NHS,RUR_URB,FUNC_SYS,RD_OWNER,ROUTE,TWAY_ID,TWAY_ID2,MILEPT,LATITUDE,LONGITUD,SP_JUR,HARM_EV,MAN_COLL,RELJCT1,RELJCT2,TYP_INT,WRK_ZONE,REL_ROAD,LGT_COND,WEATHER1,WEATHER2,WEATHER,SCH_BUS,RAIL,NOT_HOUR,NOT_MIN,ARR_HOUR,ARR_MIN,HOSP_HR,HOSP_MN,CF1,CF2,CF3,FATALS,DRUNK_DR
6,61398,1,1,0,1,1,1,1,59,3420,12,3,2016,7,4,51,0,2,3,4,6,WARNER AVE,PACIFIC AVE,0,33.71614722,-117.887813890000,0,9,0,0,3,2,0,1,3,1,0,1,0,0000000,99,99,99,99,88,88,0,0,0,1,0
6,61399,2,2,0,0,0,3,3,65,2278,9,4,2016,7,1,24,0,2,5,4,6,IRONWOOD AVE,,0,33.94923889,-117.200736110000,0,12,6,0,1,1,0,1,3,1,0,1,0,0000000,99,99,99,99,99,99,0,0,0,1,1
6,61400,2,2,0,0,0,4,4,59,80,21,5,2016,7,1,28,0,2,3,4,6,W LINCOLN AVE,N DALE AVE,0,33.83220833,-117.984747220000,0,12,6,0,2,2,0,1,3,10,0,10,0,0000000,99,99,99,99,99,99,0,0,0,3,1
6,61401,1,1,0,1,1,2,2,37,1700,15,3,2016,3,7,54,0,2,3,4,6,CENTURY BLVD,FLOWER ST,0,33.94543611,-118.346600000000,0,8,0,0,3,3,0,1,1,1,0,1,0,0000000,99,99,99,99,88,88,0,0,0,1,0
6,61402,1,1,0,0,0,1,1,77,0,30,7,2016,7,23,50,0,1,5,2,4,CR-ODELL AVE,,0,37.91590833,-121.282527780000,0,42,0,0,1,1,0,4,3,1,0,1,0,0000000,99,99,99,99,88,88,0,0,0,1,1
6,61403,2,2,0,0,0,2,2,7,0,2,8,2016,3,14,37,1,1,3,1,3,SR-99,MALLARD ESTATES RD,412,39.82591389,-121.927705560000,0,12,2,0,3,3,0,2,1,1,0,1,0,0000000,99,99,99,99,88,88,28,0,0,1,0
6,61404,1,1,0,1,1,1,1,67,0,16,8,2016,3,7,54,0,1,4,2,4,CR-DON JULIO BL,ELKHORN BL,0,38.69285556,-121.351794440000,0,9,0,0,3,2,0,1,1,1,0,1,0,0000000,99,99,99,99,99,99,0,0,0,1,0
6,61405,1,1,0,0,0,1,1,9,0,3,9,2016,7,2,43,0,1,2,1,3,SR-4,,99998,38.01589722,-120.644191670000,0,42,0,0,1,1,1,4,2,1,0,1,0,0000000,99,99,99,99,88,88,0,0,0,1,0
6,61406,1,1,0,1,1,3,3,85,537,12,6,2016,1,16,10,0,2,3,4,6,SAN TOMAS EXPY,,0,37.27738889,-121.955388890000,0,9,0,0,1,1,0,2,1,1,0,1,0,0000000,99,99,99,99,99,99,0,0,0,1,1
6,61407,1,1,0,0,0,1,1,97,0,23,8,2016,3,8,20,0,1,6,2,4,CR-OCCIDENTAL ROAD,,0,38.40356667,-122.913761110000,0,30,0,0,1,1,0,4,1,10,0,10,0,0000000,99,99,99,99,88,88,0,0,0,1,0
6,61408,2,2,0,0,0,2,2,39,0,6,8,2016,7,15,24,1,1,3,1,3,SR-41,ROAD 426,358,37.33298889,-119.650800000000,0,12,6,0,2,2,0,1,1,1,0,1,0,0000000,99,99,99,99,88,88,0,0,0,1,0
6,61409,1,1,0,0,0,1,1,107,0,11,8,2016,5,0,0,0,1,2,1,3,SR-201,,222,36.47344444,-119.152466670000,0,38,0,0,1,1,0,4,2,1,0,1,0,0000000,99,99,99,99,88,88,0,0,0,1,0
6,61410,5,5,0,0,0,5,5,37,2684,26,4,2016,3,0,39,1,2,1,1,1,I-710,,150,33.90409722,-118.184941670000,0,12,1,0,1,1,0,1,2,10,0,10,0,0000000,99,99,99,99,88,88,14,0,0,1,1
6,61411,1,1,0,0,0,1,1,65,2730,12,8,2016,6,8,57,0,2,2,1,3,SR-74,,246,33.76687222,-117.258055560000,0,59,0,0,1,1,0,4,1,1,0,1,0,0000000,99,99,99,99,99,99,0,0,0,1,0
6,61412,2,2,0,0,0,3,3,79,0,28,6,2016,3,4,48,1,1,2,1,2,US-101,WELLSONA RD,619,35.69580000,-120.696869440000,0,12,6,0,2,2,0,1,3,1,0,1,0,0000000,99,99,99,99,99,99,0,0,0,1,0
6,61413,2,1,1,1,1,2,2,71,0,1,3,2016,3,8,10,1,1,2,1,3,SR-58 E/B,,223,34.92209444,-117.259119440000,0,43,0,0,1,1,0,2,1,1,0,1,0,0000000,99,99,99,99,99,99,0,0,0,1,0
6,61414,1,1,0,0,0,2,2,71,0,8,8,2016,2,7,8,0,1,5,2,4,CR-WILD RD,,0,34.77551389,-117.321183330000,0,30,0,0,1,1,0,4,1,1,0,1,0,0000000,99,99,99,99,99,99,0,0,0,1,0
6,61415,1,1,0,0,0,3,3,71,0,5,9,2016,2,5,0,1,1,1,1,1,I-40,,537,34.72745000,-116.088638890000,0,1,0,0,1,1,0,4,2,1,0,1,0,0000000,99,99,99,99,88,88,0,0,0,1,0
6,61416,2,2,0,0,0,2,2,71,115,17,2,2016,4,11,32,0,2,3,4,6,BEAR VALLEY ROAD,CENTRAL ROAD,0,34.47160000,-117.172636110000,0,12,6,0,2,2,0,1,1,1,0,1,0,0000000,99,99,99,99,88,88,0,0,0,1,0
6,61417,1,1,0,1,1,1,1,59,3420,22,4,2016,6,21,18,0,2,3,4,6,1ST ST,,0,33.74530556,-117.863133330000,0,8,0,0,1,1,0,1,3,1,0,1,0,0000000,99,99,99,99,88,88,0,0,0,1,0
6,61418,2,2,0,0,0,2,2,37,1808,29,7,2016,6,22,5,0,2,4,4,6,WOODRUFF AVE,,0,33.85517222,-118.117072220000,0,12,6,0,8,1,0,1,3,1,0,1,0,0000000,99,99,99,99,99,99,0,0,0,1,1
6,61419,2,2,0,0,0,3,3,99,2200,26,5,2016,5,5,34,0,2,3,4,6,CLAUS RD,,0,37.68258333,-120.921508330000,0,12,2,0,1,1,0,1,4,1,0,1,0,0000000,99,99,99,99,99,99,0,0,0,1,0
6,61420,1,1,0,1,1,1,1,77,3770,16,4,2016,7,23,8,0,2,7,4,6,THORNTON RD,,0,38.03445556,-121.338047220000,0,8,0,0,8,1,0,1,3,1,0,1,0,0000000,99,99,99,99,99,99,0,0,0,1,0
6,61422,1,1,0,0,0,1,1,55,0,26,7,2016,3,0,13,0,1,2,1,3,SR-221,,23,38.27335556,-122.272694440000,0,1,0,0,1,1,0,4,2,1,0,1,0,0000000,88,88,88,88,88,88,0,0,0,1,0
6,61423,1,1,0,1,1,1,1,97,0,12,8,2016,6,21,10,0,1,4,2,4,CR-FULTON RD,,0,38.49041944,-122.770111110000,0,15,0,0,1,1,0,1,2,1,0,1,0,0000000,99,99,99,99,99,99,0,0,0,1,0
6,61425,1,1,0,1,1,1,1,99,0,23,6,2016,5,15,31,0,1,5,2,4,CR-CLARIBEL RD,,0,37.71106111,-120.830152780000,0,8,0,0,1,1,0,1,1,1,0,1,0,0000000,99,99,99,99,88,88,0,0,0,1,0
6,61426,2,2,0,0,0,2,2,107,1010,28,6,2016,3,18,34,0,2,3,4,6,AVENUE 416,ROAD 92,0,36.54554167,-119.367747220000,0,12,6,0,2,2,0,1,1,1,0,1,0,0000000,99,99,99,99,99,99,0,0,0,1,0
6,61427,1,1,0,0,0,1,1,65,2278,29,5,2016,1,3,14,0,2,4,4,6,LASSELLE ST,LA BARACA RD,0,33.89438611,-117.208847220000,0,33,0,0,3,3,0,4,3,1,0,1,0,0000000,99,99,99,99,88,88,0,0,0,1,0
6,61428,1,1,0,0,0,1,1,59,1713,29,6,2016,4,16,45,0,2,4,4,6,ALTON PKWY,,0,33.68273889,-117.820594440000,0,33,0,0,1,1,0,3,1,1,0,1,0,0000000,99,99,99,99,88,88,0,0,0,1,0
6,61429,2,2,0,0,0,4,4,47,0,8,6,2016,4,4,55,1,1,2,1,3,SR-99,,178,37.31613056,-120.528030560000,0,52,0,0,1,1,0,4,2,1,0,1,0,0000000,99,99,99,99,88,88,14,0,0,1,1
6,61430,1,1,0,0,0,2,2,111,3860,24,7,2016,1,19,13,0,2,5,4,6,RANCHO DOS VIENTOS DR,,0,34.16485556,-118.992805560000,0,33,0,0,1,1,0,4,1,1,0,1,0,0000000,99,99,99,99,99,99,0,0,0,1,1
6,61431,1,1,0,0,0,1,1,37,1980,30,7,2016,7,2,53,1,2,2,1,3,SR-2 RAMP,,193,34.15319444,-118.224886110000,0,33,0,1,5,1,0,4,2,1,0,1,0,0000000,99,99,99,99,88,88,0,0,0,1,0
6,61432,2,2,0,0,0,2,2,53,0,28,6,2016,3,6,10,0,1,2,1,3,SR-183,SAN JON RD,36,36.70347778,-121.707308330000,0,12,6,0,2,3,0,1,1,10,0,10,0,0000000,99,99,99,99,99,99,0,0,0,1,0
6,61433,1,1,0,1,1,3,3,73,1080,5,1,2016,3,18,39,0,2,5,4,6,N MARSHALL AVE,ARNELE AVE,0,32.80393889,-116.975497220000,0,8,0,0,3,3,0,1,3,2,0,2,0,0000000,99,99,99,99,99,99,0,0,0,1,0
6,61434,2,2,0,0,0,5,5,71,2922,6,3,2016,1,9,38,0,2,4,4,6,ARROW ROUTE,WHITE OAK AVENUE,0,34.09910556,-117.565075000000,0,12,8,0,2,2,0,1,1,1,0,1,0,0000000,99,99,99,99,99,99,0,0,0,1,0
6,61435,2,2,0,0,0,8,8,113,980,24,2,2016,4,17,16,0,2,5,4,6,SECOND STREET,CANTRILL DRIVE,0,38.54795278,-121.720108330000,0,12,6,0,2,3,0,1,1,1,0,1,0,0000000,99,99,99,99,99,99,0,0,0,1,0
6,61436,2,2,0,0,0,2,2,25,0,3,3,2016,5,19,58,0,1,2,1,3,SR-111,SINCLAIR ROAD,361,33.17660000,-115.519058330000,0,12,6,0,2,2,0,1,2,1,0,1,0,0000000,99,99,99,99,99,99,0,0,0,1,0
6,61437,2,2,0,0,0,2,2,61,0,1,7,2016,6,16,10,0,1,4,2,4,CR-DOUGLAS BL,MPH RD,0,38.74360833,-121.174794440000,0,12,6,0,2,2,0,1,1,1,0,1,0,0000000,99,99,99,99,99,99,0,0,0,1,0
6,61438,1,1,0,0,0,1,1,7,0,20,8,2016,7,4,8,0,1,5,2,4,CR-MT. IDA ROAD,,0,39.48570556,-121.483002780000,0,53,0,0,1,1,0,4,2,1,0,1,0,0000000,99,99,99,99,88,88,0,0,0,1,1
6,61439,1,1,0,0,0,1,1,77,3880,26,8,2016,6,22,50,1,2,1,1,1,I-205,,76,37.76321667,-121.424911110000,0,42,0,0,1,1,0,4,2,1,0,1,0,0000000,99,99,99,99,88,88,0,0,0,1,0
6,61440,1,1,0,0,0,2,2,113,0,4,6,2016,7,13,10,1,1,1,1,1,I-5,,8,38.67349167,-121.641102780000,0,23,0,0,1,1,0,5,1,1,0,1,0,0000000,99,99,99,99,99,99,0,0,0,1,0
6,61441,1,1,0,0,0,1,1,5,0,23,8,2016,3,7,25,0,1,2,1,3,SR-16,SR-124,91,38.45351111,-120.872825000000,0,33,0,1,5,1,0,8,1,1,0,1,0,0000000,99,99,99,99,88,88,0,0,0,1,0
6,61442,2,2,0,0,0,3,3,31,0,20,8,2016,7,17,57,1,1,2,1,3,SR-41,,379,36.25593889,-119.808261110000,0,12,2,0,1,1,0,1,1,1,0,1,0,0000000,99,99,99,99,88,88,0,0,0,1,1
6,61443,1,1,0,0,0,1,1,37,0,28,8,2016,1,11,25,0,1,5,2,4,CR-ANGELES FOREST HWY,,0,34.33728889,-118.109144440000,0,1,0,0,1,1,0,4,1,1,0,1,0,0000000,99,99,99,99,88,88,0,0,0,1,0
6,61444,1,1,0,0,0,2,2,73,2340,25,6,2016,7,12,30,1,2,1,1,1,I-5 RAMP,,96,32.65082500,-117.104386110000,0,23,0,1,19,1,0,4,1,1,0,1,0,0000000,88,88,88,88,88,88,0,0,0,2,1
6,61445,1,1,0,0,0,1,1,87,0,5,6,2016,1,19,15,0,1,3,1,3,SR-1,,172,36.98621944,-122.023663890000,0,39,0,1,19,1,0,4,1,1,0,1,0,0000000,99,99,99,99,88,88,0,0,0,1,0
6,61446,2,2,0,0,0,6,6,53,0,24,6,2016,6,18,34,1,1,2,1,2,US-101,ESPERANZA RD,788,36.58993889,-121.539569440000,0,12,6,0,2,3,0,1,1,1,0,1,0,0000000,99,99,99,99,88,88,0,0,0,1,1
6,61448,2,2,0,0,0,2,2,111,0,22,7,2016,6,17,57,0,1,3,1,3,SR-150,,136,34.42541667,-119.300130560000,0,24,0,0,1,1,0,4,1,1,0,1,0,0000000,99,99,99,99,99,99,0,0,0,1,0
6,61449,1,1,0,0,0,1,1,105,0,23,6,2016,5,10,31,1,1,2,1,3,SR-299,,562,40.66968889,-122.943966670000,0,1,0,0,1,1,0,4,1,1,0,1,0,0000000,99,99,99,99,99,99,0,0,0,1,0
6,61450,1,1,0,0,0,2,2,65,0,6,7,2016,4,5,35,1,1,1,1,1,I-10,,292,33.91609444,-116.611877780000,0,31,0,0,1,1,0,4,4,6,0,6,0,0000000,99,99,99,99,99,99,0,0,0,1,0
6,61451,1,1,0,0,0,1,1,105,0,17,8,2016,4,18,55,0,2,4,4,6,LITTLE BROWNS CREEK ROAD,,0,40.70188611,-122.925461110000,0,17,0,0,1,1,0,4,1,1,0,1,0,0000000,99,99,99,99,88,88,0,0,0,1,0
6,61452,2,2,0,0,0,3,3,65,0,16,6,2016,5,5,30,1,1,1,1,1,I-10,,1286,33.61414722,-115.012250000000,0,12,2,0,1,1,0,1,4,1,0,1,0,0000000,99,99,99,99,88,88,0,0,0,2,1
6,61453,1,1,0,0,0,1,1,103,0,4,9,2016,1,14,45,0,1,5,2,4,CR-ROUND VALLEY ROAD,,0,39.82286667,-122.665683330000,0,1,0,0,1,1,0,1,1,1,0,1,0,0000000,99,99,99,99,88,88,0,0,0,1,1
6,61454,3,3,0,0,0,5,5,45,0,14,8,2016,1,20,39,1,2,1,1,2,US-101,,171,39.05252778,-123.155986110000,0,12,6,0,1,1,0,1,2,1,0,1,0,0000000,99,99,99,99,99,99,0,0,0,2,0
6,61455,1,1,0,1,1,1,1,55,0,3,6,2016,6,17,36,1,1,2,1,3,SR-29,,50,38.22729722,-122.258350000000,0,9,0,0,1,1,0,2,1,1,0,1,0,0000000,99,99,99,99,99,99,0,0,0,1,0
6,61456,1,1,0,0,0,1,1,73,710,7,9,2016,4,14,55,0,2,3,4,3,SR-125,,0,32.64386944,-116.970497220000,0,1,0,1,19,1,0,3,1,1,0,1,0,0000000,99,99,99,99,99,99,0,0,0,1,0
6,61457,1,1,0,0,0,1,1,59,2560,27,8,2016,7,3,8,1,2,2,1,3,SR-57,,115,33.79054722,-117.879733330000,0,30,0,0,1,1,0,4,3,10,0,10,0,0000000,88,88,88,88,88,88,0,0,0,1,0
6,61458,1,1,0,0,0,1,1,79,0,3,9,2016,7,2,15,0,1,5,2,4,CR- CORBETT CANYON RD,,0,35.14346944,-120.562027780000,0,30,0,0,1,1,0,4,2,1,0,1,0,0000000,99,99,99,99,88,88,0,0,0,1,1
6,61459,2,2,0,0,0,2,2,37,1980,14,2,2016,1,13,25,1,2,1,1,1,I-5,,261,34.14586111,-118.278869440000,0,12,1,0,1,1,0,1,1,1,0,1,0,0000000,99,99,99,99,99,99,0,0,0,1,0
6,61460,2,2,0,0,0,5,5,17,0,14,8,2016,1,12,32,0,1,6,2,4,CR-ICE HOUSE RD,,0,38.80806389,-120.379494440000,0,1,0,0,1,1,0,2,1,1,0,1,0,0000000,99,99,99,99,88,88,0,0,0,1,1
6,61461,3,3,0,0,0,9,9,3,0,24,7,2016,1,13,25,0,1,2,1,3,SR-89,,33,38.66427778,-119.640133330000,0,12,8,0,1,1,0,1,1,1,0,1,0,0000000,99,99,99,99,99,99,0,0,0,2,0
6,61462,2,2,0,0,0,2,2,67,0,21,7,2016,5,14,50,0,1,5,2,4,CR-OLD PLACERVILLE ROAD,HAPPY LANE,0,38.55885833,-121.322858330000,0,12,6,0,2,3,0,1,1,1,0,1,0,0000000,99,99,99,99,99,99,0,0,0,1,0
6,61463,3,3,0,1,1,4,4,37,1980,8,4,2016,6,5,23,1,2,1,1,1,I-5 N/B (GOLDEN STATE FREEWAY),,270,34.15408056,-118.287180560000,0,12,1,0,1,1,0,1,3,10,0,10,0,0000000,99,99,99,99,99,99,19,0,0,1,0
6,61464,1,1,0,0,0,1,1,99,2200,1,5,2016,1,3,53,0,2,3,4,6,W BRIGGSMORE AVE,,0,37.67175833,-121.028319440000,0,33,0,0,1,1,0,3,3,1,0,1,0,0000000,99,99,99,99,99,99,0,0,0,1,1
6,61465,2,2,0,1,1,2,2,37,1970,26,6,2016,1,0,47,0,2,4,4,6,ANAHEIM STREET,OHIO AVENUE,0,33.78261944,-118.160055560000,0,8,0,0,3,2,0,1,3,1,0,1,0,0000000,99,99,99,99,88,88,0,0,0,1,0
6,61466,5,5,0,0,0,8,8,113,4163,11,4,2016,2,16,40,0,2,3,4,6,SOUTHPORT PARKWAY,,0,38.55650833,-121.549925000000,0,42,0,0,1,1,0,3,1,1,0,1,0,0000000,99,99,99,99,99,99,14,0,0,2,0
6,61467,2,2,0,0,0,3,3,109,0,9,7,2016,7,9,47,0,1,2,1,3,SR-108,TWAIN HARTE DR,0,38.01967500,-120.246800000000,0,12,2,0,2,2,0,1,1,1,0,1,0,0000000,99,99,99,99,99,99,0,0,0,1,0
6,61468,2,2,0,0,0,5,5,101,0,12,8,2016,6,17,0,0,1,3,1,3,SR-113,,14,38.82158056,-121.716725000000,0,12,6,0,1,1,0,1,1,1,0,1,0,0000000,99,99,99,99,99,99,0,0,0,1,0
6,61469,1,1,0,0,0,3,3,1,1364,1,7,2016,6,19,38,1,2,1,1,1,I-880,,95,37.55438889,-122.029138890000,0,1,0,0,1,1,0,2,1,1,0,1,0,0000000,99,99,99,99,99,99,0,0,0,1,0
6,61470,1,1,0,0,0,1,1,1,3360,27,7,2016,4,3,59,1,2,1,1,1,I-880,,235,37.71816111,-122.175588890000,0,59,0,1,5,1,0,4,3,1,0,1,0,0000000,99,99,99,99,88,88,0,0,0,1,1
6,61471,1,1,0,1,1,1,1,99,0,12,7,2016,3,18,47,1,1,2,1,3,SR-99,,142,37.61718889,-120.988738890000,0,8,0,0,1,1,0,1,1,1,0,1,0,0000000,99,99,99,99,88,88,0,0,0,1,0
6,61472,1,1,0,0,0,2,2,93,0,11,8,2016,5,21,20,1,1,3,1,3,SR-89,,131,41.26721944,-121.917516670000,0,42,0,0,1,1,0,4,2,1,0,1,0,0000000,99,99,99,99,99,99,0,0,0,2,0
6,61473,3,3,0,0,0,4,4,97,0,10,8,2016,4,9,55,0,1,5,2,4,CR-ALEXANDER VALLEY RD.,,0,38.66116944,-122.826311110000,0,12,8,0,1,1,0,1,1,1,0,1,0,0000000,99,99,99,99,99,99,0,0,0,1,0
6,61474,1,1,0,0,0,3,3,3,0,23,8,2016,3,8,20,0,1,2,1,3,SR-1,,211,38.44825278,-123.114302780000,0,3,0,0,1,1,0,4,1,10,2,2,0,0000000,99,99,99,99,88,88,0,0,0,2,0
6,61475,1,1,0,0,0,1,1,111,4027,3,7,2016,1,20,45,1,2,2,1,3,SR-126,,51,34.29049722,-119.154713890000,0,33,0,1,19,1,0,4,3,1,0,1,0,0000000,99,99,99,99,88,88,0,0,0,1,1
6,61476,2,2,0,0,0,2,2,53,3560,14,1,2016,5,16,27,0,2,5,4,6,KIMBALL AVE,HIGHLAND ST,0,36.59942778,-121.831988890000,0,12,6,0,2,3,0,1,1,10,0,10,0,0000000,99,99,99,99,99,99,0,0,0,1,0
6,61477,1,1,0,0,0,1,1,99,1650,17,2,2016,4,18,40,0,2,5,4,6,HATCH RD,,0,37.60922500,-120.857675000000,0,42,0,0,1,1,0,4,2,10,0,10,0,0000000,99,99,99,99,88,88,0,0,0,1,0
6,61478,2,2,0,0,0,4,4,99,0,16,6,2016,5,21,55,0,1,2,1,3,SR-132,GEER RD,231,37.63880000,-120.847666670000,0,12,6,0,2,2,0,1,3,1,0,1,0,0000000,99,99,99,99,99,99,0,0,0,1,0
6,61479,1,1,0,0,0,1,1,107,0,20,8,2016,7,23,53,0,1,6,2,4,CR-AVENUE 424,,0,36.55985000,-119.349783330000,0,42,0,0,1,1,0,4,3,1,0,1,0,0000000,99,99,99,99,88,88,0,0,0,1,1
6,61480,1,1,0,1,1,1,1,19,0,3,7,2016,1,1,50,0,1,5,2,4,CR-OAKLAND AVE,,0,36.34244167,-120.131669440000,0,8,0,0,1,1,0,1,2,1,0,1,0,0000000,99,99,99,99,88,88,0,0,0,1,0
6,61481,1,1,0,1,1,1,1,29,240,31,5,2016,3,1,40,0,2,3,4,6,MANOR STREET,,0,35.40713333,-119.009502780000,0,8,0,0,1,1,0,1,2,1,0,1,0,0000000,99,99,99,99,99,99,0,0,0,1,0
6,61482,1,1,0,1,1,2,2,29,240,2,5,2016,2,20,8,0,2,4,4,6,COTTONWOOD ROAD,,0,35.32276111,-118.985422220000,0,8,0,0,1,1,0,1,3,1,0,1,0,0000000,99,99,99,99,88,88,0,0,0,1,0
6,61483,1,1,0,0,0,2,2,29,240,10,6,2016,6,0,11,0,2,5,4,6,NORIEGA RD,,0,35.40517222,-119.140783330000,0,33,0,0,1,1,0,4,3,1,0,1,0,0000000,99,99,99,99,99,99,0,0,0,1,1
6,61484,1,1,0,0,0,1,1,103,0,12,8,2016,6,18,5,0,1,5,2,4,CR-RANCHO TEHAMA RD,,0,40.01032778,-122.451177780000,0,42,0,0,1,1,0,4,1,1,0,1,0,0000000,99,99,99,99,88,88,0,0,0,1,0
6,61485,2,1,1,0,0,1,1,71,0,16,9,2016,6,7,10,1,1,1,1,1,I-10,,190,34.06811667,-117.383588890000,0,33,0,0,1,1,0,2,1,1,0,1,0,0000000,88,88,88,88,88,88,23,0,0,1,0
6,61486,1,1,0,1,1,1,1,67,0,10,9,2016,7,23,30,0,1,3,2,4,CR-MADISON AVENUE,,0,38.66353056,-121.297608330000,0,8,0,0,1,1,0,1,3,1,0,1,0,0000000,99,99,99,99,88,88,0,0,0,1,0
6,61487,2,2,0,0,0,2,2,9,0,16,9,2016,6,12,30,0,1,5,2,4,CR-JESUS MARIA RD,,0,38.28450000,-120.504669440000,0,1,0,0,1,1,0,1,1,1,0,1,0,0000000,99,99,99,99,88,88,0,0,0,1,0
6,61489,1,1,0,0,0,2,2,47,0,18,9,2016,1,5,8,1,1,1,1,1,I-5,,80,36.94834167,-120.862794440000,0,31,0,0,1,1,0,4,2,1,0,1,0,0000000,99,99,99,99,99,99,0,0,0,1,1
6,61490,1,1,0,0,0,1,1,111,0,9,9,2016,6,5,3,0,1,5,2,4,CR-SOUTH MOUNTAIN RD,,0,34.35413333,-119.003788890000,0,1,0,0,1,1,0,4,2,10,0,10,0,0000000,99,99,99,99,88,88,0,0,0,1,0
6,61491,3,3,0,0,0,3,3,71,0,13,9,2016,3,12,49,0,1,5,2,4,CR-PHELAN RD,NEVADA RD,0,34.42658611,-117.507794440000,0,12,1,0,3,3,0,1,1,1,0,1,0,0000000,99,99,99,99,99,99,0,0,0,1,0
6,61492,2,2,0,0,0,2,2,71,0,19,9,2016,2,19,7,0,1,5,2,4,CR-NATIONAL TRAILS HWY,VISTA RD,0,34.73198333,-117.326586110000,0,12,2,0,2,3,0,1,2,1,0,1,0,0000000,99,99,99,99,99,99,0,0,0,1,0
6,61493,2,2,0,0,0,2,2,11,0,14,9,2016,4,5,40,0,1,6,2,4,CR-OLD HWY 99W,,0,39.10466667,-122.114291670000,0,12,2,0,1,1,0,1,2,1,0,1,0,0000000,99,99,99,99,88,88,0,0,0,1,0
6,61494,1,1,0,1,1,2,2,7,0,7,9,2016,4,21,26,0,1,5,2,4,CR-LINCOLN BLVD,,0,39.46478333,-121.549355560000,0,8,0,0,1,1,0,1,3,1,0,1,0,0000000,99,99,99,99,99,99,0,0,0,1,0
6,61495,3,3,0,0,0,5,5,9,0,23,9,2016,6,7,10,0,1,2,1,3,SR-4,,51,37.95588889,-120.685550000000,0,12,1,0,1,1,1,1,1,1,0,1,0,0000000,99,99,99,99,88,88,0,0,0,1,0
6,61496,2,2,0,0,0,3,3,77,0,17,9,2016,7,13,5,1,1,1,1,1,I-580,,71,37.66277778,-121.441619440000,0,12,1,0,1,1,1,1,1,1,0,1,0,0000000,99,99,99,99,99,99,0,0,0,1,0
6,61497,2,2,0,0,0,2,2,77,0,20,9,2016,3,4,6,0,1,5,2,4,CR-CORRAL HOLLOW RD,,0,37.70676111,-121.452869440000,0,12,2,0,1,1,0,1,2,1,0,1,0,0000000,99,99,99,99,99,99,0,0,0,1,0
6,61498,1,1,0,0,0,1,1,47,0,18,9,2016,1,11,0,1,1,2,1,3,SR-152,,57,37.10475556,-121.131372220000,0,1,0,0,1,1,0,4,1,1,0,1,0,0000000,99,99,99,99,88,88,0,0,0,1,0
6,61499,2,1,1,0,2,1,3,61,0,19,7,2016,3,15,30,1,1,1,1,1,I-80,,146,38.87855278,-121.120813890000,0,14,0,0,1,1,0,2,1,1,0,1,0,0000000,99,99,99,99,88,88,0,0,0,1,0
6,61500,1,1,0,0,0,1,1,91,0,25,8,2016,5,99,99,1,1,1,1,1,I-80 EASTBOUND,,15,39.44671667,-120.009894440000,0,31,0,0,1,1,0,4,1,1,0,1,0,0000000,99,99,99,99,88,88,0,0,0,1,0
6,61501,1,1,0,0,0,1,1,29,0,5,9,2016,2,1,2,0,1,5,2,4,CR-POPLAR AVENUE,,0,35.46279167,-119.296538890000,0,1,0,0,1,1,0,4,2,1,0,1,0,0000000,99,99,99,99,88,88,0,0,0,1,1
6,61502,2,2,0,0,0,2,2,29,0,7,9,2016,4,15,40,0,1,3,2,4,CR-POTRERO HWY,,0,34.85146111,-119.143330560000,0,12,2,0,1,1,0,1,1,1,0,1,0,0000000,99,99,99,99,88,88,14,0,0,1,1
6,61503,2,2,0,0,0,3,3,99,0,9,8,2016,3,21,0,0,1,5,2,4,CR-POMELO AVE,CR-SYCAMORE AVE,0,37.45440000,-121.094300000000,0,12,6,0,2,2,0,1,2,1,0,1,0,0000000,99,99,99,99,99,99,0,0,0,2,1
6,61504,1,1,0,0,0,1,1,107,0,11,9,2016,1,2,30,0,1,2,1,3,SR-63,,248,36.56249167,-119.286980560000,0,42,0,0,1,1,0,4,2,1,0,1,0,0000000,99,99,99,99,88,88,0,0,0,1,0
6,61505,4,4,0,0,0,4,4,37,230,13,8,2016,7,13,0,1,2,1,1,1,I-210,,384,34.12998889,-117.925719440000,0,12,1,0,1,1,0,1,1,1,0,1,0,0000000,99,99,99,99,99,99,14,28,0,1,0
6,61506,1,1,0,0,0,2,2,37,4120,10,7,2016,1,5,55,1,2,1,1,1,I-10 RAMP,,382,34.07205556,-117.877780560000,0,20,0,1,5,1,1,8,4,1,0,1,0,0000000,99,99,99,99,99,99,0,0,0,1,1
6,61507,1,1,0,0,0,2,2,73,3260,31,7,2016,1,19,11,0,2,3,4,6,WEST MISSION BAY DRIVE,GLEASON ROAD,0,32.77118056,-117.246872220000,0,30,0,0,3,3,0,4,1,1,0,1,0,0000000,99,99,99,99,99,99,0,0,0,1,1