STATE,ST_CASE,VE_TOTAL,VE_FORMS,PVH_INVL,PEDS,PERNOTMVIT,PERMVIT,PERSONS,COUNTY,CITY,DAY,MONTH,YEAR,DAY_WEEK,HOUR,MINUTE,NHS,RUR_URB,FUNC_SYS,RD_OWNER,ROUTE,TWAY_ID,TWAY_ID2,MILEPT,LATITUDE,LONGITUD,SP_JUR,HARM_EV,MAN_COLL,RELJCT1,RELJCT2,TYP_INT,WRK_ZONE,REL_ROAD,LGT_COND,WEATHER1,WEATHER2,WEATHER,SCH_BUS,RAIL,NOT_HOUR,NOT_MIN,ARR_HOUR,ARR_MIN,HOSP_HR,HOSP_MN,CF1,CF2,CF3,FATALS,DRUNK_DR
6,61508,1,1,0,1,1,3,3,95,4020,11,8,2016,5,23,7,0,2,3,1,3,SR-29,,8,38.08465278,-122.240669440000,0,8,0,0,1,1,0,1,3,1,0,1,0,0000000,99,99,99,99,88,88,0,0,0,1,1
6,61509,1,1,0,0,0,1,1,83,0,20,8,2016,7,0,13,0,1,5,2,4,CR-SANTA BARBARA AVE,,0,34.66006944,-120.118338890000,0,42,0,0,1,1,0,4,2,1,0,1,0,0000000,99,99,99,99,88,88,0,0,0,1,1
6,61510,1,1,0,0,0,1,1,65,850,19,7,2016,3,23,0,0,2,4,4,6,PARKRIDGE AVE,,0,33.88720000,-117.558255560000,0,33,0,0,1,1,0,4,3,1,0,1,0,0000000,99,99,99,99,88,88,0,0,0,1,1
6,61511,2,2,0,0,0,3,3,71,0,16,5,2016,2,19,22,1,1,1,1,1,I-15,,606,34.75732778,-117.161688890000,0,7,0,0,1,1,0,1,1,1,0,1,0,0000000,99,99,99,99,99,99,0,0,0,1,0
6,61512,3,3,0,0,0,4,4,19,0,16,7,2016,7,11,5,1,1,2,1,3,SR-180,,760,36.73195278,-119.476219440000,0,12,8,0,1,1,0,1,1,1,0,1,0,0000000,99,99,99,99,99,99,0,0,0,1,0
6,61513,1,1,0,0,0,4,4,65,0,28,5,2016,7,14,48,1,1,1,1,1,I-10,,1042,33.71037500,-115.416041670000,0,1,0,0,1,1,0,4,1,1,0,1,0,0000000,99,99,99,99,99,99,0,0,0,1,0
6,61514,2,2,0,0,0,2,2,113,4163,21,7,2016,5,8,4,1,2,2,1,2,US-50,,25,38.57705556,-121.526041670000,0,25,0,0,1,1,0,3,1,1,0,1,0,0000000,99,99,99,99,99,99,14,0,0,1,0
6,61515,1,1,0,0,0,1,1,115,0,3,9,2016,7,6,10,0,1,5,2,4,CR-FORTY MILE ROAD,,0,38.99501111,-121.490630560000,0,1,0,0,1,1,0,4,4,1,0,1,0,0000000,99,99,99,99,88,88,0,0,0,1,0
6,61516,1,1,0,0,0,1,1,43,0,20,9,2016,3,16,55,0,1,2,1,3,SR-49,,51,37.46276111,-119.776483330000,0,31,0,0,1,1,0,4,1,1,0,1,0,0000000,99,99,99,99,99,99,0,0,0,1,0
6,61517,2,2,0,0,0,2,2,47,0,30,3,2016,4,19,30,0,1,2,1,3,SR-140,,274,37.30227222,-120.652477780000,0,12,2,0,1,1,0,1,5,1,0,1,0,0000000,99,99,99,99,99,99,0,0,0,1,1
6,61518,1,1,0,0,0,1,1,47,0,3,8,2016,4,0,26,0,1,3,2,4,CR-EUCALYPTUS AVE,LIVINGSTON CRESSEY RD,0,37.40407222,-120.713250000000,0,30,0,0,3,3,0,4,2,1,0,1,0,0000000,99,99,99,99,88,88,20,0,0,1,0
6,61519,2,2,0,0,0,7,7,47,0,9,9,2016,6,23,52,0,1,5,2,4,CR-HENRY MILLER RD,,0,37.10059722,-120.999269440000,0,12,2,0,1,1,0,1,2,1,0,1,0,0000000,99,99,99,99,99,99,0,0,0,1,0
6,61520,2,2,0,0,0,6,6,65,0,11,8,2016,5,15,57,0,1,2,1,3,SR-62 RAMP,,296,33.91558056,-116.608452780000,0,23,0,1,5,1,0,4,1,1,0,1,0,0000000,99,99,99,99,88,88,14,0,0,1,0
6,61521,3,3,0,0,0,7,7,59,3558,15,8,2016,2,9,20,1,2,1,1,1,I-405,,229,33.77448889,-118.082688890000,0,12,1,0,1,1,0,1,1,1,0,1,0,0000000,99,99,99,99,99,99,28,0,0,1,0
6,61522,2,2,0,0,0,4,4,73,0,12,9,2016,2,16,25,0,1,5,2,4,CR-VISTA RAMONA RD,,0,33.03559722,-116.826786110000,0,12,2,0,1,1,0,1,1,1,0,1,0,0000000,99,99,99,99,99,99,0,0,0,1,1
6,61523,2,2,0,0,0,23,23,85,3340,19,1,2016,3,6,37,1,2,2,1,2,US-101,,264,37.23915833,-121.763716670000,0,20,0,0,1,1,0,3,3,2,0,2,0,0000000,99,99,99,99,99,99,14,0,0,2,0
6,61524,1,1,0,1,1,1,1,83,0,12,4,2016,3,22,32,1,1,2,1,2,US-101,,196,34.44220000,-119.781444440000,0,8,0,0,1,1,0,1,2,1,0,1,0,0000000,99,99,99,99,99,99,0,0,0,1,0
6,61525,2,2,0,0,0,2,2,71,0,17,9,2016,7,15,20,1,1,1,1,1,I-40,,1104,34.81972778,-115.132555560000,0,12,1,0,1,1,1,1,1,1,0,1,0,0000000,99,99,99,99,88,88,0,0,0,1,0
6,61526,2,1,1,0,1,1,2,71,2550,25,8,2016,5,3,12,1,2,1,1,1,I-10,,100,34.06729444,-117.543263890000,0,14,0,0,1,1,0,2,3,1,0,1,0,0000000,99,99,99,99,88,88,0,0,0,1,0
6,61527,3,3,0,1,1,3,3,29,240,7,4,2016,5,22,1,0,2,3,4,6,WHITE LANE,LILY DRIVE,0,35.31829167,-119.083497220000,0,8,0,0,3,3,0,1,3,10,0,10,0,0000000,22,10,22,12,88,88,0,0,0,1,0
6,61528,1,1,0,1,1,1,1,1,1364,23,4,2016,7,23,50,0,2,3,1,3,SR-84,,81,37.56017778,-122.010822220000,0,8,0,0,1,1,1,1,2,1,0,1,0,0000000,99,99,99,99,99,99,0,0,0,1,0
6,61529,1,1,0,2,2,1,1,75,3290,1,8,2016,2,16,8,0,2,4,4,6,GEARY BLVD,STOCKTON ST,0,37.78756667,-122.406608330000,0,8,0,0,3,2,1,1,1,1,0,1,0,0000000,99,99,99,99,99,99,0,0,0,1,0
6,61530,1,1,0,0,0,1,1,65,9997,23,5,2016,2,0,55,0,2,3,4,6,MISSION BL,,0,34.02014722,-117.507336110000,0,42,0,0,1,1,0,4,2,1,0,1,0,0000000,99,99,99,99,88,88,0,0,0,1,1
6,61531,2,2,0,1,1,2,2,1,2480,14,5,2016,7,1,39,1,2,1,1,1,I-880,,314,37.79731111,-122.272333330000,0,12,1,0,1,1,0,1,3,10,0,10,0,0000000,99,99,99,99,99,99,15,0,0,1,0
6,61532,1,1,0,0,0,1,1,59,80,4,7,2016,2,2,22,1,2,2,1,3,SR-91 RAMP,,55,33.85071111,-117.878875000000,0,25,0,1,5,1,0,3,3,1,0,1,0,0000000,99,99,99,99,88,88,0,0,0,1,1
6,61533,1,1,0,0,0,1,1,65,9997,23,8,2016,3,10,10,1,2,2,1,3,SR-60,,83,34.00839722,-117.422213890000,0,42,0,0,1,1,0,4,1,1,0,1,0,0000000,99,99,99,99,99,99,0,0,0,1,0
6,61534,1,1,0,1,1,1,1,37,1980,15,8,2016,2,18,20,0,2,4,4,6,JEFFERSON BL,SOMERSET DR,0,34.02554722,-118.337363890000,0,8,0,0,2,2,0,1,1,1,0,1,0,0000000,99,99,99,99,99,99,0,0,0,1,0
6,61535,1,1,0,0,0,4,4,59,3420,29,7,2016,6,8,37,0,2,3,4,6,MACARTHUR BLVD,,0,33.70005833,-117.883216670000,0,33,0,0,1,1,0,4,1,1,0,1,0,0000000,99,99,99,99,99,99,0,0,0,2,1
6,61536,1,1,0,0,0,1,1,37,1980,11,8,2016,5,23,20,0,2,5,4,6,ROXFORD ST,BORDEN AVE,0,34.32102778,-118.460769440000,0,33,0,0,3,3,0,4,3,1,0,1,0,0000000,99,99,99,99,88,88,0,0,0,1,0
6,61537,1,1,0,1,1,1,1,37,3445,21,8,2016,1,20,55,0,2,4,4,6,NEWHALL AVE,,0,34.36633333,-118.507527780000,0,8,0,0,1,1,0,1,3,1,0,1,0,0000000,99,99,99,99,99,99,0,0,0,1,0
6,61538,1,1,0,1,1,1,1,37,1980,20,8,2016,7,21,0,0,2,3,4,6,RIVERSIDE DR,TYRONE AVE,0,34.15758056,-118.444363890000,0,8,0,0,2,2,0,1,2,1,0,1,0,0000000,99,99,99,99,88,88,0,0,0,1,0
6,61539,1,1,0,1,1,1,1,73,3260,23,8,2016,3,22,45,0,2,4,4,6,5TH AVE,,0,32.74396111,-117.160397220000,0,8,0,0,1,1,0,1,3,1,0,1,0,0000000,99,99,99,99,88,88,0,0,0,1,1
6,61540,1,1,0,0,0,1,1,53,0,8,8,2016,2,19,24,0,1,5,2,4,CR-RIVER ROAD,,0,36.58262222,-121.596775000000,0,38,0,0,1,1,0,4,1,10,0,10,0,0000000,99,99,99,99,88,88,0,0,0,1,1
6,61541,1,1,0,1,1,1,1,65,3070,24,1,2016,1,19,25,0,2,4,4,6,JURUPA AVE,MEADOWBROOK LN,0,33.96156944,-117.410486110000,0,9,0,0,2,2,0,1,3,1,0,1,0,0000000,99,99,99,99,88,88,0,0,0,1,0
6,61542,1,1,0,1,1,1,1,71,2238,26,2,2016,6,18,23,0,2,5,4,6,KINGSLEY ST,,0,34.06674444,-117.702900000000,0,9,0,0,1,1,0,1,6,1,0,1,0,0000000,99,99,99,99,99,99,0,0,0,1,0
6,61543,2,1,1,0,0,1,1,65,612,17,5,2016,3,99,99,0,2,4,4,6,PEREZ RD,,0,33.78492500,-116.469852780000,0,14,0,0,1,1,0,7,1,1,0,1,0,0000000,99,99,99,99,99,99,0,0,0,1,0
6,61544,1,1,0,0,0,1,1,63,0,16,9,2016,6,19,35,0,1,5,2,4,CR-OROVILLE-QUINCY HIGHWAY,,0,39.86147222,-121.235108330000,0,35,0,0,1,1,0,4,2,1,0,1,0,0000000,99,99,99,99,88,88,0,0,0,1,0
6,61545,3,3,0,0,0,4,4,61,0,15,8,2016,2,6,15,0,1,2,1,3,SR-65,,232,38.99427222,-121.396552780000,0,12,2,0,1,1,0,1,4,1,0,1,0,0000000,99,99,99,99,99,99,0,0,0,1,0
6,61546,2,2,0,0,0,3,3,95,0,12,8,2016,6,19,15,0,1,5,2,4,CR-PEDRICK RD,,0,38.50453333,-121.803613890000,0,12,2,0,1,1,0,1,1,1,0,1,0,0000000,99,99,99,99,99,99,0,0,0,1,0
6,61547,2,2,0,0,0,2,2,29,0,2,9,2016,6,7,0,0,1,5,2,4,CR-NORRIS RD,,0,35.41960278,-119.052022220000,0,12,6,0,8,1,0,1,4,1,0,1,0,0000000,99,99,99,99,88,88,0,0,0,1,0
6,61548,1,1,0,0,0,1,1,19,0,18,9,2016,1,0,20,0,1,6,2,4,CR-DUNLAP RD,,0,36.74605000,-119.163325000000,0,35,0,0,1,1,0,4,2,1,0,1,0,0000000,99,99,99,99,99,99,0,0,0,1,1
6,61549,2,2,0,0,0,2,2,19,0,21,9,2016,4,20,12,0,1,5,2,4,CR-THOMPSON AVE,CR-MOUNTAIN VIEW AVE,0,36.54708056,-119.619872220000,0,12,6,0,2,2,0,1,2,1,0,1,0,0000000,99,99,99,99,88,88,0,0,0,1,0
6,61550,2,2,0,0,0,2,2,39,0,11,7,2016,2,6,40,0,1,6,2,4,CR-ROAD 19,AVENUE 14,0,36.95268056,-120.201761110000,0,12,6,0,2,2,0,1,1,1,0,1,0,0000000,99,99,99,99,88,88,0,0,0,1,0
6,61551,1,1,0,0,0,1,1,107,0,7,8,2016,1,0,56,1,1,2,1,3,SR-99,,41,35.84836389,-119.266033330000,0,1,0,0,1,1,0,4,2,1,0,1,0,0000000,99,99,99,99,88,88,0,0,0,1,1
6,61552,2,2,0,0,0,3,3,1,2480,18,1,2016,2,23,41,0,2,4,4,6,FOOTHILL BLVD,COLE STREET,0,37.77261944,-122.198541670000,0,12,6,0,2,2,0,1,3,10,0,10,0,0000000,99,99,99,99,99,99,0,0,0,1,2
6,61553,4,3,1,0,0,4,4,37,1700,19,4,2016,3,19,15,0,2,3,4,6,CREHSHAW BLVD,,0,33.94972500,-118.326722220000,0,12,2,0,1,1,0,1,5,1,0,1,0,0000000,99,99,99,99,99,99,0,0,0,1,0
6,61554,2,2,0,0,0,2,2,111,0,29,6,2016,4,14,0,0,1,3,1,3,SR-34,,88,34.19662500,-119.098775000000,0,12,2,0,1,1,0,2,1,1,0,1,0,0000000,99,99,99,99,99,99,0,0,0,1,0
6,61555,1,1,0,1,1,1,1,97,3490,20,5,2016,6,3,38,1,2,2,4,2,US-101,,250,38.49928056,-122.760308330000,0,8,0,0,1,1,0,1,2,1,0,1,0,0000000,99,99,99,99,99,99,19,0,0,1,0
6,61556,2,2,0,0,0,3,3,97,0,7,4,2016,5,7,7,0,1,4,2,4,CR-OLD ADOBE RD,,0,38.25416944,-122.572566670000,0,12,8,0,1,1,0,1,1,1,0,1,0,0000000,99,99,99,99,99,99,0,0,0,1,0
6,61557,2,2,0,0,0,5,5,37,0,19,6,2016,1,21,15,1,1,2,1,3,SR-138,,367,34.77693889,-118.173347220000,0,12,6,0,1,1,0,1,3,1,0,1,0,0000000,99,99,99,99,99,99,0,0,0,3,2
6,61558,1,1,0,0,0,1,1,105,0,27,7,2016,4,20,30,0,1,2,1,3,SR-36,,261,40.41175833,-123.186213890000,0,1,0,0,1,1,0,1,2,1,0,1,0,0000000,99,99,99,99,99,99,0,0,0,1,0
6,61559,1,1,0,1,1,1,1,37,0,5,3,2016,7,99,99,0,1,4,2,4,CR-AVENUE N-8,,0,34.62380278,-117.831969440000,0,8,0,0,1,1,0,1,2,10,0,10,0,0000000,99,99,99,99,88,88,0,0,0,1,0
6,61560,1,1,0,0,0,1,1,79,0,27,8,2016,7,11,0,0,1,5,2,4,CR-RAMADA DR,CALLE PROPANO,0,35.58855833,-120.694869440000,0,33,0,0,3,3,0,4,1,1,0,1,0,0000000,99,99,99,99,99,99,0,0,0,1,0
6,61561,1,1,0,0,0,1,1,3,0,11,9,2016,1,10,50,0,1,2,1,3,SR-89,,103,38.66486389,-119.726922220000,0,35,0,0,1,1,0,4,1,1,0,1,0,0000000,99,99,99,99,99,99,0,0,0,1,0
6,61562,1,1,0,0,0,1,1,3,0,17,9,2016,7,15,25,0,1,2,1,3,SR-4,,275,38.61755278,-119.752066670000,0,1,0,0,1,1,0,4,1,1,0,1,0,0000000,99,99,99,99,99,99,0,0,0,1,0
6,61563,2,2,0,0,0,3,3,99,0,13,8,2016,7,16,25,0,1,5,4,4,CR-PLAINVIEW ROAD,TERMINAL AVE,0,37.70358611,-120.926272220000,0,12,6,0,2,2,0,1,1,1,0,1,0,0000000,99,99,99,99,99,99,0,0,0,1,0
6,61564,1,1,0,1,1,1,1,65,0,29,5,2016,1,2,30,0,1,5,2,4,CR-CAJALCO ROAD,,0,33.83734167,-117.269319440000,0,8,0,0,1,1,0,1,2,1,0,1,0,0000000,99,99,99,99,88,88,0,0,0,1,0
6,61565,2,2,0,0,0,5,5,31,0,18,9,2016,1,16,52,1,1,2,1,3,SR-41,,329,36.18691389,-119.829697220000,0,12,2,0,1,1,0,1,1,1,0,1,0,0000000,99,99,99,99,99,99,0,0,0,1,1
6,61566,1,1,0,0,0,2,2,39,0,13,9,2016,3,13,28,1,1,2,1,3,SR-41,,304,37.27551389,-119.667077780000,0,42,0,0,1,1,0,4,1,1,0,1,0,0000000,99,99,99,99,99,99,0,0,0,1,0
6,61567,1,1,0,0,0,1,1,39,0,2,9,2016,6,22,29,1,1,2,1,3,SR-41,,339,37.31348889,-119.655638890000,0,42,0,0,1,1,0,4,2,1,0,1,0,0000000,99,99,99,99,99,99,0,0,0,1,0
6,61568,5,5,0,0,0,6,6,37,4120,27,5,2016,6,1,9,1,2,1,1,1,I-10,,376,34.07205000,-117.889100000000,0,12,7,0,1,1,1,1,3,1,0,1,0,0000000,99,99,99,99,99,99,19,0,0,2,0
6,61569,2,2,0,0,0,3,3,67,0,31,8,2016,4,10,31,0,1,4,2,4,CR-FAIR OAKS BOULEVARD,EASTERN AVENUE,0,38.58125278,-121.364427780000,0,12,6,0,2,2,0,1,1,1,0,1,0,0000000,99,99,99,99,99,99,0,0,0,1,0
6,61570,1,1,0,0,0,1,1,85,3340,18,4,2016,2,22,36,1,2,1,1,1,I-280 RAMP,,51,37.31770556,-121.936011110000,0,25,0,0,5,1,0,4,2,1,0,1,0,0000000,99,99,99,99,99,99,19,0,0,1,0
6,61571,2,2,0,0,0,4,4,29,0,15,8,2016,2,14,55,0,1,2,1,3,SR-178,,335,35.55876944,-118.600150000000,0,12,2,0,1,1,0,1,1,1,0,1,0,0000000,99,99,99,99,99,99,0,0,0,3,0
6,61572,1,1,0,0,0,3,3,99,0,18,8,2016,5,20,28,1,1,2,1,3,SR-132,,22,37.64065833,-121.234208330000,0,1,0,0,1,1,0,4,2,1,0,1,0,0000000,99,99,99,99,99,99,0,0,0,1,1
6,61573,2,2,0,0,0,3,3,65,0,4,9,2016,1,0,33,1,1,1,1,1,I-10,,290,33.91282500,-116.596977780000,0,12,1,0,1,1,0,1,2,1,0,1,0,0000000,99,99,99,99,88,88,0,0,0,1,0
6,61574,1,1,0,0,0,1,1,73,0,18,9,2016,1,17,25,0,1,5,2,4,CR-WILDWOOD GLEN LANE,,0,32.84122222,-116.631597220000,0,43,0,0,1,1,0,4,1,1,0,1,0,0000000,99,99,99,99,99,99,0,0,0,1,0
6,61575,1,1,0,1,1,1,1,37,1980,6,8,2016,7,8,15,0,2,4,4,6,TUJUNDA AVE,VICTORY BLVD,0,34.18662500,-118.379036110000,0,9,0,0,2,2,0,1,1,1,0,1,0,0000000,99,99,99,99,88,88,0,0,0,1,0
6,61576,1,1,0,0,0,1,1,65,2730,4,7,2016,2,20,46,0,2,3,4,6,PERRIS BL,,0,33.85541111,-117.226063890000,0,33,0,0,1,1,0,3,3,1,0,1,0,0000000,99,99,99,99,99,99,0,0,0,1,0
6,61577,2,2,0,0,0,3,3,59,3351,31,7,2016,1,1,52,1,2,1,1,1,I-5,,116,33.52890000,-117.671791670000,0,12,2,0,1,1,0,1,3,1,0,1,0,0000000,99,99,99,99,99,99,0,0,0,1,0
6,61578,2,2,0,0,0,3,3,23,0,29,6,2016,4,15,15,0,1,5,2,4,CR-ALDERPOINT RD,,0,40.15855000,-123.617080560000,0,1,0,0,1,1,0,1,1,1,0,1,0,0000000,99,99,99,99,88,88,0,0,0,1,0
6,61579,1,1,0,0,0,1,1,95,0,20,9,2016,3,16,25,0,1,4,2,4,CR-MERIDIAN RD,,0,38.43108889,-121.915569440000,0,34,0,0,1,1,0,4,1,1,0,1,0,0000000,99,99,99,99,88,88,0,0,0,1,0
6,61580,5,5,0,0,0,7,7,29,0,10,9,2016,7,21,0,0,1,5,2,4,CR-PANAMA RD,,0,35.26691111,-118.960580560000,0,12,8,0,1,1,0,1,2,1,0,1,0,0000000,99,99,99,99,99,99,0,0,0,1,1
6,61581,3,3,0,0,0,4,4,19,0,17,9,2016,7,11,18,0,1,4,2,4,CR-MOUNTAIN VIEW AVENUE,,0,36.54680000,-119.522277780000,0,1,0,0,1,1,1,1,1,10,0,10,0,0000000,99,99,99,99,99,99,14,26,0,1,0
6,61582,1,1,0,1,1,1,1,37,3470,21,2,2016,1,1,51,0,2,2,1,3,SR-1 RAMP,,347,34.01339444,-118.488750000000,0,8,0,1,20,1,0,1,3,1,0,1,0,0000000,99,99,99,99,99,99,0,0,0,1,0
6,61583,2,2,0,0,0,3,3,37,1980,2,8,2016,3,1,24,1,2,1,1,1,I-5,,218,34.09435000,-118.242538890000,0,12,1,0,1,1,0,1,3,1,0,1,0,0000000,99,99,99,99,99,99,0,0,0,1,1
6,61584,2,2,0,0,0,2,2,83,0,17,7,2016,1,20,20,0,1,4,2,4,CR-SANTA MARIA WAY,QUAIL RUN,0,34.89673611,-120.423436110000,0,12,6,0,2,3,0,1,5,1,0,1,0,0000000,99,99,99,99,99,99,0,0,0,1,2
6,61585,1,1,0,0,0,2,2,71,1305,24,7,2016,1,0,12,1,2,2,1,3,SR-210,,120,34.13653889,-117.488108330000,0,24,0,1,19,1,0,4,3,1,0,1,0,0000000,99,99,99,99,99,99,0,0,0,1,0
6,61586,2,2,0,0,0,3,3,71,3210,6,6,2016,2,23,24,0,2,4,4,6,W HIGHLAND AVE,N G ST,0,34.13601944,-117.298638890000,0,12,6,0,2,2,0,1,3,1,0,1,0,0000000,99,99,99,99,99,99,0,0,0,1,1
6,61587,1,1,0,0,0,1,1,31,1540,11,1,2016,2,22,43,0,2,4,4,6,10TH AVE,GRANGEVILLE BL,0,36.34268611,-119.636930560000,0,33,0,0,3,2,0,3,3,1,0,1,0,0000000,99,99,99,99,88,88,0,0,0,1,0
6,61588,1,1,0,0,0,1,1,105,0,14,7,2016,5,99,99,1,1,2,1,3,SR-299,,412,40.75908333,-123.066930560000,0,39,0,0,1,1,0,4,1,1,0,1,0,0000000,99,99,99,99,88,88,0,0,0,1,0
6,61589,1,1,0,0,0,1,1,57,0,29,7,2016,6,4,15,0,1,7,2,4,CR-CEMENT HILL ROAD,,0,39.28100556,-121.044875000000,0,53,0,0,1,1,0,4,2,1,0,1,0,0000000,99,99,99,99,88,88,0,0,0,1,0
6,61590,1,1,0,1,1,0,0,65,9999,16,8,2016,3,13,10,0,8,98,98,9,EVERGREEN STREET,,99999,33.38411111,-117.212830560000,9,8,0,0,1,1,0,1,1,1,0,1,0,0000000,99,99,99,99,88,88,0,0,0,1,0
6,61591,3,3,0,0,0,5,5,73,0,16,7,2016,7,15,20,1,1,2,1,3,SR-94,,386,32.59758056,-116.648169440000,0,12,8,0,1,1,0,1,1,1,0,1,0,0000000,99,99,99,99,88,88,0,0,0,1,0
6,61592,1,1,0,0,0,1,1,71,0,30,8,2016,3,17,36,1,1,1,1,1,I-15,,774,34.90723889,-116.960450000000,0,17,0,0,1,1,0,5,1,1,0,1,0,0000000,99,99,99,99,88,88,0,0,0,1,0
6,61593,1,1,0,1,1,2,2,23,1220,28,1,2016,5,17,17,0,2,5,4,6,TRINITY STREET,F STREET,0,40.78780000,-124.163466670000,0,9,0,0,2,2,0,1,5,10,0,10,0,0000000,99,99,99,99,99,99,0,0,0,1,0
6,61594,3,3,0,0,0,4,4,77,0,20,8,2016,7,8,40,0,1,2,1,3,SR-4,,77,37.91708333,-121.443108330000,0,12,2,0,1,1,0,1,1,1,0,1,0,0000000,99,99,99,99,99,99,14,0,0,1,0
6,61595,1,1,0,0,0,1,1,41,0,26,8,2016,6,17,55,1,1,3,1,2,US-101,,4,37.83082500,-122.479794440000,0,26,0,0,1,1,0,4,1,10,0,10,0,0000000,99,99,99,99,88,88,0,0,0,1,1
6,61596,1,1,0,0,0,1,1,73,0,13,4,2016,4,23,20,1,1,1,1,1,I-5,,634,33.31238889,-117.480519440000,0,24,0,0,1,1,0,3,2,1,0,1,0,0000000,99,99,99,99,88,88,0,0,0,1,0
6,61597,2,2,0,0,0,3,3,111,3641,18,6,2016,7,14,18,1,2,2,1,3,SR-118,,320,34.26700278,-118.642861110000,0,12,6,0,1,1,0,1,1,1,0,1,0,0000000,99,99,99,99,88,88,0,0,0,1,0
6,61598,2,2,0,0,0,3,3,71,2550,20,8,2016,7,3,3,1,2,1,1,1,I-10,,0,34.08063889,-117.628819440000,0,12,1,0,1,1,0,1,2,1,0,1,0,0000000,99,99,99,99,99,99,19,0,0,2,0
6,61599,2,1,1,1,1,1,1,73,710,14,3,2016,2,21,38,0,2,5,4,6,HILLTOP DR,,0,32.59693889,-117.051525000000,0,14,0,0,1,1,0,7,3,1,0,1,0,0000000,99,99,99,99,88,88,0,0,0,1,1
6,61600,1,1,0,0,0,1,1,15,0,26,7,2016,3,99,99,1,1,3,1,2,US-199,,120,41.84257500,-124.013211110000,0,1,0,0,1,1,0,4,2,1,0,1,0,0000000,88,88,88,88,88,88,0,0,0,1,0
6,61601,3,3,0,0,0,4,4,77,2070,22,7,2016,6,21,48,1,2,2,1,3,SR-120,,25,37.78456389,-121.269213890000,0,12,6,0,1,1,0,1,2,1,0,1,0,0000000,99,99,99,99,99,99,20,0,0,1,0
6,61602,1,1,0,0,0,1,1,99,0,3,9,2016,7,15,10,0,1,4,2,4,CR-DEL PUERTO CANYON ROAD,,0,37.47746667,-121.224369440000,0,1,0,0,1,1,0,4,1,1,0,1,0,0000000,99,99,99,99,88,88,0,0,0,1,1
6,61603,1,1,0,0,0,1,1,37,0,20,6,2016,2,10,45,0,1,3,1,3,SR-39,,206,34.18827778,-117.869777780000,0,43,0,0,1,1,0,4,1,1,0,1,0,0000000,99,99,99,99,88,88,0,0,0,1,0
6,61604,1,1,0,0,0,2,2,25,0,13,9,2016,3,16,14,0,1,2,1,3,SR-78,,364,32.98118056,-115.147900000000,0,1,0,0,1,1,0,4,1,1,0,1,0,0000000,99,99,99,99,99,99,0,0,0,1,0
6,61605,3,3,0,0,0,4,4,65,0,11,8,2016,5,16,53,0,1,2,1,3,SR-60,,230,33.93581111,-117.113305560000,0,24,0,0,1,1,0,4,1,1,0,1,0,0000000,99,99,99,99,88,88,0,0,0,1,0
6,61606,1,1,0,0,0,1,1,69,0,21,7,2016,5,5,27,1,1,2,1,2,US-101,,31,36.86263889,-121.578566670000,0,34,0,0,1,1,0,4,4,1,0,1,0,0000000,99,99,99,99,88,88,0,0,0,1,0
6,61607,1,1,0,1,1,1,1,85,3790,9,7,2016,7,1,30,0,2,4,4,6,EL CAMINO REAL,,0,37.36462222,-122.028569440000,0,8,0,0,1,1,0,1,3,1,0,1,0,0000000,99,99,99,99,99,99,0,0,0,1,0
6,61608,2,2,0,0,0,3,3,29,240,18,3,2016,6,21,40,0,2,3,4,6,COFFEE ROAD,,0,35.39909722,-119.092302780000,0,1,0,0,1,1,0,1,3,1,0,1,0,0000000,99,99,99,99,99,99,0,0,0,1,2
6,61609,1,1,0,0,0,5,5,29,240,8,7,2016,6,20,52,0,2,4,4,6,MORNING DR,,0,35.38343333,-118.914194440000,0,1,0,0,1,1,0,4,2,1,0,1,0,0000000,99,99,99,99,99,99,0,0,0,2,1
6,61610,1,1,0,0,0,3,3,1,1560,5,7,2016,3,0,5,1,2,1,1,1,I-880,,171,37.64966389,-122.097441670000,0,39,0,0,1,1,0,4,2,1,0,1,0,0000000,99,99,99,99,99,99,0,0,0,1,1
6,61611,1,1,0,0,0,1,1,59,0,21,8,2016,1,14,43,0,1,3,2,4,CR-SANTIAGO CANYON ROAD,,0,33.76869167,-117.720066670000,0,38,0,0,1,1,0,4,1,1,0,1,0,0000000,99,99,99,99,88,88,0,0,0,1,1
6,61612,2,2,0,0,0,2,2,17,0,9,8,2016,3,15,10,0,1,2,1,3,SR-193,,38,38.89985000,-120.954013890000,0,12,2,0,1,1,0,1,1,1,0,1,0,0000000,99,99,99,99,99,99,0,0,0,1,0
6,61613,2,2,0,0,0,5,5,57,0,6,8,2016,7,14,51,1,1,2,1,3,SR-20,,451,39.32045833,-120.615669440000,0,12,6,0,8,1,0,1,1,1,0,1,0,0000000,99,99,99,99,99,99,0,0,0,2,0