STATE,ST_CASE,VE_TOTAL,VE_FORMS,PVH_INVL,PEDS,PERNOTMVIT,PERMVIT,PERSONS,COUNTY,CITY,DAY,MONTH,YEAR,DAY_WEEK,HOUR,MINUTE,NHS,RUR_URB,FUNC_SYS,RD_OWNER,ROUTE,TWAY_ID,TWAY_ID2,MILEPT,LATITUDE,LONGITUD,SP_JUR,HARM_EV,MAN_COLL,RELJCT1,RELJCT2,TYP_INT,WRK_ZONE,REL_ROAD,LGT_COND,WEATHER1,WEATHER2,WEATHER,SCH_BUS,RAIL,NOT_HOUR,NOT_MIN,ARR_HOUR,ARR_MIN,HOSP_HR,HOSP_MN,CF1,CF2,CF3,FATALS,DRUNK_DR
6,61614,2,2,0,0,0,3,3,67,0,18,5,2016,4,14,25,0,1,4,2,4,CR-WALNUT AVENUE,,0,38.64086111,-121.345969440000,0,12,98,0,1,1,0,1,1,1,0,1,0,0000000,99,99,99,99,99,99,0,0,0,1,0
6,61615,4,4,0,0,0,5,5,67,3150,13,8,2016,7,2,7,1,2,1,1,1,I-80,,82,38.63871944,-121.419469440000,0,18,0,0,1,1,2,5,3,1,0,1,0,0000000,99,99,99,99,99,99,14,0,0,1,1
6,61616,3,1,2,0,0,1,1,13,0,20,8,2016,7,21,5,0,1,4,2,4,CR-BOULEVARD WAY,,0,37.89361667,-122.076797220000,0,14,0,0,1,1,0,7,3,1,0,1,0,0000000,99,99,99,99,88,88,0,0,0,1,0
6,61617,1,1,0,0,0,1,1,97,0,23,8,2016,3,20,25,0,1,5,2,4,CR-EASTSIDE RD,,0,38.54851389,-122.846302780000,0,58,0,0,1,1,0,4,2,10,0,10,0,0000000,99,99,99,99,88,88,0,0,0,1,1
6,61618,2,2,0,0,0,2,2,39,0,13,9,2016,3,7,5,0,1,2,1,3,SR-145,AVENUE 11,61,36.90931111,-120.056100000000,0,12,2,0,3,2,0,1,1,1,0,1,0,0000000,7,7,99,99,88,88,14,0,0,1,0
6,61619,1,1,0,0,0,1,1,37,2870,4,8,2016,5,16,4,0,2,2,1,3,SR-57 RAMP,,428,34.06640556,-117.807650000000,0,33,0,1,5,1,0,4,1,1,0,1,0,0000000,99,99,99,99,88,88,0,0,0,1,0
6,61620,1,1,0,0,0,2,2,37,1980,2,7,2016,7,17,20,1,2,1,1,1,I-5 RAMP,,391,34.26564167,-118.440655560000,0,23,0,1,5,1,0,4,1,1,0,1,0,0000000,99,99,99,99,99,99,0,0,0,1,0
6,61621,2,2,0,0,0,2,2,73,0,17,8,2016,4,16,20,0,1,5,2,4,CR-WILDCAT CANYON ROAD,,0,32.89123611,-116.891236110000,0,12,7,0,1,1,0,1,1,1,0,1,0,0000000,99,99,99,99,88,88,0,0,0,1,1
6,61622,2,2,0,0,0,1,1,65,3070,26,6,2016,1,2,57,1,1,2,1,3,SR-91,,103,33.89420556,-117.501175000000,0,12,6,0,1,1,0,1,2,1,0,1,0,0000000,99,99,99,99,88,88,19,0,0,1,0
6,61623,2,1,1,0,1,1,2,95,4010,29,8,2016,2,13,52,1,2,1,1,1,I-80,,303,38.39246667,-121.928077780000,0,18,0,0,1,1,0,4,1,1,0,1,0,0000000,99,99,99,99,88,88,0,0,0,1,0
6,61624,1,1,0,0,0,2,2,1,0,14,8,2016,1,9,45,1,1,1,1,1,I-580,,69,37.72145000,-121.675819440000,0,24,0,0,1,1,0,4,1,1,0,1,0,0000000,99,99,99,99,99,99,0,0,0,1,0
6,61625,1,1,0,0,0,1,1,53,0,28,8,2016,1,20,59,1,1,2,1,3,SR-1,,852,36.67894722,-121.807669440000,0,23,0,1,19,1,0,3,5,1,0,1,0,0000000,99,99,99,99,88,88,0,0,0,1,1
6,61626,1,1,0,1,1,2,2,89,2950,19,3,2016,7,22,48,0,2,2,1,3,SR-273,,128,40.53030000,-122.383866670000,0,8,0,0,1,1,0,1,2,1,0,1,0,0000000,99,99,99,99,88,88,0,0,0,1,0
6,61627,3,3,0,0,0,4,4,63,0,5,9,2016,2,15,53,0,1,2,1,3,SR-70,,608,39.84476389,-120.679002780000,0,12,8,0,1,1,0,1,1,1,0,1,0,0000000,99,99,99,99,99,99,0,0,0,1,0
6,61628,1,1,0,0,0,1,1,17,0,22,9,2016,5,13,20,0,1,6,2,4,CR-WENTWORTH SPRINGS ROAD,,0,38.94258333,-120.731747220000,0,32,0,0,1,1,0,4,1,10,0,10,0,0000000,99,99,99,99,88,88,0,0,0,1,1
6,61629,4,4,0,0,0,5,5,65,0,15,9,2016,5,18,22,1,1,2,1,3,SR-79,,146,33.67696667,-117.084661110000,0,12,1,0,1,1,0,1,1,1,0,1,0,0000000,99,99,99,99,99,99,14,0,0,1,0
6,61631,2,2,0,0,0,2,2,41,0,19,8,2016,6,1,11,1,1,2,1,2,US-101,,260,38.16785000,-122.581550000000,0,12,2,0,1,1,0,1,2,1,0,1,0,0000000,99,99,99,99,99,99,19,0,0,1,0
6,61632,2,2,0,0,0,5,5,107,0,23,9,2016,6,16,35,1,1,2,1,3,SR-65,,36,35.84271111,-119.053725000000,0,12,2,0,1,1,0,1,1,1,0,1,0,0000000,99,99,99,99,99,99,0,0,0,4,0
6,61633,2,2,0,0,0,1,1,37,0,21,9,2016,4,1,5,1,1,1,1,1,I-105,,90,33.92848889,-118.252425000000,0,12,7,0,1,1,0,1,3,1,0,1,0,0000000,99,99,99,99,99,99,23,0,0,1,0
6,61634,2,2,0,0,0,2,2,37,0,13,6,2016,2,18,25,0,1,5,2,4,CR-WARD ROAD,,0,34.50225833,-118.228550000000,0,12,6,0,1,1,0,1,1,1,0,1,0,0000000,99,99,99,99,99,99,0,0,0,1,0
6,61635,2,2,0,0,0,2,2,53,0,24,9,2016,7,15,10,0,1,6,2,4,CR-OLD STAGE ROAD,,0,36.68975000,-121.567891670000,0,12,6,0,1,1,0,1,1,1,0,1,0,0000000,99,99,99,99,99,99,0,0,0,1,1
6,61636,1,1,0,0,0,1,1,79,0,9,9,2016,6,16,15,0,1,2,1,3,SR-58,,96,35.43630833,-120.507663890000,0,33,0,0,1,1,0,4,1,1,0,1,0,0000000,99,99,99,99,88,88,0,0,0,1,0
6,61637,2,2,0,0,0,6,6,29,240,26,3,2016,7,11,41,0,2,3,4,6,BEALE AVE,NILES ST,0,35.38129722,-118.988016670000,0,12,6,0,2,2,0,1,1,1,0,1,0,0000000,99,99,99,99,99,99,0,0,0,1,0
6,61638,6,1,5,0,0,1,1,29,240,27,3,2016,1,3,55,0,2,5,4,6,PLANZ ROAD,,0,35.32506667,-119.054922220000,0,14,0,0,1,1,0,7,3,1,0,1,0,0000000,99,99,99,99,88,88,14,0,0,1,1
6,61639,1,1,0,0,0,1,1,13,3412,26,7,2016,3,13,30,1,2,1,1,1,I-680,,15,37.74318056,-121.954877780000,0,42,0,0,1,1,0,4,1,1,0,1,0,0000000,99,99,99,99,99,99,0,0,0,1,1
6,61640,1,1,0,0,0,1,1,35,0,13,8,2016,7,21,10,1,1,2,1,2,US-395,,453,40.18509444,-120.392613890000,0,11,0,0,1,1,0,1,2,1,0,1,0,0000000,99,99,99,99,88,88,4,0,0,1,0
6,61641,2,2,0,0,0,2,2,77,3770,11,8,2016,5,23,37,1,2,2,1,3,SR-4,,176,37.95298889,-121.272233330000,0,24,0,0,1,1,1,3,2,1,0,1,0,0000000,99,99,99,99,99,99,0,0,0,1,1
6,61642,2,2,0,0,0,3,3,29,0,20,2,2016,7,0,57,1,1,1,1,1,I-5,,399,35.27951111,-119.237650000000,0,12,6,0,1,1,0,1,2,1,0,1,0,0000000,99,99,99,99,99,99,0,0,0,1,0
6,61643,1,1,0,1,1,1,1,71,3210,11,7,2016,2,6,10,1,2,2,1,3,SR-210,,232,34.14581389,-117.296616670000,0,8,0,0,1,1,0,1,4,1,0,1,0,0000000,99,99,99,99,99,99,0,0,0,1,0
6,61644,1,1,0,0,0,1,1,39,0,21,7,2016,5,5,52,0,1,4,2,4,CR-AVENUE 17,,0,36.99643056,-120.137736110000,0,1,0,0,1,1,0,4,4,1,0,1,0,0000000,99,99,99,99,99,99,0,0,0,1,0
6,61645,4,4,0,0,0,6,6,73,0,1,5,2016,1,19,56,0,1,4,2,4,CR-BUENA CREEK RD,,0,33.18305833,-117.163213890000,0,12,8,0,1,1,0,1,2,1,0,1,0,0000000,19,56,99,99,99,99,0,0,0,1,1
6,61646,1,1,0,2,2,1,1,37,1980,5,8,2016,6,10,45,0,2,3,4,6,LA BREA AVE,PICO BLVD,0,34.04783889,-118.344672220000,0,2,0,0,3,2,0,1,1,1,0,1,0,0000000,99,99,99,99,99,99,15,0,0,1,0
6,61647,2,2,0,1,1,7,7,65,1690,18,9,2016,1,2,58,1,2,1,1,1,I-10,,572,33.72305000,-116.198669440000,0,8,0,0,1,1,0,1,2,1,0,1,0,0000000,99,99,99,99,88,88,0,0,0,1,0
6,61648,1,1,0,0,0,1,1,113,0,3,6,2016,6,9,8,1,1,1,1,1,I-5,,289,38.92291389,-121.998541670000,0,34,0,0,1,1,0,4,1,1,0,1,0,0000000,99,99,99,99,99,99,0,0,0,1,0
6,61649,1,1,0,0,0,5,5,29,0,16,9,2016,6,23,0,0,1,7,2,4,CR-MALAGA RD,VISTA BL,0,35.23804444,-118.860500000000,0,58,0,0,2,2,0,1,2,1,0,1,0,0000000,99,99,99,99,99,99,0,0,0,2,0
6,61650,1,1,0,0,0,1,1,31,0,24,9,2016,7,23,53,0,1,7,2,4,CR-7TH AVE,,0,36.28983889,-119.583011110000,0,35,0,0,1,1,0,4,2,1,0,1,0,0000000,99,99,99,99,88,88,0,0,0,1,0
6,61651,2,2,0,0,0,3,3,37,2645,14,7,2016,5,9,37,1,2,2,1,3,SR-14,,637,34.62731389,-118.153038890000,0,12,1,0,1,1,0,1,1,1,0,1,0,0000000,99,99,99,99,99,99,28,0,0,1,0
6,61652,2,2,0,0,0,4,4,37,0,14,9,2016,4,18,8,0,1,5,2,4,CR-AVE R-4,,0,34.56886111,-117.946269440000,0,12,6,0,8,1,0,1,1,1,0,1,0,0000000,99,99,99,99,99,99,0,0,0,1,0
6,61653,2,2,0,0,0,3,3,37,2645,20,9,2016,3,3,30,1,2,2,1,3,SR-14,,642,34.63958889,-118.153411110000,0,12,1,0,1,1,0,1,2,1,0,1,0,0000000,99,99,99,99,99,99,0,0,0,2,0
6,61654,1,1,0,1,1,2,2,65,0,8,10,2016,7,0,1,0,1,2,1,3,SR-74,LINCOLN AVE,456,33.74788056,-116.884372220000,0,8,0,0,3,2,0,1,2,1,0,1,0,0000000,99,99,99,99,88,88,0,0,0,1,0
6,61655,5,5,0,0,0,6,6,83,0,13,9,2016,3,7,30,0,1,2,1,3,SR-166,,622,34.96450833,-119.722469440000,0,12,8,0,1,1,0,1,1,1,0,1,0,0000000,99,99,99,99,88,88,0,0,0,1,0
6,61656,1,1,0,0,0,1,1,65,2730,21,7,2016,5,17,17,0,2,7,4,6,MOUNTAIN AVE,,0,33.76470000,-117.244219440000,0,17,0,0,1,1,0,4,1,1,0,1,0,0000000,99,99,99,99,88,88,0,0,0,1,1
6,61657,1,1,0,1,1,1,1,89,2950,4,4,2016,2,20,18,0,2,3,1,3,SR-273,LAKE BLVD,186,40.60939722,-122.376505560000,0,8,0,0,3,2,0,1,5,1,0,1,0,0000000,99,99,99,99,88,88,0,0,0,1,0
6,61658,1,1,0,1,1,1,1,103,2940,12,8,2016,6,10,52,0,2,3,1,3,SR-99,,427,40.18612500,-122.211600000000,0,9,0,0,1,1,0,1,1,1,0,1,0,0000000,99,99,99,99,99,99,0,0,0,1,0
6,61659,1,1,0,1,1,1,1,37,1980,13,8,2016,7,19,45,0,2,4,4,6,TERRA BELLA ST,SHARP AVE,0,34.25036944,-118.429122220000,0,8,0,0,3,2,0,1,5,1,0,1,0,0000000,99,99,99,99,88,88,0,0,0,1,0
6,61660,2,2,0,0,0,3,3,67,3150,26,5,2016,5,19,17,0,2,3,4,6,POWER INN ROAD,,0,38.51838889,-121.409108330000,0,12,6,0,1,1,0,1,1,1,0,1,0,0000000,99,99,99,99,99,99,0,0,0,2,0
6,61661,1,1,0,1,1,1,1,59,1410,14,8,2016,1,23,20,0,2,3,4,6,CHAPMAN AVE,,0,33.78890556,-117.911675000000,0,8,0,0,1,1,0,1,3,1,0,1,0,0000000,99,99,99,99,88,88,0,0,0,1,0
6,61662,2,2,0,0,0,2,2,77,0,25,7,2016,2,4,45,0,1,4,2,4,CR-MARIPOSA RD,MUNFORD AVE,0,37.93060556,-121.224372220000,0,12,6,0,2,3,1,1,3,1,0,1,0,0000000,99,99,99,99,99,99,0,0,0,1,0
6,61663,1,1,0,0,0,1,1,81,0,29,6,2016,4,12,25,1,1,1,1,1,I-280,,44,37.44430833,-122.256622220000,0,33,0,0,1,1,0,4,1,1,0,1,0,0000000,99,99,99,99,99,99,0,0,0,1,0
6,61664,2,2,0,0,0,2,2,107,0,8,7,2016,6,12,41,0,1,2,1,3,SR-201,,177,36.48598333,-119.220205560000,0,38,0,0,1,1,0,4,1,1,0,1,0,0000000,99,99,99,99,88,88,0,0,0,1,0
6,61665,1,1,0,0,0,1,1,37,2870,12,8,2016,6,6,30,1,2,1,1,1,I-10 RAMP,,428,34.06580833,-117.807002780000,0,20,0,1,5,1,0,4,4,1,0,1,0,0000000,99,99,99,99,88,88,0,0,0,1,0
6,61666,2,2,0,0,0,3,3,111,0,28,7,2016,5,11,30,0,1,3,1,3,SR-150,CHUMASH RD,51,34.43715000,-119.143605560000,0,12,1,0,2,3,0,1,1,1,0,1,0,0000000,99,99,99,99,99,99,14,0,0,1,0
6,61667,1,1,0,1,1,1,1,67,3150,10,1,2016,1,9,17,0,2,4,4,6,BROADWAY ST,RIVERSIDE BLVD,0,38.56321111,-121.498488890000,0,9,0,0,3,2,0,1,1,10,0,10,0,0000000,99,99,99,99,99,99,0,0,0,1,0
6,61668,1,1,0,1,1,1,1,65,2730,20,4,2016,4,16,43,0,2,7,4,6,4TH ST,B ST,0,33.78235000,-117.232333330000,0,9,0,0,3,2,0,1,1,1,0,1,0,0000000,99,99,99,99,99,99,0,0,0,1,0
6,61669,3,3,0,0,0,3,3,37,1695,10,5,2016,3,11,43,0,2,3,4,6,AZUSA AVE,,0,33.99589167,-117.925800000000,0,12,1,0,1,1,0,1,1,1,0,1,0,0000000,99,99,99,99,99,99,0,0,0,1,0
6,61670,2,2,0,0,0,3,3,67,0,26,9,2016,2,2,54,0,1,3,2,4,CR-MADISON AVENUE,,0,38.66365556,-121.299244440000,0,12,2,0,1,1,0,1,3,1,0,1,0,0000000,99,99,99,99,99,99,0,0,0,2,1
6,61671,1,1,0,0,0,2,2,13,0,30,9,2016,6,23,15,1,1,1,1,1,I-80 RAMP,,130,38.04496944,-122.237186110000,0,59,0,0,5,1,0,4,3,1,0,1,0,0000000,99,99,99,99,99,99,0,0,0,1,0
6,61672,2,2,0,0,0,4,4,99,0,15,7,2016,6,23,55,0,1,2,1,3,SR-219,TULLY RD,39,37.71116944,-121.013163890000,0,12,1,0,3,2,0,1,3,1,0,1,0,0000000,99,99,99,99,88,88,0,0,0,3,1
6,61673,1,1,0,1,1,2,2,37,0,10,8,2016,4,18,57,0,1,7,2,4,CR-W 97TH ST,,0,33.94773333,-118.300252780000,0,15,0,0,1,1,0,1,1,1,0,1,0,0000000,99,99,99,99,99,99,0,0,0,1,0
6,61674,2,2,0,0,0,2,2,73,0,8,8,2016,2,23,0,0,1,5,2,4,CR-LILAC ROAD,,0,33.23014167,-117.044402780000,0,12,6,0,1,1,0,1,2,1,0,1,0,0000000,99,99,99,99,99,99,0,0,0,1,0
6,61675,2,2,0,0,0,3,3,111,0,12,6,2016,1,1,30,1,1,2,1,3,SR-126,,309,34.40639444,-118.752766670000,0,12,2,0,1,1,0,1,2,10,0,10,0,0000000,99,99,99,99,88,88,0,0,0,3,1
6,61676,2,2,0,0,0,5,5,37,3690,29,5,2016,1,2,27,0,2,4,4,6,SOUTHERN AVE,MCNERNEY AVE,0,33.94991389,-118.195625000000,0,12,6,0,2,2,0,1,3,1,0,1,0,0000000,99,99,99,99,99,99,0,0,0,1,1
6,61677,1,1,0,1,1,1,1,73,2340,2,3,2016,4,23,46,0,2,4,4,6,SWEETWATER ROAD,,0,32.66147222,-117.082094440000,0,8,0,0,1,1,0,1,3,1,0,1,0,0000000,99,99,99,99,99,99,0,0,0,1,0
6,61678,1,1,0,1,1,1,1,77,3770,4,8,2016,5,5,0,1,2,1,1,1,I-5,,257,37.94086667,-121.298086110000,0,8,0,0,1,1,1,1,3,1,0,1,0,0000000,99,99,99,99,88,88,0,0,0,1,0
6,61679,4,4,0,0,0,5,5,13,460,4,5,2016,4,15,13,0,2,2,1,3,SR-4,,342,37.94262222,-121.741541670000,0,12,1,0,1,1,0,1,1,10,0,10,0,0000000,99,99,99,99,99,99,0,0,0,1,0
6,61680,1,1,0,0,0,1,1,13,0,25,9,2016,1,19,22,0,1,7,2,4,CR-NICHOLS RD.,,0,38.04537500,-121.988036110000,0,1,0,0,1,1,0,1,5,1,0,1,0,0000000,99,99,99,99,99,99,0,0,0,1,0
6,61681,4,4,0,0,0,8,8,39,0,18,6,2016,7,0,49,1,1,2,1,3,SR-41,,172,37.12040000,-119.739680560000,0,12,2,0,1,1,0,1,2,1,0,1,0,0000000,99,99,99,99,99,99,0,0,0,1,1
6,61682,1,1,0,0,0,1,1,39,0,1,9,2016,5,22,13,1,1,2,1,3,SR-152,,64,37.08356389,-120.377419440000,0,1,0,0,1,1,0,1,2,1,0,1,0,0000000,99,99,99,99,88,88,0,0,0,1,1
6,61683,1,1,0,1,1,1,1,47,0,27,3,2016,1,21,0,0,1,4,2,4,CR-WALNUT AVE,,0,37.38950000,-120.699100000000,0,9,0,0,1,1,0,1,2,1,0,1,0,0000000,99,99,99,99,99,99,0,0,0,1,0
6,61684,2,2,0,0,0,2,2,99,0,16,6,2016,5,17,29,0,1,5,2,4,CR-ROGERS ROAD,,0,37.48335000,-121.177280560000,0,12,6,0,1,1,0,1,1,1,0,1,0,0000000,99,99,99,99,88,88,0,0,0,1,0
6,61685,2,2,0,0,0,4,4,37,639,14,8,2016,1,2,23,1,2,2,1,3,SR-91,,167,33.87646111,-118.103811110000,0,12,1,0,1,1,0,1,3,1,0,1,0,0000000,99,99,99,99,99,99,0,0,0,1,1
6,61686,1,1,0,1,1,2,2,65,0,14,10,2016,6,18,45,0,2,3,1,3,SR-74,,450,33.74783056,-116.895166670000,0,8,0,0,1,1,0,1,2,1,0,1,0,0000000,99,99,99,99,99,99,0,0,0,1,0
6,61687,2,2,0,0,0,2,2,79,0,17,9,2016,7,9,50,1,1,2,1,3,SR-41,,500,35.78279167,-120.201136110000,0,12,2,0,1,1,0,1,1,1,0,1,0,0000000,99,99,99,99,99,99,0,0,0,1,0
6,61688,1,1,0,0,0,1,1,65,9999,27,9,2016,3,12,54,1,2,1,1,1,I-15,,520,34.02921389,-117.550297220000,0,18,0,0,1,1,0,3,1,10,0,10,0,0000000,99,99,99,98,88,88,0,0,0,1,0
6,61689,1,1,0,0,0,1,1,13,110,7,4,2016,5,2,54,0,2,4,4,6,HILLCREST AVE,,0,37.97241389,-121.762738890000,0,42,0,0,1,1,0,3,3,1,0,1,0,0000000,99,99,99,99,88,88,0,0,0,1,1
6,61690,1,1,0,1,1,1,1,71,2550,20,5,2016,6,7,48,0,2,3,1,3,SR-83,,85,34.04884722,-117.651130560000,0,8,0,0,1,1,0,4,1,1,0,1,0,0000000,99,99,99,99,99,99,0,0,0,1,0
6,61691,1,1,0,0,0,1,1,23,0,11,9,2016,1,20,49,0,1,5,2,4,CR-ELK RIVER RD,,0,40.75321667,-124.186588890000,0,34,0,0,1,1,0,4,2,1,0,1,0,0000000,99,99,99,99,99,99,0,0,0,1,1
6,61692,1,1,0,1,1,1,1,23,0,8,10,2016,7,5,10,0,1,4,2,4,CR-AIRPORT RD,,0,40.96630000,-124.105000000000,0,8,0,0,1,1,0,1,2,10,5,5,0,0000000,99,99,99,99,88,88,0,0,0,1,0
6,61693,1,1,0,0,0,2,2,89,0,26,9,2016,2,17,50,0,1,5,2,4,CR-OLINDA ROAD,,0,40.44173889,-122.322211110000,0,35,0,0,1,1,0,4,1,1,0,1,0,0000000,99,99,99,99,99,99,0,0,0,1,1
6,61694,1,1,0,1,1,1,1,77,0,2,8,2016,3,19,34,0,1,5,2,4,CR-SR-99,,0,38.15385833,-121.261866670000,0,8,0,0,1,1,0,1,1,1,0,1,0,0000000,99,99,99,99,88,88,0,0,0,1,0
6,61695,4,4,0,0,0,5,5,95,0,19,8,2016,6,16,50,1,1,1,1,1,I-80,,382,38.52028056,-121.769780560000,0,12,1,0,1,1,0,1,1,1,0,1,0,0000000,99,99,99,99,99,99,0,0,0,1,0
6,61696,1,1,0,0,0,2,2,71,4000,24,7,2016,1,16,55,1,2,2,1,3,SR-210 W/B (FOOTHILL FWY),,23,34.13480000,-117.655300000000,0,33,0,0,1,1,0,4,1,1,0,1,0,0000000,99,99,99,99,99,99,0,0,0,1,0
6,61697,1,1,0,1,1,1,1,37,2260,31,5,2016,3,20,35,0,2,7,4,6,SOUTH NICHOLSON AVE,EDGLEY DRIVE,0,34.06073056,-118.118958330000,0,8,0,0,3,3,0,1,3,1,0,1,0,0000000,99,99,99,99,99,99,0,0,0,1,0
6,61698,1,1,0,1,1,1,1,67,3150,24,6,2016,6,5,56,0,2,3,4,6,STOCKTON BLVD,ROEMER LN,0,38.53585000,-121.447708330000,0,9,0,0,1,1,0,4,1,1,0,1,0,0000000,99,99,99,99,88,88,0,0,0,1,0
6,61699,1,1,0,2,2,1,1,67,0,19,8,2016,6,20,19,0,1,3,2,4,CR-AUBURN BLVD,,0,38.67276111,-121.328611110000,0,8,0,0,1,1,0,1,2,1,0,1,0,0000000,99,99,99,99,99,99,0,0,0,1,0
6,61700,1,1,0,0,0,2,2,77,0,7,8,2016,1,2,36,9,8,98,98,9,FRENCH CAMP ROAD,I-5 RAMP,99999,37.89711111,-121.285661110000,0,5,0,1,2,2,0,1,3,1,0,1,0,0000000,99,99,99,99,99,99,0,0,0,1,1
6,61701,4,2,2,0,0,2,2,29,240,9,9,2016,6,1,36,1,2,3,1,3,SR-58,MOHAWK ST,506,35.38331944,-119.065300000000,0,12,6,0,2,2,0,1,3,1,0,1,0,0000000,99,99,99,99,99,99,14,0,0,2,1
6,61702,2,2,0,0,0,7,7,47,0,25,7,2016,2,18,21,0,1,5,2,4,CR-EL CAPITAN WAY,PEPPER ST,0,37.43371667,-120.721858330000,0,12,1,0,3,2,0,1,1,1,0,1,0,0000000,99,99,99,99,99,99,0,0,0,1,0
6,61703,2,2,0,0,0,8,8,107,0,27,8,2016,7,18,5,0,1,2,1,3,SR-43,AVE 56,78,35.89155556,-119.405361110000,0,12,6,0,2,2,0,1,1,1,0,1,0,0000000,99,99,99,99,99,99,0,0,0,1,0
6,61704,1,1,0,0,0,1,1,53,0,4,10,2016,3,16,40,0,1,2,1,3,SR-146,,71,36.42392778,-121.300019440000,0,35,0,0,1,1,0,4,1,1,0,1,0,0000000,99,99,99,99,88,88,0,0,0,1,0
6,61705,1,1,0,2,2,2,2,71,4000,19,6,2016,1,3,0,1,2,2,1,3,SR-210,,7,34.13078333,-117.683530560000,0,8,0,0,1,1,0,1,2,1,0,1,0,0000000,99,99,99,99,88,88,0,0,0,2,0
6,61706,2,2,0,0,0,2,2,47,9999,15,8,2016,2,21,29,0,8,98,98,9,ELLIOT AVENUE,,99999,37.32041944,-120.583677780000,9,12,2,0,1,1,0,1,2,1,0,1,0,0000000,99,99,99,99,88,88,0,0,0,1,1
6,61707,1,1,0,0,0,2,2,37,2020,5,9,2016,2,4,35,1,2,1,1,1,I-710,,166,33.92547500,-118.177655560000,0,42,0,0,1,1,0,4,3,1,0,1,0,0000000,99,99,99,99,88,88,0,0,0,2,0
6,61708,1,1,0,0,0,1,1,73,3260,1,5,2016,1,4,44,1,2,1,1,1,I-8,,79,32.77914444,-117.069958330000,0,20,0,0,1,1,0,3,2,10,0,10,0,0000000,99,99,99,99,88,88,0,0,0,1,1
6,61709,1,1,0,0,0,1,1,73,2340,5,9,2016,2,23,23,0,2,2,1,3,SR-54 RAMP,,22,32.65982222,-117.070838890000,0,20,0,0,5,1,0,8,3,1,0,1,0,0000000,99,99,99,99,88,88,0,0,0,1,0
6,61710,5,5,0,0,0,5,5,59,3960,8,8,2016,2,22,30,1,2,1,1,1,I-5,,275,33.71908889,-117.794161110000,0,12,1,0,1,1,0,1,3,1,0,1,0,0000000,99,99,99,99,99,99,0,0,0,1,0
6,61711,1,1,0,1,1,1,1,71,2238,23,9,2016,6,23,57,1,2,1,1,1,I-10,,15,34.08724167,-117.684841670000,0,8,0,0,1,1,0,1,3,1,0,1,0,0000000,99,99,99,99,88,88,0,0,0,1,0
6,61712,1,1,0,0,0,1,1,89,0,23,9,2016,6,14,30,0,1,2,1,3,SR-299,,450,40.74675833,-122.060922220000,0,1,0,0,1,1,0,4,1,1,0,1,0,0000000,99,99,99,99,99,99,0,0,0,1,0
6,61713,1,1,0,0,0,1,1,37,3445,28,4,2016,5,99,99,1,2,2,1,3,SR-14 RAMP,,334,34.42566111,-118.423175000000,0,33,0,1,5,1,0,4,2,1,0,1,0,0000000,99,99,99,99,88,88,0,0,0,1,0
6,61714,1,1,0,0,0,1,1,25,1090,24,9,2016,7,1,11,1,2,1,1,1,I-8 RAMP,,372,32.77481389,-115.569061110000,0,1,0,1,5,1,0,4,2,1,0,1,0,0000000,99,99,99,99,88,88,0,0,0,1,1
6,61715,2,2,0,0,0,4,4,25,0,30,9,2016,6,15,0,0,1,3,2,4,CR-KEYSTONE ROAD,CR-AUSTIN RD,0,32.91255833,-115.594905560000,0,12,6,0,2,2,0,1,1,1,0,1,0,0000000,99,99,99,99,99,99,0,0,0,1,0
6,61716,6,6,0,0,0,8,8,77,3770,22,8,2016,2,14,28,1,2,2,1,3,SR-4,,187,37.95930000,-121.254850000000,0,12,1,0,1,1,0,1,1,1,0,1,0,0000000,99,99,99,99,99,99,0,0,0,1,0
6,61717,3,3,0,0,0,3,3,29,0,24,9,2016,7,17,50,0,1,4,2,4,CR-DI GIORGIO RD,MYRTLE AVE,0,35.25242222,-118.910308330000,0,12,1,0,3,3,0,1,1,1,0,1,0,0000000,99,99,99,99,88,88,0,0,0,1,1
6,61718,2,2,0,1,1,2,2,85,3340,1,6,2016,4,0,27,0,2,4,4,6,DOBERN AVE,JACKSON AVE,0,37.35214167,-121.837466670000,0,8,0,0,3,3,0,1,3,1,0,1,0,0000000,99,99,99,99,88,88,0,0,0,1,0
6,61719,2,2,0,0,0,7,7,37,2700,12,1,2016,3,0,13,0,2,4,4,6,MAPLE ST,EL MOLINO AVE,0,34.15233056,-118.136930560000,0,12,6,0,2,2,0,1,3,1,0,1,0,0000000,99,99,99,99,99,99,0,0,0,2,0
6,61720,1,1,0,0,0,1,1,71,0,9,10,2016,1,16,55,0,1,4,2,4,CR-NEEDLES HIGHWAY,,0,34.93853611,-114.673722220000,0,31,0,0,1,1,0,4,1,1,0,1,0,0000000,99,99,99,99,88,88,0,0,0,1,1