STATE,ST_CASE,VE_TOTAL,VE_FORMS,PVH_INVL,PEDS,PERNOTMVIT,PERMVIT,PERSONS,COUNTY,CITY,DAY,MONTH,YEAR,DAY_WEEK,HOUR,MINUTE,NHS,RUR_URB,FUNC_SYS,RD_OWNER,ROUTE,TWAY_ID,TWAY_ID2,MILEPT,LATITUDE,LONGITUD,SP_JUR,HARM_EV,MAN_COLL,RELJCT1,RELJCT2,TYP_INT,WRK_ZONE,REL_ROAD,LGT_COND,WEATHER1,WEATHER2,WEATHER,SCH_BUS,RAIL,NOT_HOUR,NOT_MIN,ARR_HOUR,ARR_MIN,HOSP_HR,HOSP_MN,CF1,CF2,CF3,FATALS,DRUNK_DR
6,61721,2,2,0,0,0,2,2,13,3010,24,5,2016,3,1,32,1,2,1,1,1,I-580 W/B,,30,37.92192778,-122.348825000000,0,12,1,0,1,1,0,1,3,1,0,1,0,0000000,99,99,99,99,99,99,23,0,0,1,1
6,61723,1,1,0,1,1,1,1,29,0,11,10,2016,3,8,50,1,1,2,1,3,SR-178,,945,35.65192500,-117.778305560000,0,9,0,0,1,1,0,2,1,1,0,1,0,0000000,99,99,99,99,99,99,0,0,0,1,0
6,61724,2,2,0,0,0,7,7,29,0,4,10,2016,3,6,27,0,1,7,2,4,CR-FRESNO AVE,SCARONI AVE,0,35.51453889,-119.313652780000,0,12,6,0,2,2,0,1,4,1,0,1,0,0000000,99,99,99,99,99,99,0,0,0,1,0
6,61725,1,1,0,0,0,1,1,109,0,25,6,2016,7,20,19,0,1,7,2,4,CR-WOODHAM CARNE ROAD,,0,37.95001389,-120.280622220000,0,1,0,0,1,1,0,1,5,1,0,1,0,0000000,99,99,99,99,88,88,0,0,0,1,1
6,61726,2,2,0,0,0,2,2,99,0,4,10,2016,3,6,50,0,1,7,2,4,CR-BLEDSOE RD,,0,37.54558611,-120.627350000000,0,12,6,0,1,1,0,1,4,1,0,1,0,0000000,99,99,99,99,99,99,0,0,0,1,0
6,61727,2,2,0,0,0,2,2,71,0,7,10,2016,6,2,50,0,1,4,2,4,CR-RANCHERO RD,,0,34.38308611,-117.398125000000,0,12,2,0,1,1,0,1,2,1,0,1,0,0000000,99,99,99,99,88,88,0,0,0,2,0
6,61728,1,1,0,1,1,1,1,71,0,8,10,2016,7,2,3,0,1,4,2,4,CR-RANCHERO RD,,0,34.38313056,-117.390194440000,0,8,0,0,1,1,0,1,2,1,0,1,0,0000000,99,99,99,99,88,88,0,0,0,1,0
6,61729,2,2,0,0,0,2,2,67,0,27,9,2016,3,19,53,0,1,2,1,3,SR-16,,53,38.53362500,-121.351813890000,0,12,6,0,8,1,0,1,2,1,0,1,0,0000000,99,99,99,99,88,88,0,0,0,1,0
6,61730,1,1,0,0,0,5,5,77,0,27,8,2016,7,20,0,0,1,5,2,4,CR-MARIPOSA RD,,0,37.89628333,-121.120330560000,0,35,0,0,1,1,0,4,2,1,0,1,0,0000000,99,99,99,99,99,99,0,0,0,1,1
6,61731,1,1,0,1,1,1,1,97,0,21,9,2016,4,8,25,0,1,5,2,4,CR-RIVER RD,,0,38.49643889,-122.766397220000,0,9,0,0,1,1,0,1,1,1,0,1,0,0000000,99,99,99,99,88,88,16,0,0,1,0
6,61732,2,2,0,0,0,2,2,107,0,17,8,2016,4,0,25,0,1,5,2,4,CR-MILLWOOD DRIVE,,0,36.41654722,-119.133961110000,0,12,1,0,1,1,0,1,2,1,0,1,0,0000000,99,99,99,99,99,99,0,0,0,1,0
6,61733,2,2,0,0,0,2,2,37,1980,25,7,2016,2,4,9,1,2,2,1,3,SR-2,,161,34.11402222,-118.243211110000,0,12,7,0,1,1,0,1,3,1,0,1,0,0000000,99,99,99,99,88,88,0,0,0,1,0
6,61734,1,1,0,1,1,1,1,83,0,14,7,2016,5,5,54,0,1,7,2,4,CR-SAN LORENZO DRIVE,SAN FELIPE DR,0,34.43025000,-119.804719440000,0,8,0,0,3,3,0,1,4,10,0,10,0,0000000,99,99,99,99,99,99,0,0,0,1,0
6,61735,2,2,0,0,0,2,2,71,0,13,8,2016,7,21,35,1,1,1,1,1,I-15,,153,34.21023333,-117.412566670000,0,12,1,0,1,1,1,1,2,1,0,1,0,0000000,99,99,99,99,99,99,0,0,0,2,0
6,61736,2,2,0,0,0,6,6,77,0,3,9,2016,7,21,28,0,1,5,2,4,CR-ESCALON BELLOTA RD,,0,37.83418889,-120.997897220000,0,12,2,0,1,1,0,1,2,1,0,1,0,0000000,99,99,99,99,99,99,0,0,0,1,1
6,61737,2,1,1,0,0,1,1,37,0,25,9,2016,1,14,22,0,1,4,2,4,CR-CYPRESS STREET,,0,34.09588056,-117.918633330000,0,33,0,0,1,1,0,3,1,1,0,1,0,0000000,99,99,99,99,88,88,0,0,0,1,0
6,61738,1,1,0,0,0,4,4,53,0,11,9,2016,1,3,0,0,1,6,2,4,CR-OLD STAGE ROAD,,0,36.54489167,-121.468963890000,0,1,0,0,1,1,0,4,2,10,0,10,0,0000000,99,99,99,99,99,99,0,0,0,1,1
6,61739,2,2,0,0,0,6,6,111,0,7,8,2016,1,18,36,0,1,2,1,3,SR-232,,30,34.26205000,-119.148508330000,0,12,2,0,1,1,0,1,1,1,0,1,0,0000000,99,99,99,99,99,99,0,0,0,2,1
6,61740,3,3,0,0,0,1,1,65,0,29,8,2016,2,5,23,0,1,7,2,4,CR-MERIDIAN PKWY,CR-INNOVATION DR,0,33.90115556,-117.285350000000,1,12,1,0,2,3,0,1,4,1,0,1,0,0000000,99,99,99,99,99,99,19,0,0,1,0
6,61741,1,1,0,1,1,2,2,29,240,2,5,2016,2,14,22,0,2,3,4,6,UNION AVE,,0,35.37491667,-119.003016670000,0,8,0,0,1,1,0,1,1,10,0,10,0,0000000,99,99,99,99,99,99,0,0,0,1,0
6,61742,2,2,0,0,0,2,2,111,4027,31,5,2016,3,8,35,0,2,5,4,6,DARLING RD,,0,34.28975833,-119.148350000000,0,12,6,0,1,1,0,1,1,1,0,1,0,0000000,99,99,99,99,99,99,14,0,0,1,0
6,61743,1,1,0,0,0,2,2,77,0,3,7,2016,1,9,25,1,2,2,1,3,SR-99,,196,37.97367222,-121.247561110000,0,24,0,0,1,1,0,4,1,1,0,1,0,0000000,99,99,99,99,99,99,0,0,0,1,0
6,61744,2,2,0,0,0,3,3,1,0,15,9,2016,5,7,58,0,1,2,1,3,SR-84,,205,37.60581944,-121.835125000000,0,12,6,0,1,1,0,1,1,1,0,1,0,0000000,99,99,99,99,99,99,0,0,0,1,0
6,61745,1,1,0,1,1,1,1,107,0,3,7,2016,1,0,0,0,1,6,2,4,CR-SAND CREEK RD,,0,36.62739722,-119.245975000000,0,8,0,0,1,1,0,1,2,1,0,1,0,0000000,99,99,99,99,88,88,0,0,0,1,0
6,61746,1,1,0,0,0,1,1,71,1305,26,9,2016,2,22,40,1,2,1,1,1,I-15,,119,34.17309167,-117.450613890000,0,24,0,0,1,1,0,4,3,1,0,1,0,0000000,99,99,99,99,88,88,0,0,0,1,0
6,61747,2,2,0,0,0,3,3,45,0,18,9,2016,1,10,59,0,1,2,1,3,SR-128,,112,39.15683889,-123.586230560000,0,12,2,0,1,1,0,1,1,1,0,1,0,0000000,99,99,99,99,88,88,0,0,0,1,0
6,61748,1,1,0,1,1,1,1,57,0,12,3,2016,7,14,24,1,1,1,1,1,I-80,,50,39.33786667,-120.352269440000,0,8,0,0,1,1,0,2,1,4,0,4,0,9999999,99,99,99,99,99,99,27,0,0,1,0
6,61749,2,2,0,0,0,3,3,39,0,25,5,2016,4,22,10,1,2,2,1,3,SR-99,,131,36.98649722,-120.088633330000,0,12,7,0,1,1,0,1,2,1,0,1,0,0000000,99,99,99,99,88,88,0,0,0,3,1
6,61750,2,2,0,0,0,2,2,77,3770,24,6,2016,6,20,15,0,2,3,4,6,PERSHING AVE,,0,37.98145278,-121.318741670000,0,12,6,0,1,1,0,1,1,1,0,1,0,0000000,99,99,99,99,99,99,0,0,0,1,1
6,61751,1,1,0,1,1,2,2,59,80,27,6,2016,2,4,35,0,2,4,4,6,N LEMON ST,ORANGEFAIR AVE,0,33.85640556,-117.919825000000,0,41,0,0,3,2,0,4,3,1,0,1,0,0000000,99,99,99,99,99,99,0,0,0,1,0
6,61752,1,1,0,0,0,1,1,23,0,11,9,2016,1,11,30,0,1,4,1,3,SR-36,,386,40.48066111,-123.653652780000,0,42,0,0,1,1,0,4,1,1,0,1,0,0000000,99,99,99,99,99,99,0,0,0,1,1
6,61753,3,3,0,0,0,4,4,85,2660,4,8,2016,5,9,15,1,2,2,1,2,US-101,,518,37.44192778,-122.115672220000,0,12,7,0,1,1,0,1,1,10,0,10,0,0000000,99,99,99,99,88,88,14,0,0,1,0
6,61754,2,2,0,0,0,2,2,37,0,24,8,2016,4,19,5,0,1,4,2,4,CR-VALINDA AVENUE,,0,34.04364167,-117.925702780000,0,12,8,0,1,1,0,1,3,1,0,1,0,0000000,99,99,99,99,99,99,0,0,0,1,0
6,61755,1,1,0,0,0,1,1,65,9997,31,8,2016,4,14,6,1,2,1,1,1,I-15,,520,34.02950278,-117.550322220000,0,42,0,0,5,1,0,3,1,1,0,1,0,0000000,99,99,99,99,99,99,0,0,0,1,0
6,61756,3,3,0,0,0,4,4,71,0,15,8,2016,2,2,8,0,1,2,1,3,SR-138,,0,34.33340000,-117.520550000000,0,12,2,0,1,1,1,1,2,1,0,1,0,0000000,99,99,99,99,99,99,0,0,0,1,0
6,61757,1,1,0,2,2,1,1,61,0,25,7,2016,2,6,21,0,1,5,2,4,CR-FIDDYMENT ROAD,,0,38.82828056,-121.349222220000,0,9,0,0,1,1,0,1,1,1,0,1,0,0000000,99,99,99,99,99,99,0,0,0,1,0
6,61758,1,1,0,1,1,1,1,77,0,14,9,2016,4,99,99,0,1,7,2,4,CR-TULLY RD,,0,38.11453611,-121.133277780000,0,8,0,0,1,1,0,1,2,1,0,1,0,0000000,99,99,99,99,88,88,0,0,0,1,0
6,61759,4,4,0,0,0,6,6,19,0,24,8,2016,4,17,30,0,1,2,1,3,SR-180,,444,36.73493889,-120.027994440000,0,12,1,0,8,1,0,1,1,1,0,1,0,0000000,99,99,99,99,99,99,0,0,0,1,0
6,61760,2,2,0,0,0,2,2,111,0,2,7,2016,7,21,45,0,1,3,2,4,CR-RICE AVE,,0,34.17857222,-119.142622220000,0,12,1,0,1,1,0,1,3,1,0,1,0,0000000,99,99,99,99,88,88,0,0,0,1,1
6,61761,2,2,0,0,0,2,2,111,0,21,8,2016,1,14,10,0,1,3,1,3,SR-150,,306,34.40161944,-119.080647220000,0,12,2,0,1,1,0,1,1,1,0,1,0,0000000,99,99,99,99,99,99,0,0,0,1,1
6,61762,2,2,0,0,0,3,3,33,0,3,8,2016,4,14,33,0,1,2,1,3,SR-281,,147,38.95891389,-122.728452780000,0,12,2,0,1,1,0,1,1,1,0,1,0,0000000,99,99,99,99,99,99,0,0,0,1,0
6,61763,1,1,0,0,0,2,2,67,0,7,9,2016,4,19,41,1,1,2,1,3,SR-12,BRANNAN ISLAND RD,58,38.12681667,-121.582091670000,0,58,0,0,3,3,0,4,1,1,0,1,0,0000000,99,99,99,99,88,88,0,0,0,1,1
6,61764,2,2,0,0,0,4,4,113,0,28,9,2016,4,16,50,0,1,3,1,3,SR-16,,396,38.67784444,-121.821238890000,0,12,6,0,1,1,0,1,1,1,0,1,0,0000000,99,99,99,99,99,99,0,0,0,1,0
6,61765,3,3,0,0,0,3,3,95,0,19,9,2016,2,5,20,1,1,1,1,1,I-80,,331,38.41701111,-121.926861110000,0,12,1,0,1,1,0,1,2,1,0,1,0,0000000,99,99,99,99,88,88,14,0,0,1,0
6,61766,3,3,0,0,0,3,3,37,1716,1,9,2016,5,6,30,1,2,1,1,1,I-605,,250,34.12519444,-117.965236110000,0,12,7,0,1,1,0,1,1,1,0,1,0,0000000,99,99,99,99,88,88,28,14,0,1,0
6,61767,3,3,0,0,0,3,3,37,4120,11,9,2016,1,21,49,1,2,1,1,1,I-10,,381,34.07186667,-117.879380560000,0,12,7,0,1,1,1,1,3,1,0,1,0,0000000,99,99,99,99,99,99,0,0,0,1,1
6,61768,2,1,1,0,1,1,2,37,1980,25,3,2016,6,7,0,1,2,1,1,1,I-405 N/B (SAN DIEGO FWY),,397,34.16353889,-118.469369440000,0,14,0,0,1,1,0,2,1,1,0,1,0,0000000,99,99,99,99,88,88,0,0,0,1,1
6,61769,2,1,1,0,1,1,2,73,3260,17,8,2016,4,20,40,1,2,2,1,3,SR-94,,67,32.72847500,-117.068594440000,0,14,0,0,1,1,0,2,3,1,0,1,0,0000000,99,99,99,99,88,88,14,0,0,1,1
6,61770,1,1,0,0,0,3,3,61,0,5,7,2016,3,18,5,1,1,1,1,1,I-80,,458,39.20488056,-120.794469440000,0,43,0,0,1,1,0,4,1,1,0,1,0,0000000,99,99,99,99,99,99,0,0,0,2,0
6,61771,2,2,0,0,0,4,4,81,2980,29,7,2016,6,20,25,1,2,2,1,2,US-101,,70,37.49851667,-122.238722220000,0,12,7,0,1,1,0,1,5,1,0,1,0,0000000,99,99,99,99,99,99,0,0,0,1,0
6,61772,3,3,0,1,1,6,6,95,0,1,10,2016,7,21,55,1,1,1,1,1,I-80,,135,38.22303889,-122.128869440000,0,8,0,1,18,1,0,1,2,1,0,1,0,0000000,99,99,99,99,88,88,0,0,0,1,0
6,61773,1,1,0,1,1,1,1,87,0,25,5,2016,4,7,25,0,1,5,2,4,CR-BUENA VISTA DR,,0,36.94032500,-121.802261110000,0,8,0,0,1,1,0,1,1,10,0,10,0,0000000,99,99,99,99,99,99,0,0,0,1,0
6,61774,1,1,0,1,1,2,2,77,0,28,9,2016,4,3,10,0,1,3,2,4,CR-WILSON WAY,,0,37.99519722,-121.264458330000,0,8,0,0,1,1,0,1,2,1,0,1,0,0000000,99,99,99,99,88,88,0,0,0,1,0
6,61775,2,2,0,0,0,2,2,85,2000,23,8,2016,3,20,10,1,2,2,1,3,SR-17,,85,37.24455278,-121.963111110000,0,12,1,0,1,1,0,1,2,1,0,1,0,0000000,99,99,99,99,99,99,0,0,0,1,1
6,61776,2,2,0,0,0,4,4,79,0,30,9,2016,6,20,42,1,1,2,1,2,US-101,WELLSONA RD,619,35.69597500,-120.696519440000,0,12,6,0,2,2,0,1,3,1,0,1,0,0000000,99,99,99,99,99,99,0,0,0,1,1
6,61777,1,1,0,1,1,1,1,85,3340,15,1,2016,6,4,50,0,2,3,4,6,SANTA CLARA ST,DELMAS AVE,0,37.33210556,-121.899213890000,0,33,0,0,3,3,0,4,3,10,0,10,0,0000000,99,99,99,99,88,88,0,0,0,1,0
6,61778,2,2,0,0,0,2,2,99,0,24,8,2016,4,5,35,1,1,2,1,3,SR-132,PARADISE RD,64,37.63782222,-121.158911110000,0,12,6,0,2,2,0,1,3,1,0,1,0,0000000,99,99,99,99,88,88,0,0,0,1,0
6,61779,1,1,0,0,0,1,1,47,0,4,6,2016,7,3,37,0,1,4,2,4,CR-SANTA FE AVE,CR-CHILDS AVE,0,37.28783333,-120.319847220000,0,31,0,0,3,2,0,4,2,1,0,1,0,0000000,99,99,99,99,88,88,0,0,0,1,1
6,61780,2,2,0,3,3,1,1,37,602,17,6,2016,6,0,58,1,2,1,1,1,I-405,,103,33.82961389,-118.253669440000,0,25,0,0,1,1,0,3,2,10,0,10,0,0000000,99,99,99,99,99,99,23,0,0,3,0
6,61781,1,1,0,0,0,1,1,37,1980,17,8,2016,4,4,8,1,2,1,1,1,I-5 RAMP,,391,34.26443056,-118.441000000000,0,20,0,1,5,1,0,4,3,1,0,1,0,0000000,99,99,99,99,88,88,0,0,0,1,1
6,61782,1,1,0,0,0,1,1,65,0,26,9,2016,2,5,5,1,1,1,1,1,I-10,,303,33.91139444,-116.591613890000,0,38,0,0,1,1,0,4,2,1,0,1,0,0000000,99,99,99,99,99,99,0,0,0,1,0
6,61783,1,1,0,1,1,1,1,19,1370,7,9,2016,4,8,9,1,2,2,1,3,SR-41,,285,36.80870556,-119.785052780000,0,8,0,0,1,1,0,1,1,1,0,1,0,0000000,99,99,99,99,88,88,0,0,0,1,0
6,61784,2,2,0,0,0,2,2,39,0,2,9,2016,6,17,25,1,1,2,1,3,SR-99,,166,37.02153889,-120.132213890000,0,12,7,1,18,1,0,1,1,1,0,1,0,0000000,99,99,99,99,99,99,0,0,0,1,0
6,61785,2,2,0,0,0,2,2,19,0,27,7,2016,4,16,44,1,1,2,1,3,SR-198,,372,36.25544722,-120.058519440000,0,12,2,0,1,1,0,1,1,1,0,1,0,0000000,99,99,99,99,99,99,0,0,0,1,0
6,61786,1,1,0,0,0,1,1,67,0,19,9,2016,2,17,52,0,1,2,1,3,SR-16,,142,38.49179167,-121.091575000000,0,1,0,0,1,1,0,4,1,1,0,1,0,0000000,99,99,99,99,99,99,0,0,0,1,1
6,61787,1,1,0,1,1,2,2,97,0,10,7,2016,1,17,55,0,1,5,2,4,CR-VERANO AVE,CR-RAILROAD AVE,0,38.30177500,-122.486836110000,0,8,0,0,3,3,0,1,1,1,0,1,0,0000000,99,99,99,99,99,99,0,0,0,1,0
6,61788,2,2,0,0,0,3,3,19,0,27,9,2016,3,18,10,0,1,7,2,4,CR-SOUTH AVE,CR-EAST AVE,0,36.61985000,-119.772750000000,0,1,0,0,2,2,0,1,1,1,0,1,0,0000000,99,99,99,99,88,88,0,0,0,1,0
6,61789,1,1,0,0,0,1,1,83,0,27,8,2016,7,1,15,1,1,2,1,3,SR-1,,130,34.58058889,-120.381108330000,0,42,0,0,1,1,0,4,2,1,0,1,0,0000000,99,99,99,99,88,88,0,0,0,1,0
6,61790,1,1,0,1,1,1,1,77,3770,28,9,2016,4,16,35,1,2,1,1,1,I-5 RAMP,,166,37.94977778,-121.294838890000,0,8,0,0,1,1,0,1,1,1,0,1,0,0000000,99,99,99,99,99,99,0,0,0,1,0
6,61791,1,1,0,0,0,1,1,37,0,4,9,2016,1,99,99,0,1,5,2,5,CR-106TH STREET EAST,,0,34.52473611,-117.940447220000,0,33,0,0,1,1,0,4,1,1,0,1,0,0000000,99,99,99,99,88,88,0,0,0,1,0
6,61792,2,2,0,0,0,2,2,19,604,14,9,2016,4,19,50,0,1,7,2,4,CR-MOUNTAIN VIEW AVE,CR-CORNELIA AVE,0,36.54700278,-119.881155560000,0,12,6,0,2,2,0,1,2,1,0,1,0,0000000,99,99,99,99,99,99,0,0,0,1,0
6,61793,1,1,0,1,1,1,1,37,4120,18,5,2016,4,3,20,1,2,1,1,1,I-10,,349,34.07241667,-117.936183330000,0,8,0,0,1,1,0,1,2,1,0,1,0,0000000,99,99,99,99,88,88,0,0,0,1,0
6,61794,2,2,0,0,0,2,2,67,0,22,9,2016,5,12,28,0,1,2,1,3,SR-16,,146,38.49506111,-121.186052780000,0,12,2,0,1,1,0,1,1,1,0,1,0,0000000,99,99,99,99,99,99,0,0,0,1,0
6,61795,1,1,0,0,0,1,1,1,2840,19,9,2016,2,19,50,1,1,1,1,1,I-680,,140,37.62143611,-121.880038890000,0,24,0,0,1,1,0,4,3,1,0,1,0,0000000,99,99,99,99,99,99,0,0,0,1,1
6,61796,3,3,0,0,0,5,5,47,0,20,9,2016,3,1,8,1,1,1,1,1,I-5,,239,37.13196111,-121.033500000000,0,12,6,0,1,1,0,1,2,1,0,1,0,0000000,99,99,99,99,99,99,0,0,0,1,0
6,61797,1,1,0,0,0,1,1,73,0,4,9,2016,1,12,45,0,1,5,2,4,CR-MONTEZUMA VALLEY RD,,0,33.22543611,-116.421363890000,0,35,0,0,1,1,0,4,1,1,0,1,0,0000000,99,99,99,99,99,99,0,0,0,1,0
6,61798,1,1,0,1,1,1,1,73,3260,2,10,2016,1,1,35,1,1,1,1,1,I-5 RAMP,,184,32.74158333,-117.181705560000,0,8,0,1,20,1,0,1,3,1,0,1,0,0000000,99,99,99,99,88,88,0,0,0,1,0
6,61799,1,1,0,0,0,1,1,1,2480,25,8,2016,5,5,40,1,2,1,1,1,I-880,,260,37.74661389,-122.201802780000,0,24,0,0,1,1,0,4,2,1,0,1,0,0000000,99,99,99,99,88,88,0,0,0,1,0
6,61800,1,1,0,0,0,3,3,43,0,22,8,2016,2,15,15,1,1,2,1,3,SR-120,,420,37.83730833,-120.233880560000,0,35,0,0,1,1,0,4,1,1,0,1,0,0000000,99,99,99,99,99,99,0,0,0,1,0
6,61801,2,2,0,0,0,2,2,19,0,4,10,2016,3,9,57,0,1,2,1,3,SR-180,SHASTA AVE,401,36.73480278,-120.105383330000,0,12,6,0,2,2,0,1,1,1,0,1,0,0000000,99,99,99,99,99,99,0,0,0,1,0
6,61802,2,2,0,0,0,3,3,19,0,28,8,2016,1,6,10,0,1,4,2,4,CR-PEACH AVE,NEBRASKA AVE,0,36.56180556,-119.718569440000,0,12,6,0,2,2,0,1,4,1,0,1,0,0000000,99,99,99,99,99,99,0,0,0,2,0
6,61803,2,2,0,0,0,3,3,77,0,6,10,2016,5,9,5,0,1,5,2,4,CR-KASSON RD,LINNE RD,0,37.69656389,-121.297894440000,0,12,6,0,2,3,0,1,1,1,0,1,0,0000000,99,99,99,99,88,88,0,0,0,2,0
6,61804,1,1,0,0,0,3,3,29,0,8,10,2016,7,1,10,0,1,3,2,4,CR-SOUTH UNION AVE,,0,35.20015833,-119.003102780000,0,33,0,0,1,1,0,4,2,1,0,1,0,0000000,99,99,99,99,99,99,0,0,0,1,0
6,61805,1,1,0,1,1,1,1,19,0,30,9,2016,6,18,30,0,1,4,2,4,CR-CENTRAL AVENUE,,0,36.67816944,-119.692147220000,0,8,0,0,1,1,0,1,1,1,0,1,0,0000000,99,99,99,99,88,88,0,0,0,1,0
6,61806,1,1,0,0,0,1,1,65,0,16,10,2016,1,12,9,0,1,2,1,3,SR-74,,915,33.66377222,-116.399058330000,0,59,0,0,1,1,0,4,1,10,0,10,0,0000000,99,99,99,99,88,88,0,0,0,1,0
6,61807,2,2,0,0,0,2,2,9,0,21,10,2016,6,16,20,0,1,2,1,3,SR-4,MEKO DR,496,38.32221667,-120.252497220000,0,12,6,0,2,3,0,1,1,1,0,1,0,0000000,99,99,99,99,99,99,0,0,0,1,0
6,61808,2,2,0,0,0,3,3,29,0,14,10,2016,6,19,42,1,2,2,1,3,SR-58,,549,35.35223333,-118.998363890000,0,59,0,0,1,1,0,3,2,1,0,1,0,0000000,99,99,99,99,99,99,0,0,0,1,1
6,61809,3,2,1,0,0,3,3,65,3070,16,10,2016,1,2,47,1,2,1,1,1,I-215,,447,34.01121389,-117.345350000000,0,12,6,0,1,1,0,1,3,1,0,1,0,0000000,99,99,99,99,99,99,23,0,0,1,1
6,61810,2,2,0,0,0,2,2,71,0,10,10,2016,2,5,28,0,1,5,2,4,CR-SHEEP CREEK RD,CACTUS RD,0,34.53531111,-117.572875000000,0,12,6,0,2,3,0,1,2,1,0,1,0,0000000,99,99,99,99,88,88,0,0,0,1,0
6,61811,2,2,0,0,0,2,2,67,0,20,10,2016,5,6,22,0,1,3,1,3,SR-16 (JACKSON ROAD),,64,38.52830000,-121.332422220000,0,12,1,0,1,1,0,1,2,1,0,1,0,0000000,99,99,99,99,99,99,0,0,0,1,0
6,61812,1,1,0,0,0,1,1,19,0,16,10,2016,1,11,15,0,1,2,1,3,SR-180,,248,36.74770278,-120.371197220000,0,35,0,0,1,1,0,4,1,1,0,1,0,0000000,99,99,99,99,88,88,0,0,0,1,0
6,61813,1,1,0,0,0,2,2,7,0,21,10,2016,6,2,0,0,1,6,2,4,CR-NORD HWY,,0,39.73213056,-121.861627780000,0,59,0,0,1,1,0,4,2,1,0,1,0,0000000,99,99,99,99,88,88,0,0,0,2,0
6,61814,1,1,0,1,1,1,1,29,0,21,10,2016,6,3,42,1,1,1,1,1,I-5,,134,34.98479444,-118.944986110000,0,8,0,1,18,1,0,1,3,1,0,1,0,0000000,99,99,99,99,88,88,0,0,0,1,0
6,61815,1,1,0,0,0,1,1,79,0,23,10,2016,1,18,20,0,1,2,1,3,SR-166,SUEY CRK,135,35.00334167,-120.360336110000,0,1,0,0,3,3,0,4,5,10,0,10,0,0000000,99,99,99,99,88,88,0,0,0,1,0
6,61816,2,2,0,0,0,2,2,29,0,19,10,2016,4,23,30,0,1,2,1,3,SR-58,,966,35.11533056,-118.375700000000,0,12,2,0,1,1,0,1,2,1,0,1,0,0000000,99,99,99,99,88,88,0,0,0,1,1
6,61818,3,3,0,0,0,5,5,95,4020,29,9,2016,5,6,27,1,2,1,1,1,I-80,,40,38.11646667,-122.230172220000,0,12,1,0,1,1,0,1,2,1,0,1,0,0000000,99,99,99,99,88,88,14,0,0,1,0
6,61819,1,1,0,0,0,2,2,73,3260,12,6,2016,1,13,0,1,2,1,1,1,I-15,,82,32.80731111,-117.114011110000,0,32,0,0,1,1,0,4,1,1,0,1,0,0000000,99,99,99,99,99,99,17,0,0,1,0
6,61820,1,1,0,0,0,1,1,27,0,26,10,2016,4,15,30,0,1,2,1,3,SR-190,,1326,36.32263333,-116.557725000000,0,1,0,0,1,1,0,1,1,1,0,1,0,0000000,99,99,99,99,99,99,0,0,0,1,0
6,61821,1,1,0,0,0,1,1,39,9999,28,10,2016,6,16,39,0,8,98,98,9,SANTA FE RAILROAD TRACKS,,99999,36.97436111,-120.019027780000,9,10,0,0,6,1,0,1,1,10,0,10,0,9999999,99,99,99,99,88,88,0,0,0,1,0
6,61822,1,1,0,1,1,1,1,39,9999,27,10,2016,5,21,22,0,8,98,98,9,AVENUE 12,ROAD 26 1/2,99999,36.92383889,-120.065822220000,9,8,0,0,3,2,0,1,2,2,0,2,0,0000000,99,99,99,99,88,88,0,0,0,1,0
6,61823,2,2,0,0,0,5,5,9,0,27,10,2016,5,14,49,0,1,5,2,4,CR-MURPHYS GRADE RD,,0,38.11850278,-120.498166670000,0,12,6,0,1,1,0,1,1,2,0,2,0,0000000,99,99,99,99,99,99,0,0,0,2,0
6,61824,2,2,0,0,0,2,2,1,1364,28,8,2016,1,6,0,1,2,1,1,1,I-680,,60,37.53578056,-121.932319440000,0,12,6,0,1,1,1,1,2,1,0,1,0,0000000,99,99,99,99,88,88,19,0,0,1,0
6,61825,2,2,0,0,0,3,3,37,0,14,7,2016,5,11,30,1,1,1,1,1,I-5,,629,34.52911667,-118.643511110000,0,12,7,0,1,1,0,1,1,1,0,1,0,0000000,99,99,99,99,88,88,0,0,0,1,0
6,61826,2,2,0,0,0,4,4,29,0,8,10,2016,7,16,40,1,1,2,1,3,SR-178,,812,35.65323056,-118.009111110000,0,12,2,0,1,1,0,1,1,1,0,1,0,0000000,99,99,99,99,88,88,0,0,0,2,1
6,61827,1,1,0,0,0,3,3,71,0,26,8,2016,6,11,25,1,1,1,1,1,I-15,,1316,35.19648611,-116.132600000000,0,1,0,0,1,1,0,4,1,10,0,10,0,0000000,99,99,99,99,99,99,0,0,0,1,0
6,61828,2,2,0,0,0,7,7,31,0,16,6,2016,5,14,15,0,1,3,2,4,CR-BARSTOW AVE,6TH AVE,0,36.47416944,-119.564158330000,0,12,6,0,2,2,0,1,1,1,0,1,0,0000000,99,99,99,99,99,99,20,0,0,1,0