STATE,ST_CASE,VE_TOTAL,VE_FORMS,PVH_INVL,PEDS,PERNOTMVIT,PERMVIT,PERSONS,COUNTY,CITY,DAY,MONTH,YEAR,DAY_WEEK,HOUR,MINUTE,NHS,RUR_URB,FUNC_SYS,RD_OWNER,ROUTE,TWAY_ID,TWAY_ID2,MILEPT,LATITUDE,LONGITUD,SP_JUR,HARM_EV,MAN_COLL,RELJCT1,RELJCT2,TYP_INT,WRK_ZONE,REL_ROAD,LGT_COND,WEATHER1,WEATHER2,WEATHER,SCH_BUS,RAIL,NOT_HOUR,NOT_MIN,ARR_HOUR,ARR_MIN,HOSP_HR,HOSP_MN,CF1,CF2,CF3,FATALS,DRUNK_DR
6,61829,2,2,0,0,0,2,2,99,0,27,9,2016,3,3,33,1,1,2,1,3,SR-132,PARADISE RD,64,37.63786667,-121.158858330000,0,12,6,0,2,2,0,1,2,1,0,1,0,0000000,99,99,99,99,88,88,0,0,0,1,0
6,61830,2,2,0,0,0,3,3,85,0,15,8,2016,2,17,0,0,1,4,2,4,CR-SANTA TERESA BL,,0,37.06295833,-121.611313890000,0,12,6,0,1,1,0,1,1,1,0,1,0,0000000,99,99,99,99,88,88,0,0,0,1,0
6,61831,3,3,0,0,0,6,6,71,0,5,9,2016,2,13,29,0,1,2,1,3,SR-138,,145,34.31318056,-117.486211110000,0,25,0,0,1,1,1,4,1,1,0,1,0,0000000,99,99,99,99,99,99,0,0,0,2,0
6,61832,1,1,0,0,0,2,2,59,1660,22,7,2016,6,13,40,1,2,1,1,1,I-405,,163,33.73045278,-117.986383330000,0,30,0,0,1,1,0,4,1,1,0,1,0,0000000,99,99,99,99,99,99,0,0,0,1,0
6,61833,2,2,0,0,0,2,2,85,0,2,8,2016,3,10,50,1,1,2,1,3,SR-152,FRAZIER LAKE ROAD,119,36.99920000,-121.525044440000,0,12,6,0,2,3,0,1,1,1,0,1,0,0000000,99,99,99,99,99,99,0,0,0,1,0
6,61834,1,1,0,1,1,1,1,53,0,11,8,2016,5,22,37,0,1,5,2,4,CR-SALINAS RD,,0,36.88593333,-121.747077780000,0,9,0,0,1,1,0,1,2,1,0,1,0,0000000,99,99,99,99,88,88,0,0,0,1,1
6,61835,1,1,0,0,0,2,2,21,0,17,7,2016,1,23,42,0,1,6,2,4,CR-57,CR-D,0,39.49490556,-122.249083330000,0,59,0,0,3,3,0,4,2,1,0,1,0,0000000,99,99,99,99,99,99,0,0,0,1,1
6,61837,2,2,0,0,0,2,2,7,0,3,11,2016,5,11,18,0,1,3,1,3,SR-32,CR-MERIDIAN RD,42,39.75335278,-121.919122220000,0,12,6,0,2,2,0,1,1,1,0,1,0,0000000,99,99,99,99,88,88,0,0,0,1,0
6,61838,1,1,0,0,0,1,1,103,0,5,11,2016,7,99,99,0,1,7,2,4,CR-PONDEROSA WY,,0,40.26468333,-121.787136110000,0,42,0,0,1,1,0,4,2,1,0,1,0,0000000,99,99,99,99,88,88,0,0,0,1,0
6,61839,2,2,0,0,0,2,2,37,0,19,9,2016,2,7,47,0,1,4,2,4,CR-WILMINGTON AVE,126TH ST,0,33.91842500,-118.239172220000,0,1,0,0,2,3,0,1,1,1,0,1,0,0000000,99,99,99,99,88,88,0,0,0,1,0
6,61840,1,1,0,0,0,1,1,37,0,16,10,2016,1,12,12,0,1,2,1,3,SR-2,,567,34.34401111,-117.911219440000,0,42,0,0,1,1,0,4,1,1,0,1,0,0000000,99,99,99,99,88,88,0,0,0,1,0
6,61841,1,1,0,0,0,1,1,59,0,23,9,2016,6,19,25,0,1,2,1,3,SR-74,,158,33.59330556,-117.465947220000,0,43,0,0,1,1,0,4,5,1,0,1,0,0000000,99,99,99,99,88,88,0,0,0,1,0
6,61842,3,3,0,0,0,3,3,59,0,6,10,2016,5,15,10,0,1,2,1,3,SR-74,,157,33.59278333,-117.468855560000,0,12,8,0,1,1,0,1,1,1,0,1,0,0000000,99,99,99,99,88,88,14,0,0,1,0
6,61843,1,1,0,0,0,2,2,93,0,19,8,2016,6,9,5,1,1,3,1,2,US-97,,233,41.64336389,-122.137600000000,0,18,0,0,1,1,0,1,1,1,0,1,0,0000000,99,99,99,99,99,99,0,0,0,1,0
6,61844,1,1,0,0,0,1,1,59,0,21,8,2016,1,7,18,0,1,5,2,4,CR-TRABUCO CANYON RD,,0,33.65316111,-117.600091670000,0,39,0,0,1,1,0,4,1,1,0,1,0,0000000,99,99,99,99,88,88,0,0,0,1,0
6,61845,2,2,0,0,0,2,2,89,0,19,9,2016,2,7,0,0,1,2,1,3,SR-44,,67,40.55904444,-122.243872220000,0,12,2,0,1,1,0,1,1,1,0,1,0,0000000,99,99,99,99,99,99,0,0,0,1,0
6,61846,1,1,0,0,0,3,3,85,9999,3,8,2016,4,1,0,9,8,98,98,3,SR-9 E/B,,99999,37.26157778,-122.102708330000,9,42,0,0,1,1,0,4,2,1,0,1,0,0000000,99,99,99,99,99,99,0,0,0,1,0
6,61847,2,2,0,0,0,2,2,37,1440,29,8,2016,2,5,10,1,2,1,1,1,I-210,,434,34.11769722,-117.846330560000,0,1,0,0,1,1,0,1,4,1,0,1,0,0000000,99,99,99,99,99,99,14,0,0,1,0
6,61848,2,2,0,0,0,2,2,65,0,21,10,2016,6,22,50,0,1,5,2,4,CR-BUTTERFIELD STAGE RD,PAUBA RD,0,33.50880556,-117.089961110000,0,12,6,0,2,2,0,1,3,1,0,1,0,0000000,99,99,99,99,88,88,0,0,0,1,1
6,61849,2,2,0,0,0,2,2,97,0,1,10,2016,7,16,15,0,1,3,1,3,SR-121,,91,38.24645278,-122.422091670000,0,1,0,0,1,1,0,1,1,1,0,1,0,0000000,99,99,99,99,99,99,14,0,0,1,0
6,61850,1,1,0,0,0,1,1,13,0,2,10,2016,1,12,49,1,1,2,1,3,SR-4,,28,38.00790000,-122.220500000000,0,24,0,0,1,1,0,3,1,2,0,2,0,0000000,99,99,99,99,88,88,0,0,0,1,0
6,61851,1,1,0,0,0,1,1,107,0,28,9,2016,4,22,30,0,1,7,2,4,CR-AVE 360,,0,36.44366111,-119.371544440000,0,34,0,0,1,1,0,4,2,1,0,1,0,0000000,99,99,99,99,88,88,0,0,0,1,1
6,61852,1,1,0,1,1,2,2,65,0,5,10,2016,4,20,0,0,2,5,2,4,CR-NORTH INDIAN CYN DR,CR-MOBILE DR,0,33.95172500,-116.545130560000,0,8,0,0,3,3,0,1,2,1,0,1,0,0000000,99,99,99,99,88,88,0,0,0,1,0
6,61853,2,2,0,0,0,2,2,75,3290,20,5,2016,6,2,16,1,2,1,1,1,I-80 E/B,,74,37.80644722,-122.369116670000,0,12,1,0,1,1,0,1,3,1,0,1,0,0000000,99,99,99,99,88,88,0,0,0,1,0
6,61854,1,1,0,0,0,1,1,47,0,24,6,2016,6,16,50,0,1,3,2,4,CR-WINTON WY,,0,37.38566111,-120.613850000000,0,46,0,0,1,1,0,4,1,1,0,1,0,028706E,99,99,99,99,88,88,0,0,0,1,0
6,61855,1,1,0,0,0,1,1,47,0,6,8,2016,7,16,48,0,1,5,2,4,CR-TURLOCK RD,,0,37.47478056,-120.605838890000,0,1,0,0,1,1,0,4,1,1,0,1,0,0000000,99,99,99,99,88,88,0,0,0,1,1
6,61856,1,1,0,0,0,1,1,47,0,31,8,2016,4,2,16,0,1,6,2,4,CR-E SOUTH BEAR CRK,,0,37.30936111,-120.453544440000,0,42,0,0,1,1,0,4,2,1,0,1,0,0000000,88,88,88,88,88,88,0,0,0,1,1
6,61857,2,2,0,0,0,2,2,73,0,24,7,2016,1,11,50,0,1,3,2,4,CR-DEER SPRINGS RD,,0,33.18820000,-117.151230560000,0,12,2,0,1,1,0,1,1,1,0,1,0,0000000,99,99,99,99,88,88,0,0,0,1,1
6,61858,1,1,0,0,0,1,1,73,0,27,8,2016,7,16,0,0,1,5,2,4,CR-S GRADE RD,,0,33.29591944,-116.891125000000,0,1,0,0,1,1,0,4,1,1,0,1,0,0000000,88,88,88,88,88,88,0,0,0,1,0
6,61859,1,1,0,0,0,1,1,111,3860,8,7,2016,6,11,31,1,2,2,4,2,US-101,,92,34.20040000,-118.958558330000,0,24,0,0,1,1,0,4,1,1,0,1,0,0000000,99,99,99,99,88,88,0,0,0,1,0
6,61860,3,3,0,0,0,7,7,25,0,4,11,2016,6,23,35,0,1,2,1,3,SR-78,,359,32.97996667,-115.155958330000,0,12,8,0,1,1,0,1,2,1,0,1,0,0000000,99,99,99,99,88,88,0,0,0,1,0
6,61861,1,1,0,1,1,1,1,65,0,15,10,2016,7,8,30,0,1,4,2,4,CR-HARRISON ST,,0,33.48274167,-116.112541670000,0,8,0,0,1,1,0,1,1,1,0,1,0,0000000,99,99,99,99,88,88,0,0,0,1,0
6,61862,1,1,0,1,1,1,1,59,80,29,8,2016,2,21,45,0,2,2,1,3,SR-91,,157,33.87131944,-117.702200000000,0,8,0,0,1,1,0,1,3,1,0,1,0,0000000,99,99,99,99,88,88,0,0,0,1,0
6,61863,1,1,0,0,0,4,4,95,0,18,9,2016,1,2,24,1,1,1,1,1,I-80,,420,38.51097778,-121.779458330000,0,1,0,0,1,1,0,1,3,1,0,1,0,0000000,99,99,99,99,99,99,0,0,0,2,0
6,61864,2,2,0,0,0,6,6,29,0,23,10,2016,1,6,0,0,1,5,2,4,CR-GARCES HWY,WILDWOOD RD,0,35.76089167,-119.436869440000,0,12,6,0,2,3,0,1,4,1,0,1,0,0000000,99,99,99,99,99,99,0,0,0,1,1
6,61865,1,1,0,0,0,1,1,65,0,23,10,2016,1,99,99,0,1,4,2,4,CR-DILLON ROAD,,0,33.81093333,-116.199000000000,0,35,0,0,1,1,0,4,2,1,0,1,0,0000000,99,99,99,99,88,88,0,0,0,1,0
6,61866,2,2,0,0,0,5,5,65,0,29,10,2016,7,10,31,0,1,2,1,3,SR-74,,683,33.61085556,-116.624122220000,0,12,2,0,8,1,0,2,1,1,0,1,0,0000000,99,99,99,99,99,99,0,0,0,1,0
6,61867,1,1,0,1,1,1,1,67,0,20,9,2016,3,4,40,0,1,3,2,4,CR-ELKHORN BLVD,CR-WALERGA RD,0,38.69448611,-121.364033330000,0,8,0,0,3,2,0,1,3,1,0,1,0,0000000,99,99,99,99,88,88,0,0,0,1,0
6,61868,1,1,0,0,0,2,2,97,0,6,9,2016,3,22,29,0,1,6,2,4,CR-MOSCOW RD,,0,38.47381667,-123.022536110000,0,1,0,0,1,1,0,4,2,1,0,1,0,0000000,99,99,99,99,88,88,0,0,0,2,1
6,61869,2,2,0,0,0,7,7,29,0,24,9,2016,7,12,33,1,1,1,1,1,I-5,,530,35.35831667,-119.340650000000,0,1,0,0,1,1,0,1,1,1,0,1,0,0000000,99,99,99,99,99,99,0,0,0,1,0
6,61870,3,1,2,3,4,1,2,37,3870,11,9,2016,1,5,10,1,2,1,1,1,I-405,,160,33.86710556,-118.335391670000,0,14,0,0,1,1,0,2,2,1,0,1,0,0000000,99,99,99,99,99,99,23,0,0,2,0
6,61871,1,1,0,1,1,1,1,37,0,20,8,2016,7,20,25,0,1,4,2,4,CR-CITY TERRACE DR,HAZARD AVE,0,34.05563056,-118.179011110000,0,8,0,0,2,2,0,1,2,1,0,1,0,0000000,99,99,99,99,99,99,0,0,0,1,0
6,61873,1,1,0,0,0,2,2,65,0,23,10,2016,1,6,40,1,1,1,1,1,I-10,,804,33.66122222,-115.820811110000,0,1,0,0,1,1,0,2,1,1,0,1,0,0000000,99,99,99,99,99,99,0,0,0,1,0
6,61874,1,1,0,1,1,1,1,65,0,7,10,2016,6,17,46,0,1,3,2,4,CR-VAN BUREN BL,,0,33.88480000,-117.293988890000,0,8,0,0,1,1,0,1,1,1,0,1,0,0000000,99,99,99,99,88,88,0,0,0,1,0
6,61875,1,1,0,1,1,5,5,29,0,9,10,2016,1,19,23,0,1,5,2,4,CR-FLOWER STREET,,0,35.38442222,-118.982236110000,0,8,0,0,1,1,0,1,2,1,0,1,0,0000000,99,99,99,99,99,99,0,0,0,1,0
6,61876,1,1,0,1,1,1,1,65,0,11,8,2016,5,21,33,0,1,4,2,4,CR-HARRISON ST,66TH AVE,0,33.56946667,-116.180919440000,0,8,0,0,2,2,0,1,3,1,0,1,0,0000000,99,99,99,99,99,99,0,0,0,1,0
6,61877,2,2,0,1,1,2,2,73,2340,11,10,2016,3,23,34,1,2,1,1,1,I-5,,98,32.65724722,-117.106941670000,0,8,0,0,1,1,0,1,3,10,0,10,0,0000000,99,99,99,99,88,88,0,0,0,1,0
6,61878,2,2,0,1,1,2,2,65,2327,2,11,2016,4,20,50,1,2,1,1,1,I-15,,105,33.56411111,-117.205519440000,0,8,0,0,1,1,0,1,3,1,0,1,0,0000000,99,99,99,99,88,88,0,0,0,1,0
6,61879,2,2,0,0,0,2,2,29,0,27,10,2016,5,0,6,1,1,2,1,3,SR-14,,563,35.58193056,-117.912266670000,0,12,2,0,1,1,0,1,3,1,0,1,0,0000000,99,99,99,99,88,88,0,0,0,1,0
6,61880,2,1,1,0,0,1,1,71,790,14,9,2016,4,7,48,1,2,1,1,1,I-10,,209,34.06883056,-117.354147220000,0,43,0,0,1,1,1,8,1,1,0,1,0,0000000,99,99,99,99,99,99,0,0,0,1,0
6,61881,3,3,0,0,0,4,4,111,0,16,9,2016,6,3,55,1,1,2,1,3,SR-126,,188,34.39191944,-118.956536110000,0,12,6,0,1,1,0,1,2,1,0,1,0,0000000,99,99,99,99,99,99,0,0,0,1,0
6,61882,1,1,0,1,1,1,1,35,0,11,10,2016,3,19,2,0,1,5,2,4,CR-JOHNSTONVILLEVILLE RD,,0,40.39921944,-120.614980560000,0,8,0,0,1,1,0,1,3,1,0,1,0,0000000,99,99,99,99,88,88,0,0,0,1,1
6,61883,2,2,0,0,0,2,2,13,3412,28,4,2016,5,23,22,1,2,1,1,1,I-680,,23,37.75236389,-121.960694440000,0,12,1,0,1,1,0,1,2,1,0,1,0,0000000,99,99,99,99,88,88,0,0,0,1,0
6,61884,1,1,0,0,0,1,1,19,3590,20,9,2016,3,6,21,1,2,2,1,3,SR-99,,64,36.57594167,-119.628683330000,1,24,0,1,5,1,0,4,4,1,0,1,0,0000000,99,99,99,99,88,88,0,0,0,1,0
6,61885,2,2,0,0,0,3,3,65,0,23,10,2016,1,19,46,0,1,2,1,3,SR-177,,70,33.78153056,-115.318500000000,0,43,0,0,1,1,0,4,2,10,0,10,0,0000000,99,99,99,99,99,99,0,0,0,1,0
6,61886,1,1,0,0,0,1,1,73,0,12,9,2016,2,15,50,1,1,1,1,1,I-5,,566,33.13060556,-117.327144440000,0,24,0,0,1,1,0,4,1,1,0,1,0,0000000,99,99,99,99,99,99,0,0,0,1,0
6,61887,1,1,0,0,0,1,1,65,9999,6,11,2016,1,0,53,1,8,98,98,1,I-10,,99999,33.92174444,-116.745419440000,9,38,0,0,1,1,0,5,2,1,0,1,0,0000000,99,99,99,99,88,88,0,0,0,1,0
6,61888,2,2,0,0,0,2,2,71,0,28,8,2016,1,14,34,1,1,2,1,3,SR-138,,210,34.32285278,-117.399125000000,0,12,6,0,8,1,0,1,1,1,0,1,0,0000000,99,99,99,99,88,88,14,0,0,1,0
6,61889,2,1,1,0,5,1,6,71,1305,24,9,2016,7,19,5,1,2,2,1,3,SR-210,,134,34.13675000,-117.463480560000,0,24,0,0,1,1,0,4,5,1,0,1,0,0000000,99,99,99,99,99,99,0,0,0,1,1
6,61890,1,1,0,0,0,1,1,19,0,4,11,2016,6,8,5,1,2,2,1,3,SR-41,,193,36.68351111,-119.785688890000,0,38,0,0,1,1,0,4,1,1,0,1,0,0000000,99,99,99,99,99,99,0,0,0,1,0
6,61891,1,1,0,0,0,4,4,63,0,13,11,2016,1,7,25,0,1,2,1,3,SR-70,,399,39.97528611,-120.937375000000,0,42,0,0,1,1,0,4,1,5,0,5,0,0000000,99,99,99,99,99,99,0,0,0,2,1
6,61892,2,2,0,0,0,3,3,71,0,2,11,2016,4,23,13,1,1,1,1,2,US-395,,241,34.68767222,-117.448833330000,0,12,2,0,1,1,0,4,2,1,0,1,0,0000000,99,99,99,99,99,99,0,0,0,2,0
6,61893,1,1,0,0,0,1,1,77,0,4,11,2016,6,22,55,1,1,1,1,1,I-580 RAMP,,7,37.64428056,-121.411888890000,0,33,0,1,5,1,0,4,2,1,0,1,0,0000000,99,99,99,99,88,88,0,0,0,1,0
6,61894,1,1,0,0,0,1,1,37,0,1,11,2016,3,13,5,0,1,5,2,4,CR-LAKE HUGHES RD,,0,34.59341944,-118.562719440000,0,59,0,0,1,1,0,4,1,1,0,1,0,0000000,99,99,99,99,99,99,0,0,0,1,0
6,61895,1,1,0,0,0,2,2,71,0,6,11,2016,1,1,45,1,1,1,1,1,I-40,,99998,34.83385278,-116.738080560000,0,38,0,0,1,1,0,3,2,1,0,1,0,0000000,99,99,99,99,99,99,0,0,0,1,0
6,61896,2,2,0,0,0,2,2,65,0,9,11,2016,4,16,55,0,1,4,2,4,CR-SOBOBA ROAD,,0,33.81032500,-116.947341670000,0,12,2,0,1,1,0,1,5,1,0,1,0,0000000,99,99,99,99,99,99,0,0,0,1,0
6,61897,2,1,1,0,0,2,2,99,0,1,11,2016,3,21,0,1,2,2,1,3,SR-99,,177,37.65631389,-121.025830560000,0,14,0,0,1,1,0,2,2,1,0,1,0,0000000,99,99,99,99,99,99,0,0,0,1,0
6,61898,1,1,0,0,0,1,1,85,3790,9,5,2016,2,16,40,0,2,2,1,3,SR-85,,200,37.35288889,-122.060600000000,0,42,0,0,1,1,0,4,1,1,0,1,0,0000000,99,99,99,99,88,88,0,0,0,1,1
6,61899,2,2,0,0,0,2,2,71,2922,22,9,2016,5,11,13,1,2,1,1,1,I-15,,88,34.14170000,-117.489800000000,0,12,7,1,17,1,0,1,1,1,0,1,0,0000000,99,99,99,99,99,99,0,0,0,1,0
6,61900,1,1,0,0,0,1,1,71,0,12,11,2016,7,0,20,0,1,5,2,4,CR-INDIAN TRAIL,,0,34.18563889,-116.151880560000,0,35,0,0,1,1,0,4,2,1,0,1,0,0000000,99,99,99,99,88,88,0,0,0,1,0
6,61901,2,2,0,0,0,4,4,71,0,14,11,2016,2,16,12,1,1,1,1,1,I-15,,185,34.27946111,-117.452069440000,0,12,7,0,1,1,0,1,1,1,0,1,0,0000000,99,99,99,99,99,99,0,0,0,1,0
6,61902,4,4,0,0,0,4,4,71,3210,19,11,2016,7,5,40,1,2,1,1,1,I-215,,67,34.10065000,-117.302030560000,0,12,7,0,1,1,0,1,3,1,0,1,0,0000000,99,99,99,99,99,99,0,0,0,1,1
6,61903,1,1,0,1,1,4,4,103,0,17,11,2016,5,16,12,0,1,7,2,4,CR-STAGECOACH RD,,0,40.01134722,-122.406772220000,0,8,0,0,1,1,0,1,5,1,0,1,0,0000000,99,99,99,99,99,99,0,0,0,1,0
6,61904,2,2,0,0,0,3,3,115,0,15,11,2016,3,22,53,0,1,4,2,4,CR-MARYSVILLE ROAD,,0,39.36163056,-121.308380560000,0,12,2,0,1,1,0,1,2,1,0,1,0,0000000,99,99,99,99,99,99,0,0,0,1,1
6,61905,1,1,0,0,0,2,2,37,1970,26,11,2016,7,1,3,1,2,1,1,1,I-605,,14,33.82614167,-118.081975000000,0,25,0,0,1,1,0,3,3,1,0,1,0,0000000,99,99,99,99,88,88,0,0,0,1,1
6,61906,2,1,1,0,1,1,2,103,0,18,11,2016,6,7,5,0,1,4,2,4,CR-GYLE RD,,0,40.00391667,-122.179516670000,0,14,0,0,1,1,0,2,1,10,0,10,0,0000000,99,99,99,99,99,99,0,0,0,1,0
6,61907,2,1,1,0,0,1,1,71,0,20,11,2016,1,8,37,0,1,6,2,4,CR-FOOTHILL RD,,0,34.42950000,-116.953800000000,0,38,0,0,1,1,0,5,1,1,0,1,0,0000000,99,99,99,99,88,88,14,0,0,1,0
6,61908,2,2,0,0,0,3,3,31,0,23,11,2016,4,6,30,1,1,2,1,3,SR-41,JACKSON AVENUE,378,36.25481944,-119.808750000000,0,12,6,0,2,2,0,1,4,1,0,1,0,0000000,99,99,99,99,99,99,0,0,0,1,0
6,61909,2,2,0,0,0,2,2,37,2458,14,11,2016,2,22,11,1,2,1,1,1,I-605,,87,33.92784167,-118.103127780000,0,12,1,0,1,1,0,1,3,1,0,1,0,0000000,99,99,99,99,88,88,23,0,0,1,0
6,61910,1,1,0,0,0,1,1,37,0,12,11,2016,7,7,0,0,1,3,2,4,CR-ANGELES FOREST HWY,,0,34.29880833,-118.148466670000,0,35,0,0,1,1,0,4,1,1,0,1,0,0000000,99,99,99,99,88,88,0,0,0,1,0
6,61911,1,1,0,0,0,1,1,71,0,22,11,2016,3,16,50,0,1,5,2,4,CR-NATIONAL TRAILS HWY,,0,34.78960556,-117.241411110000,0,58,0,0,1,1,0,2,5,1,0,1,0,0000000,99,99,99,99,88,88,0,0,0,1,0
6,61912,1,1,0,1,1,1,1,19,0,16,11,2016,4,23,17,0,1,5,2,4,CR-FRIANT RD,PARKER AVE,0,36.98731111,-119.713269440000,0,8,0,0,3,2,0,1,3,1,0,1,0,0000000,99,99,99,99,99,99,0,0,0,1,0
6,61913,3,3,0,0,0,7,7,71,0,21,11,2016,2,18,29,0,2,4,4,6,PHELAN RD,FREMONTIA DR,0,34.42668056,-117.412538890000,0,12,6,0,2,3,0,1,2,1,0,1,0,0000000,99,99,99,99,88,88,14,0,0,1,0
6,61914,1,1,0,0,0,2,2,37,1430,20,11,2016,1,3,20,1,2,1,1,3,SR-2,,220,34.18603056,-118.217650000000,0,25,0,0,1,1,0,3,2,10,0,10,0,0000000,99,99,99,99,99,99,0,0,0,1,1
6,61915,3,3,0,0,0,4,4,79,0,9,11,2016,4,14,25,0,1,2,1,3,SR-193,HOLLISTER AVE,222,35.33111944,-120.735369440000,0,12,1,0,3,2,0,1,1,1,0,1,0,0000000,99,99,99,99,99,99,0,0,0,1,0
6,61916,2,2,0,0,0,3,3,71,0,16,11,2016,4,15,50,0,2,5,4,6,CR-MT. BALDY ROAD,,0,34.23852500,-117.653977780000,0,12,2,0,1,1,0,1,1,1,0,1,0,0000000,99,99,99,99,88,88,0,0,0,1,0
6,61917,1,1,0,0,0,1,1,67,3150,23,11,2016,4,18,34,1,2,1,1,1,I-80 RAMP,,264,38.62087500,-121.515697220000,0,30,0,1,5,1,0,4,3,1,0,1,0,0000000,99,99,99,99,88,88,0,0,0,1,0
6,61918,2,2,0,0,0,3,3,29,0,18,11,2016,6,20,30,1,1,2,1,3,SR-58,,1411,35.00650000,-117.681138890000,0,12,1,0,1,1,0,1,2,1,0,1,0,0000000,99,99,99,99,99,99,0,0,0,1,0
6,61919,1,1,0,0,0,1,1,93,0,18,9,2016,1,7,20,0,1,5,2,4,CR-INDIAN CREEK RD,,0,41.85495556,-123.389777780000,0,42,0,0,1,1,0,4,1,1,0,1,0,0000000,99,99,99,99,88,88,0,0,0,1,0
6,61920,1,1,0,0,0,1,1,75,3290,6,4,2016,4,23,20,1,2,1,1,2,US-101,,43,37.76846389,-122.405919440000,0,23,0,0,1,1,0,4,3,1,0,1,0,0000000,99,99,99,99,88,88,0,0,0,1,1
6,61921,2,2,0,0,0,4,4,1,1560,9,8,2016,3,1,40,1,2,1,1,1,I-880,,144,37.61607500,-122.073191670000,0,12,1,0,1,1,0,1,2,1,0,1,0,0000000,99,99,99,99,99,99,0,0,0,1,0
6,61922,1,1,0,0,0,2,2,65,0,24,10,2016,2,16,8,1,1,2,1,3,SR-86,,80,33.53603056,-116.100269440000,0,1,0,0,1,1,0,4,1,10,0,10,0,0000000,99,99,99,99,99,99,0,0,0,1,0
6,61923,1,1,0,0,0,1,1,65,0,17,11,2016,5,99,99,0,1,5,2,4,CR-DILLON ROAD,,0,33.92527222,-116.454638890000,0,42,0,0,1,1,0,4,2,1,0,1,0,0000000,99,99,99,99,88,88,0,0,0,1,0
6,61924,3,3,0,0,0,4,4,73,0,6,7,2016,4,12,23,0,1,2,1,3,SR-76,,312,33.31240556,-116.987408330000,0,1,0,0,1,1,0,1,1,1,0,1,0,0000000,99,99,99,99,99,99,0,0,0,2,0
6,61925,1,1,0,0,0,1,1,73,0,15,9,2016,5,11,3,1,1,1,1,1,I-5,,560,33.23032500,-117.399838890000,0,33,0,0,1,1,0,4,1,1,0,1,0,0000000,99,99,99,99,88,88,0,0,0,1,0
6,61926,1,1,0,0,0,1,1,73,0,15,11,2016,3,14,36,0,1,5,2,4,CR-JAPATUL ROAD,,0,32.79086111,-116.732663890000,0,1,0,0,1,1,0,4,1,10,0,10,0,0000000,99,99,99,99,88,88,0,0,0,1,0
6,61927,2,2,0,0,0,2,2,89,0,26,9,2016,2,10,35,1,1,2,1,3,SR-299,,340,40.65224722,-122.217672220000,0,12,2,0,1,1,0,2,1,1,0,1,0,0000000,99,99,99,99,99,99,0,0,0,1,0
6,61928,2,2,0,0,0,2,2,113,0,1,10,2016,7,12,27,0,2,5,4,6,OLD RIVER ROAD,,0,38.65412500,-121.605755560000,0,12,2,0,1,1,0,1,1,1,0,1,0,0000000,99,99,99,99,99,99,0,0,0,1,0
6,61929,1,1,0,0,0,1,1,73,3260,5,10,2016,4,1,27,1,2,1,1,1,I-8,,53,32.77828056,-117.117263890000,0,25,0,0,1,1,0,3,2,10,0,10,0,0000000,99,99,99,99,99,99,0,0,0,1,1
6,61930,2,2,0,0,0,3,3,65,0,21,11,2016,2,3,45,1,1,3,1,3,SR-74,,348,33.74010278,-117.068283330000,0,12,1,0,1,1,0,1,2,2,0,2,0,0000000,99,99,99,99,99,99,0,0,0,1,0
6,61931,2,2,0,0,0,1,1,65,9997,28,8,2016,1,5,45,1,2,2,1,3,SR-60,,84,34.00741111,-117.419769440000,0,12,2,0,1,1,0,1,2,1,0,1,0,0000000,99,99,99,99,88,88,0,0,0,1,1
6,61932,1,1,0,1,1,1,1,37,2645,6,7,2016,4,20,1,0,2,3,4,6,PALMDALE BL,,0,34.57960833,-118.119000000000,0,8,0,0,1,1,0,1,5,1,0,1,0,0000000,99,99,99,99,99,99,0,0,0,1,0
6,61933,1,1,0,0,0,2,2,19,0,2,10,2016,1,12,18,1,1,2,1,3,SR-99,,110,36.62585556,-119.683638890000,0,1,0,0,1,1,0,4,1,1,0,1,0,0000000,99,99,99,99,99,99,0,0,0,1,0
6,61934,2,2,0,0,0,2,2,37,0,7,10,2016,6,9,45,1,1,2,1,3,SR-138,110TH ST W,281,34.77601111,-118.325522220000,0,12,6,0,2,2,0,1,1,1,0,1,0,0000000,99,99,99,99,88,88,0,0,0,1,0
6,61935,2,2,0,0,0,3,3,71,0,15,10,2016,7,1,21,1,1,1,1,1,I-15,,1433,35.32358611,-115.983338890000,0,12,1,0,1,1,0,1,2,1,0,1,0,0000000,99,99,99,99,88,88,0,0,0,1,0
6,61936,2,2,0,0,0,2,2,31,0,14,10,2016,6,20,52,0,1,4,2,4,CR-EXCELSIOR AVE,,0,36.40107778,-119.739877780000,0,12,6,0,8,1,0,1,2,10,0,10,0,0000000,99,99,99,99,88,88,0,0,0,1,0
6,61937,2,2,0,0,0,5,5,31,0,1,10,2016,7,1,57,1,1,2,1,3,SR-198,,160,36.31051111,-119.703688890000,0,12,1,0,1,1,0,1,2,1,0,1,0,0000000,99,99,99,99,99,99,0,0,0,1,1