STATE,ST_CASE,VE_TOTAL,VE_FORMS,PVH_INVL,PEDS,PERNOTMVIT,PERMVIT,PERSONS,COUNTY,CITY,DAY,MONTH,YEAR,DAY_WEEK,HOUR,MINUTE,NHS,RUR_URB,FUNC_SYS,RD_OWNER,ROUTE,TWAY_ID,TWAY_ID2,MILEPT,LATITUDE,LONGITUD,SP_JUR,HARM_EV,MAN_COLL,RELJCT1,RELJCT2,TYP_INT,WRK_ZONE,REL_ROAD,LGT_COND,WEATHER1,WEATHER2,WEATHER,SCH_BUS,RAIL,NOT_HOUR,NOT_MIN,ARR_HOUR,ARR_MIN,HOSP_HR,HOSP_MN,CF1,CF2,CF3,FATALS,DRUNK_DR
6,62154,1,1,0,0,0,4,4,19,0,7,5,2016,7,20,55,0,1,2,1,3,SR-269,,222,36.39303889,-120.103208330000,0,58,0,0,1,1,0,4,2,10,0,10,0,0000000,99,99,99,99,99,99,0,0,0,3,0
6,62155,1,1,0,0,0,2,2,111,0,21,4,2016,5,18,0,0,1,3,2,4,CR-LAS POSAS RD,,0,34.19660556,-119.069825000000,0,46,0,0,1,1,0,4,1,1,0,1,0,0000000,99,99,99,99,99,99,0,0,0,1,0
6,62156,3,3,0,0,0,3,3,37,0,28,4,2016,5,20,25,0,1,3,1,3,SR-1,,406,34.03998889,-118.575888890000,0,12,6,0,8,1,0,1,3,1,0,1,0,0000000,99,99,99,99,88,88,14,0,0,1,1
6,62157,1,1,0,0,0,1,1,25,0,14,11,2016,2,15,5,0,1,6,2,4,CR-WILKINS RD,,0,33.30956944,-115.556483330000,0,1,0,0,1,1,0,1,1,1,0,1,0,0000000,99,99,99,99,88,88,0,0,0,1,1
6,62158,1,1,0,0,0,1,1,29,0,29,12,2016,5,16,4,0,1,2,1,3,SR-33,,224,35.17136111,-119.514738890000,0,38,0,0,8,1,0,5,1,1,0,1,0,0000000,99,99,99,99,99,99,0,0,0,1,0
6,62159,2,2,0,0,0,3,3,59,80,19,11,2016,7,14,38,1,2,2,1,3,SR-57,,115,33.79077500,-117.880044440000,0,54,11,0,1,1,0,1,1,1,0,1,0,0000000,99,99,99,99,88,88,14,0,0,1,0
6,62160,1,1,0,0,0,1,1,73,0,23,10,2016,1,20,40,0,1,4,2,4,CR-LA CRESTA ROAD,,0,32.81480000,-116.866325000000,0,33,0,0,1,1,0,4,2,1,0,1,0,0000000,99,99,99,99,88,88,0,0,0,1,0
6,62161,1,1,0,1,1,1,1,47,1990,10,2,2016,4,22,11,0,2,3,1,3,SR-165,WILLMOTT RD,96,37.06921667,-120.835094440000,0,8,0,0,3,2,0,1,1,1,0,1,0,0000000,99,99,99,99,99,99,0,0,0,1,0
6,62162,1,1,0,0,0,1,1,107,0,22,8,2016,2,15,28,1,1,2,1,3,SR-99,,1,35.79170278,-119.251850000000,0,31,0,1,19,1,0,4,1,1,0,1,0,0000000,99,99,99,99,88,88,0,0,0,1,1
6,62163,1,1,0,0,0,1,1,37,1980,28,8,2016,1,3,5,1,2,1,1,1,I-5,,343,34.22616389,-118.375322220000,0,25,0,1,19,1,0,4,3,1,0,1,0,0000000,99,99,99,99,99,99,0,0,0,1,0
6,62164,1,1,0,0,0,3,3,37,0,31,7,2016,1,0,0,0,1,2,1,3,SR-2,,399,34.26637500,-118.083986110000,0,35,0,0,1,1,0,4,2,1,0,1,0,0000000,99,99,99,99,88,88,0,0,0,3,0
6,62165,1,1,0,0,0,3,3,37,0,28,5,2016,7,22,46,0,1,4,2,4,CR-NORMANDIE AVE,CENTURY BLVD,0,33.94550833,-118.300227780000,0,46,0,0,3,2,0,4,3,1,0,1,0,0000000,99,99,99,99,99,99,0,0,0,2,1
6,62166,1,1,0,0,0,2,2,19,0,23,9,2016,6,13,30,0,1,2,1,3,SR-198,,58,36.12348889,-120.594522220000,0,35,0,0,1,1,0,4,1,1,0,1,0,0000000,99,99,99,99,99,99,0,0,0,1,0
6,62167,1,1,0,1,1,1,1,37,0,30,5,2016,2,0,5,0,1,3,2,4,CR-VERMONT AVENUE,94TH STREET,0,33.95095833,-118.291875000000,0,8,0,0,2,2,0,1,3,1,0,1,0,0000000,99,99,99,99,99,99,0,0,0,1,0
6,62168,2,2,0,0,0,2,2,61,0,13,10,2016,5,21,5,1,1,1,1,1,I-80,,350,39.12230000,-120.940838890000,0,12,2,0,1,1,0,1,2,10,0,10,0,0000000,99,99,99,99,99,99,0,0,0,1,0
6,62169,2,2,0,0,0,2,2,29,0,27,11,2016,1,1,17,1,1,2,1,3,SR-46,,347,35.61600833,-119.615361110000,0,12,2,0,1,1,0,1,2,10,0,10,0,0000000,99,99,99,99,99,99,0,0,0,1,0
6,62170,1,1,0,0,0,2,2,31,0,14,11,2016,2,23,26,1,1,2,1,3,SR-41,,31,35.83559444,-120.088558330000,0,1,0,0,1,1,0,1,2,1,0,1,0,0000000,99,99,99,99,99,99,0,0,0,1,1
6,62171,3,3,0,0,0,3,3,37,1970,24,8,2016,4,0,29,1,2,1,1,1,I-710,,73,33.81231944,-118.207044440000,0,12,1,0,1,1,0,1,3,1,0,1,0,0000000,99,99,99,99,99,99,28,0,0,1,0
6,62172,1,1,0,1,1,1,1,73,3260,22,12,2016,5,5,50,0,2,2,1,3,SR-905,,90,32.56406944,-116.974900000000,0,8,0,0,1,1,0,1,2,10,2,2,0,0000000,99,99,99,99,88,88,19,0,0,1,0
6,62173,1,1,0,0,0,1,1,53,3180,21,1,2016,5,19,16,0,2,4,4,6,CONSTITUTION BLVD,EAST LAUREL DR,0,36.69457778,-121.632313890000,0,33,0,0,3,3,0,4,3,1,0,1,0,0000000,99,99,99,99,88,88,0,0,0,1,1
6,62174,1,1,0,1,1,1,1,29,240,10,1,2016,1,18,41,0,2,3,4,6,PANAMA LN,,0,35.29590278,-119.007069440000,0,8,0,0,1,1,0,1,3,10,0,10,0,0000000,99,99,99,99,99,99,0,0,0,1,0
6,62175,1,1,0,1,1,1,1,37,1110,17,1,2016,1,7,50,0,2,3,4,6,VALLEY BLVD,GIBSON RD,0,34.07811944,-118.050619440000,0,8,0,0,3,2,0,1,1,1,0,1,0,0000000,99,99,99,99,99,99,0,0,0,1,0
6,62176,1,1,0,0,0,1,1,97,0,12,10,2016,4,12,52,0,1,7,2,4,CR-NAPA RD,,0,38.26296944,-122.402930560000,0,32,0,0,1,1,0,4,1,1,0,1,0,0000000,99,99,99,99,88,88,0,0,0,1,0
6,62177,1,1,0,0,0,1,1,99,0,1,11,2016,3,20,15,0,1,6,2,4,CR-MARSHALL RD,,0,37.43540000,-121.131650000000,0,43,0,0,1,1,0,4,2,1,0,1,0,0000000,99,99,99,99,88,88,0,0,0,1,0
6,62178,1,1,0,1,1,8,8,79,3370,22,11,2016,3,20,25,1,2,2,1,2,US-101 SOUTHBOUND,,271,35.25879722,-120.673941670000,0,8,0,0,1,1,0,1,3,1,0,1,0,0000000,99,98,99,98,88,88,0,0,0,1,0
6,62179,1,1,0,0,0,1,1,89,0,14,10,2016,6,0,0,1,1,2,1,3,SR-44,DERSCH RD,190,40.51413889,-122.031497220000,0,38,0,0,3,3,0,4,3,2,6,2,0,0000000,99,99,99,99,88,88,0,0,0,1,0
6,62180,1,1,0,0,0,1,1,61,0,13,10,2016,5,0,22,0,1,5,2,4,CR-TAYLOR ROAD,,0,38.85783889,-121.157727780000,0,42,0,0,1,1,0,4,2,1,0,1,0,0000000,99,99,99,99,99,99,0,0,0,1,1
6,62181,3,3,0,0,0,3,3,37,1980,10,10,2016,2,18,33,1,2,1,1,1,I-5,,387,34.25881944,-118.437105560000,0,1,0,0,1,1,0,1,2,1,0,1,0,0000000,99,99,99,99,88,88,14,28,0,1,0
6,62182,3,3,0,0,0,6,6,73,0,21,11,2016,2,13,8,0,1,2,1,3,SR-67,,175,32.99852222,-116.960847220000,0,12,6,0,1,1,0,1,1,10,0,10,0,0000000,99,99,99,99,99,99,14,0,0,1,0
6,62183,1,1,0,0,0,4,4,21,0,13,11,2016,1,16,45,0,1,2,1,3,SR-162,,697,39.52401389,-122.133561110000,0,1,0,0,1,1,0,4,1,1,0,1,0,0000000,99,99,99,99,99,99,0,0,0,2,0
6,62184,3,3,0,0,0,9,9,71,0,18,11,2016,6,23,5,0,1,5,2,4,CR-PHELAN RD,,0,34.42657778,-117.512408330000,0,12,1,0,1,1,0,1,2,1,0,1,0,0000000,99,99,99,99,99,99,0,0,0,2,1
6,62185,2,1,1,0,0,1,1,37,0,12,11,2016,7,16,53,1,2,1,1,1,I-710 RAMP,,243,34.03218333,-118.170033330000,0,24,0,1,5,1,0,4,1,1,0,1,0,0000000,99,99,99,99,88,88,0,0,0,1,0
6,62186,2,2,0,1,1,1,1,37,1980,22,10,2016,7,22,5,1,2,1,1,1,I-5,,366,34.23563611,-118.412716670000,0,12,2,0,1,1,0,1,2,1,0,1,0,0000000,99,99,99,99,88,88,23,0,0,1,0
6,62187,1,1,0,0,0,2,2,35,0,10,12,2016,7,14,10,0,1,2,1,3,SR-36,,51,40.31605000,-120.976577780000,0,42,0,0,1,1,0,4,1,2,10,2,0,0000000,99,99,99,99,88,88,0,0,0,1,0
6,62188,1,1,0,1,1,1,1,59,880,28,10,2016,6,22,50,1,2,2,1,3,SR-55 RAMP,,64,33.69285278,-117.867333330000,0,9,0,0,5,1,0,1,3,1,0,1,0,0000000,99,99,99,99,88,88,0,0,0,1,0
6,62189,2,2,0,0,0,4,4,47,0,6,12,2016,3,16,24,1,1,2,1,3,SR-152,,129,37.05698056,-121.022730560000,0,12,6,0,1,1,0,1,1,1,0,1,0,0000000,99,99,99,99,99,99,0,0,0,1,0
6,62190,1,1,0,1,1,1,1,23,0,14,12,2016,4,20,7,0,1,4,2,4,CR-CENTRAL AVENUE,CR-ANNA SPARKS WAY,0,40.93306111,-124.100883330000,0,8,0,0,3,2,0,4,3,10,2,2,0,0000000,99,99,99,99,99,99,0,0,0,1,1
6,62191,1,1,0,0,0,3,3,45,0,24,10,2016,2,3,30,0,1,7,2,4,CR-UVA DR,,0,39.27053333,-123.242700000000,0,59,0,0,1,1,0,4,3,10,0,10,0,0000000,99,99,99,99,99,99,0,0,0,1,1
6,62192,1,1,0,0,0,1,1,61,0,4,10,2016,3,2,30,0,1,4,2,4,CR-INDIAN HILL RD,,0,38.87306667,-121.123161110000,0,42,0,0,1,1,0,4,2,1,0,1,0,0000000,99,99,99,99,88,88,0,0,0,1,0
6,62193,2,2,0,0,0,2,2,37,1980,22,11,2016,3,19,56,1,2,2,1,3,SR-118,,83,34.27516111,-118.493680560000,0,12,6,0,1,1,0,1,2,1,0,1,0,0000000,99,99,99,99,99,99,27,0,0,1,0
6,62194,2,2,0,0,0,4,4,37,0,10,12,2016,7,13,40,0,1,6,2,4,CR-MULHOLLAND HWY,,0,34.10486111,-118.721886110000,0,1,0,0,1,1,0,1,1,1,0,1,0,0000000,99,99,99,99,99,99,14,0,0,1,0
6,62195,2,2,0,1,1,3,3,67,0,8,12,2016,5,18,25,0,1,4,2,4,CR-JAMES WAY,,0,38.66857222,-121.384311110000,0,8,0,0,1,1,0,1,3,10,2,2,0,0000000,99,99,99,99,88,88,0,0,0,1,0
6,62196,1,1,0,0,0,2,2,97,0,9,10,2016,1,1,50,0,1,3,1,3,SR-1,,65,38.33549167,-122.990452780000,0,42,0,0,1,1,0,4,2,1,0,1,0,0000000,99,99,99,99,99,99,0,0,0,1,0
6,62197,1,1,0,1,1,1,1,107,0,13,12,2016,3,6,13,0,2,2,1,3,SR-163,MILLER AVE,240,36.54583333,-119.286938890000,0,8,0,0,2,2,0,1,2,1,0,1,0,0000000,99,99,99,99,88,88,0,0,0,1,0
6,62198,1,1,0,0,0,1,1,37,0,5,11,2016,7,18,47,1,1,3,2,3,SR-138,,59,34.76954444,-118.702661110000,0,32,0,0,1,1,0,4,2,1,0,1,0,0000000,99,99,99,99,88,88,0,0,0,1,0
6,62199,1,1,0,1,1,1,1,37,1980,6,11,2016,1,4,20,1,2,1,1,1,I-10 RAMP,,125,34.03680000,-118.313630560000,0,8,0,1,20,1,0,1,2,1,0,1,0,0000000,99,99,99,99,88,88,0,0,0,1,0
6,62200,3,3,0,0,0,6,6,37,1980,5,11,2016,7,18,37,1,2,2,2,3,SR-110,,247,34.07018056,-118.235327780000,0,12,1,0,1,1,0,2,3,1,0,1,0,0000000,99,99,99,99,99,99,0,0,0,1,1
6,62201,2,2,0,0,0,2,2,111,4027,16,10,2016,1,13,40,1,2,2,1,3,SR-126,,9,34.27023333,-119.221152780000,0,1,0,0,1,1,0,1,1,1,0,1,0,0000000,99,99,99,99,88,88,14,0,0,1,1
6,62202,1,1,0,0,0,3,3,99,0,21,10,2016,6,21,40,1,2,2,1,3,SR-99,,178,37.65763056,-121.025650000000,0,35,0,0,1,1,0,4,2,1,0,1,0,0000000,99,99,99,99,99,99,0,0,0,1,0
6,62203,1,1,0,0,0,4,4,99,0,2,12,2016,6,16,39,0,1,3,2,4,CR-GOLDEN STATE BOULEVARD,,0,37.46722778,-120.816725000000,0,1,0,0,1,1,0,1,5,1,0,1,0,0000000,99,99,99,99,99,99,0,0,0,1,1
6,62204,2,2,0,0,0,3,3,67,0,8,12,2016,5,5,10,1,1,1,1,1,I-5,,143,38.46002222,-121.494777780000,0,12,6,0,1,1,0,1,2,2,5,2,0,0000000,99,99,99,99,88,88,19,0,0,1,0
6,62205,2,2,0,0,0,3,3,29,9999,7,11,2016,2,15,10,0,1,2,1,3,SR-43,SEVENTH STANDARD RD,122,35.44159167,-119.251822220000,0,12,6,0,2,98,0,1,1,1,0,1,0,0000000,99,99,99,99,99,99,0,0,0,1,1
6,62206,3,3,0,0,0,10,10,37,0,18,10,2016,3,15,25,0,1,3,2,4,CR-ALAMEDA ST,FIRESTONE BLVD,0,33.95774722,-118.231011110000,0,12,7,0,2,2,0,1,1,1,0,1,0,0000000,99,99,99,99,99,99,0,0,0,1,0
6,62207,2,2,0,0,0,3,3,37,9999,1,12,2016,5,21,15,0,1,3,2,4,CR-SIERRA HIGHWAY,,0,34.44821111,-118.425150000000,0,12,1,0,1,1,0,1,3,1,0,1,0,0000000,99,99,99,99,99,99,0,0,0,1,1
6,62208,1,1,0,1,1,1,1,77,9999,20,12,2016,3,17,42,0,1,4,2,4,CR-BENJAMIN HOLT DR,,0,38.01069444,-121.321908330000,0,8,0,0,1,1,0,1,3,1,0,1,0,0000000,99,99,99,99,88,88,0,0,0,1,0
6,62209,2,2,0,0,0,2,2,65,0,5,12,2016,2,7,14,0,1,5,2,4,CR-SAGE ROAD,,0,33.65736944,-116.944850000000,0,12,2,0,1,1,0,1,1,1,0,1,0,0000000,99,99,99,99,99,99,0,0,0,1,1
6,62210,1,1,0,0,0,1,1,15,0,3,10,2016,2,99,99,9,8,98,98,9,US-199,,99999,41.81529722,-124.042130560000,9,18,0,0,1,1,1,1,5,10,0,10,0,0000000,99,99,99,99,88,88,0,0,0,1,0
6,62211,1,1,0,0,0,1,1,61,3110,11,12,2016,1,1,30,1,2,1,1,1,I-80 RAMP,,1,38.72461667,-121.289908330000,0,33,0,1,5,1,0,4,3,10,0,10,0,0000000,99,99,99,99,88,88,0,0,0,1,0
6,62212,1,1,0,0,0,1,1,37,1980,13,11,2016,1,4,20,1,2,1,1,1,I-110,,96,33.86888333,-118.285169440000,0,30,0,0,1,1,0,4,3,1,0,1,0,0000000,99,99,99,99,88,88,0,0,0,1,0
6,62213,2,2,0,0,0,3,3,111,0,29,10,2016,7,1,55,0,1,4,2,4,CR-HARBOR BL,,0,34.23509167,-119.256475000000,0,12,2,0,1,1,0,1,2,1,0,1,0,0000000,99,99,99,99,99,99,0,0,0,2,1
6,62214,1,1,0,0,0,1,1,113,0,3,12,2016,7,4,34,0,1,5,2,4,CR-OLD RIVER RD,,0,38.64281667,-121.584777780000,0,1,0,0,1,1,0,1,2,1,0,1,0,0000000,99,99,99,99,99,99,0,0,0,1,1
6,62215,2,2,0,0,0,2,2,101,0,19,12,2016,2,4,37,1,1,1,1,1,SR-20,,70,39.14947222,-121.791475000000,0,12,2,0,1,1,0,1,2,1,0,1,0,0000000,99,99,99,99,99,99,0,0,0,1,0
6,62216,3,3,0,0,0,3,3,37,0,5,12,2016,2,6,25,0,1,4,2,4,CR-AVENUE O,152ND ST E,0,34.61641944,-117.858005560000,0,12,1,0,3,3,0,1,4,10,0,10,0,0000000,99,99,99,99,99,99,0,0,0,1,0
6,62217,1,1,0,0,0,1,1,87,0,14,10,2016,6,17,32,0,2,3,1,3,SR-9,,172,37.18075833,-122.140933330000,0,42,0,0,1,1,0,4,5,2,0,2,0,0000000,99,99,99,99,88,88,0,0,0,1,0
6,62218,2,1,1,1,1,1,1,1,2480,8,12,2016,5,18,24,1,2,1,1,1,I-880,,322,37.80223889,-122.284391670000,0,8,0,0,1,1,0,3,3,10,2,2,0,0000000,99,99,99,99,99,99,14,23,0,1,0
6,62219,1,1,0,0,0,1,1,107,0,7,12,2016,4,15,58,0,1,2,1,3,SR-216,,111,36.40897222,-119.149611110000,0,42,0,0,1,1,0,4,1,10,0,10,0,0000000,99,99,99,99,88,88,0,0,0,1,0
6,62220,2,2,0,0,0,2,2,111,0,8,10,2016,7,19,50,0,1,3,1,3,SR-33,CREEK RD,0,34.38566667,-119.302141670000,0,12,6,0,2,3,0,1,2,1,0,1,0,0000000,99,99,99,99,99,99,0,0,0,1,0
6,62221,1,1,0,0,0,2,2,111,9999,29,10,2016,7,14,45,0,1,2,1,3,SR-150,,20,34.39293889,-119.425055560000,0,24,0,0,1,1,0,4,1,10,0,10,0,0000000,99,99,99,99,99,99,0,0,0,1,0
6,62222,1,1,0,0,0,1,1,37,1980,26,10,2016,4,18,30,1,2,2,1,3,SR-118 RAMP,,122,34.27095000,-118.429869440000,0,25,0,0,5,1,0,4,5,1,0,1,0,0000000,99,99,99,99,88,88,0,0,0,1,0
6,62223,1,1,0,0,0,1,1,71,0,19,12,2016,2,23,58,1,1,1,1,2,US-395,,231,34.67992500,-117.446450000000,0,1,0,0,1,1,0,4,2,1,0,1,0,0000000,99,99,99,99,88,88,0,0,0,1,0
6,62224,2,2,0,0,0,2,2,71,9999,2,12,2016,6,6,10,0,1,5,2,4,CR-LEAR AVENUE,,0,34.18204722,-116.150550000000,0,12,2,0,1,1,0,1,2,1,0,1,0,0000000,99,99,99,99,99,99,0,0,0,1,0
6,62225,1,1,0,0,0,1,1,67,0,10,12,2016,7,1,12,0,1,3,2,4,CR-FAIR OAKS BOULEVARD,,0,38.57618056,-121.375750000000,0,42,0,0,1,1,0,4,3,2,10,2,0,0000000,99,99,99,99,88,88,0,0,0,1,1
6,62226,1,1,0,0,0,1,1,37,2870,19,11,2016,7,22,49,1,2,2,1,3,SR-60 RAMP,,41,34.02701389,-117.752947220000,0,33,0,1,5,1,0,8,3,1,0,1,0,0000000,99,99,99,99,88,88,0,0,0,1,0
6,62227,1,1,0,0,0,1,1,111,0,11,12,2016,1,16,36,0,1,2,1,3,SR-1,,22,34.06124444,-118.979025000000,0,58,0,0,1,1,0,4,5,10,0,10,0,0000000,99,99,99,99,88,88,0,0,0,1,0
6,62228,2,2,0,0,0,3,3,59,80,28,11,2016,2,7,8,0,1,4,2,4,CR-GILBERT STREET,KATELLA AVE,0,33.80309444,-117.967647220000,0,12,6,0,2,2,0,1,1,10,0,10,0,0000000,99,99,99,99,99,99,0,0,0,1,0
6,62229,2,2,0,1,1,1,1,71,3210,29,10,2016,7,2,22,1,2,2,1,3,SR-210,,248,34.14473056,-117.267938890000,0,24,0,0,1,1,0,3,3,1,0,1,0,0000000,99,99,99,99,99,98,19,23,0,1,0
6,62230,4,4,0,0,0,9,9,39,0,14,12,2016,4,14,50,1,1,2,1,3,SR-41,,137,37.06899444,-119.766197220000,0,12,8,0,1,1,0,1,1,1,0,1,0,0000000,14,52,99,99,99,99,0,0,0,1,0
6,62231,1,1,0,0,0,1,1,33,0,1,10,2016,7,11,5,0,1,2,1,3,SR-20,,153,39.11164167,-122.819455560000,0,59,0,0,1,1,0,4,1,1,0,1,0,0000000,99,99,99,99,88,88,0,0,0,1,0
6,62232,1,1,0,1,1,1,1,67,0,21,11,2016,2,16,22,0,1,3,2,4,CR-MARCONI AVENUE,,0,77.77770000,777.777700000000,0,8,0,0,1,1,0,1,1,1,0,1,0,0000000,99,99,99,99,99,99,0,0,0,1,0
6,62233,2,2,0,0,0,3,3,67,0,28,8,2016,1,22,50,1,1,2,1,3,SR-99,,341,38.69199722,-121.540300000000,0,12,2,0,1,1,0,1,2,1,0,1,0,0000000,99,99,99,99,99,99,0,0,0,2,1
6,62234,2,2,0,0,0,2,2,39,9999,30,11,2016,4,2,6,1,1,2,1,3,SR-99,,226,37.08401111,-120.208761110000,0,12,2,0,1,1,0,1,2,1,0,1,0,0000000,99,99,99,99,88,88,0,0,0,1,1
6,62235,2,2,0,0,0,3,3,37,0,25,9,2016,1,18,35,1,2,1,1,1,I-10,,399,34.06826667,-117.850061110000,0,12,1,0,1,1,1,1,5,1,0,1,0,0000000,99,99,99,99,99,99,0,0,0,1,0
6,62236,1,1,0,1,1,1,1,37,2870,23,11,2016,4,2,35,1,2,1,1,1,I-10,,419,34.06370556,-117.815375000000,0,8,0,0,1,1,1,1,2,10,0,10,0,0000000,99,99,99,99,88,88,0,0,0,1,0
6,62237,1,1,0,0,0,2,2,83,0,21,9,2016,4,6,18,0,1,2,1,3,SR-246,PURISMA ROAD,122,34.66468056,-120.407647220000,0,33,0,0,3,5,0,4,2,5,0,5,0,0000000,99,99,99,99,99,99,0,0,0,1,0
6,62238,1,1,0,0,0,2,2,37,2060,25,1,2016,2,22,55,0,2,4,4,6,ARDMORE AVE,19TH ST,0,33.89120278,-118.409397220000,0,39,0,0,3,3,0,4,3,1,0,1,0,0000000,99,99,99,99,99,99,0,0,0,2,1
6,62239,1,1,0,0,0,2,2,71,4291,11,2,2016,5,19,28,0,2,4,4,6,YUCCA TRAIL,,0,34.12055833,-116.373011110000,0,1,0,0,1,1,0,4,2,1,0,1,0,0000000,99,99,99,99,99,99,0,0,0,1,0
6,62240,4,4,0,0,0,8,8,19,0,27,12,2016,3,12,49,1,1,1,1,1,I-5,,595,36.77068056,-120.719188890000,0,12,1,0,1,1,0,1,1,1,0,1,0,0000000,99,99,99,99,88,88,27,0,0,1,0
6,62241,1,1,0,0,0,4,4,73,9999,24,12,2016,7,10,30,0,1,5,2,1,GREAT SOUTHERN OVERLAND STAGE,,0,33.02655278,-116.415988890000,0,1,0,0,1,1,0,2,1,10,0,10,0,0000000,99,99,99,99,99,99,0,0,0,2,0
6,62242,1,1,0,0,0,1,1,81,3390,16,12,2016,6,99,99,1,2,2,1,2,US-101,,122,37.55274722,-122.293588890000,0,25,0,0,5,1,0,4,3,1,0,1,0,0000000,99,99,99,99,88,88,0,0,0,1,1
6,62243,2,2,0,0,0,2,2,73,3260,17,11,2016,5,23,22,1,2,1,1,1,I-805,,238,32.84834444,-117.178402780000,0,24,0,0,1,1,0,4,2,1,0,1,0,0000000,99,99,99,99,99,99,0,0,0,1,1
6,62244,1,1,0,0,0,2,2,93,0,30,10,2016,1,8,20,1,1,1,1,1,I-5,,402,41.65914167,-122.569413890000,0,24,0,0,1,1,0,3,1,10,2,2,0,0000000,99,99,99,99,99,99,0,0,0,1,0
6,62245,1,1,0,0,0,1,1,33,1800,31,10,2016,2,0,0,1,2,2,1,3,SR-29,,417,39.03467222,-122.924788890000,0,1,0,1,19,1,0,4,2,2,0,2,0,0000000,99,99,99,99,88,88,0,0,0,1,1
6,62246,1,1,0,0,0,2,2,47,0,7,5,2016,7,11,49,1,2,2,1,3,SR-99,,117,37.27473056,-120.437450000000,0,21,0,0,1,1,0,4,1,10,0,10,0,0000000,99,99,99,99,99,99,0,0,0,1,0
6,62247,2,1,1,0,1,1,2,107,4050,13,11,2016,1,0,15,1,2,2,1,3,SR-198,,118,36.32761944,-119.260533330000,0,14,0,1,19,1,0,4,2,1,0,1,0,0000000,99,99,99,99,99,99,0,0,0,1,1
6,62248,2,2,0,0,0,2,2,37,0,24,8,2016,4,5,25,1,1,2,1,3,SR-126,,2,34.40655000,-118.687961110000,0,12,1,0,1,1,0,1,2,1,0,1,0,0000000,99,99,99,99,88,88,14,0,0,1,0
6,62249,4,4,0,0,0,7,7,65,0,23,12,2016,6,9,48,0,2,5,4,6,DOMENIGONI PARKWAY,SR-79,0,33.69615833,-117.084500000000,0,33,0,0,3,2,0,3,1,2,10,2,0,0000000,99,99,99,99,99,99,0,0,0,2,0
6,62250,4,4,0,0,0,5,5,59,3250,17,12,2016,7,13,14,1,1,1,1,1,I-5,,135,33.55303056,-117.672800000000,0,54,11,0,1,1,0,1,1,1,0,1,0,0000000,99,99,99,99,99,99,14,0,0,1,0
6,62251,1,1,0,1,1,2,2,87,0,7,8,2016,1,21,25,0,1,2,1,3,SR-1,,296,37.01902778,-122.206077780000,0,8,0,0,1,1,0,1,2,10,0,10,0,0000000,99,99,99,99,88,88,0,0,0,1,0
6,62252,1,1,0,0,0,1,1,59,3250,15,3,2016,3,12,50,0,2,5,4,6,CALLE DEL CERRO,,0,33.44266944,-117.609313890000,0,33,0,0,1,1,0,3,1,1,0,1,0,0000000,99,99,99,99,88,88,0,0,0,1,0
6,62253,1,1,0,0,0,1,1,37,1700,3,4,2016,1,3,47,0,2,3,4,6,IMPERIAL HIGHWAY,,0,33.93098889,-118.320688890000,0,33,0,0,1,1,0,3,3,1,0,1,0,0000000,99,99,99,99,88,88,0,0,0,1,0
6,62254,1,1,0,1,1,1,1,65,1003,16,4,2016,7,4,44,0,2,3,4,6,PALM DR,PAUL RD,0,33.88305000,-116.501858330000,0,8,0,0,2,2,0,1,3,1,0,1,0,0000000,99,99,99,99,99,99,0,0,0,1,0
6,62255,1,1,0,1,1,1,1,65,2646,15,2,2016,2,20,15,0,2,3,4,6,HWY 111,,0,33.72141389,-116.390161110000,0,8,0,0,1,1,0,1,2,1,0,1,0,0000000,99,99,99,99,99,99,0,0,0,1,0
6,62256,1,1,0,0,0,1,1,61,9999,23,12,2016,6,21,40,0,1,5,2,4,PLACER HILLS RD,,0,77.77770000,777.777700000000,0,38,0,0,1,1,0,4,2,10,0,10,0,0000000,99,99,99,99,88,88,0,0,0,1,1
6,62257,2,2,0,0,0,5,5,63,0,24,12,2016,7,12,22,0,1,4,1,3,SR-70,,360,40.02181111,-120.961919440000,0,12,2,0,1,1,0,1,1,10,0,10,0,0000000,99,99,99,99,99,99,0,0,0,1,0
6,62258,1,1,0,1,1,2,2,37,0,3,11,2016,5,20,12,0,1,4,2,4,CR-WILMINGTON AVE,,0,33.92650000,-118.239100000000,0,8,0,0,1,1,0,1,3,1,0,1,0,0000000,99,99,99,99,99,99,0,0,0,1,0
6,62259,1,1,0,0,0,1,1,61,0,20,11,2016,1,12,15,0,1,5,2,4,CR-FORESTHILL ROAD,,0,38.97842778,-120.941788890000,0,42,0,0,1,1,0,4,1,10,0,10,0,0000000,99,99,99,99,99,99,0,0,0,1,0