STATE,ST_CASE,VE_TOTAL,VE_FORMS,PVH_INVL,PEDS,PERNOTMVIT,PERMVIT,PERSONS,COUNTY,CITY,DAY,MONTH,YEAR,DAY_WEEK,HOUR,MINUTE,NHS,RUR_URB,FUNC_SYS,RD_OWNER,ROUTE,TWAY_ID,TWAY_ID2,MILEPT,LATITUDE,LONGITUD,SP_JUR,HARM_EV,MAN_COLL,RELJCT1,RELJCT2,TYP_INT,WRK_ZONE,REL_ROAD,LGT_COND,WEATHER1,WEATHER2,WEATHER,SCH_BUS,RAIL,NOT_HOUR,NOT_MIN,ARR_HOUR,ARR_MIN,HOSP_HR,HOSP_MN,CF1,CF2,CF3,FATALS,DRUNK_DR
6,62260,1,1,0,0,0,1,1,13,0,18,10,2016,3,15,43,1,2,1,1,1,I-80 RAMP,,135,38.05410556,-122.227669440000,0,25,0,0,5,1,0,4,1,1,0,1,0,0000000,99,99,99,99,88,88,0,0,0,1,0
6,62261,2,2,0,0,0,2,2,99,0,28,12,2016,4,23,35,0,1,2,1,3,SR-33,,251,37.60787222,-121.263036110000,0,12,2,0,1,1,0,1,2,1,0,1,0,0000000,99,99,99,99,88,88,0,0,0,1,1
6,62262,3,3,0,0,0,5,5,37,1110,6,10,2016,5,17,30,1,2,1,1,1,I-10,,282,34.07186389,-118.050558330000,0,12,7,0,1,1,0,1,1,1,0,1,0,0000000,99,99,99,99,99,99,0,0,0,1,0
6,62263,1,1,0,1,1,1,1,37,0,30,12,2016,6,12,12,0,1,3,2,4,CR-HACIENDA BLVD,CR-HALLIBURTON RD,0,33.99722500,-117.967713890000,0,15,0,0,3,3,0,1,1,10,0,10,0,0000000,99,99,99,99,88,88,0,0,0,1,0
6,62264,2,2,0,0,0,3,3,71,0,22,12,2016,5,12,38,1,1,1,1,2,US-95,,620,34.93181944,-114.793988890000,0,12,2,0,1,1,0,2,1,2,0,2,0,0000000,99,99,99,99,88,88,0,0,0,3,0
6,62265,1,1,0,0,0,1,1,67,3150,17,12,2016,7,17,24,1,2,1,1,1,I-5,,289,38.65416389,-121.532450000000,0,38,0,0,1,1,0,4,3,1,0,1,0,0000000,99,99,99,99,88,88,0,0,0,1,0
6,62266,2,2,0,0,0,3,3,33,9999,8,11,2016,3,12,17,9,8,98,98,9,SR-20,,99999,38.98926111,-122.541688890000,9,12,2,0,1,1,0,1,1,1,0,1,0,0000000,99,99,99,99,99,99,0,0,0,1,0
6,62267,1,1,0,1,1,1,1,33,9999,12,11,2016,7,17,20,0,1,2,1,3,SR-20,POMO WAY,112,39.14153333,-122.882886110000,0,8,0,0,2,3,0,1,5,10,0,10,0,0000000,99,99,99,99,88,88,0,0,0,1,0
6,62268,1,1,0,0,0,1,1,77,9999,13,12,2016,3,22,10,0,1,3,2,4,CR-WEST LN,,0,38.24700000,-121.174300000000,0,42,0,0,1,1,0,4,2,10,0,10,0,0000000,99,99,99,99,88,88,0,0,0,1,1
6,62269,2,1,1,2,2,2,2,107,0,1,7,2016,6,9,28,1,1,2,1,3,SR-198,,176,36.32631111,-119.155730560000,0,14,0,0,1,1,0,2,1,1,0,1,0,0000000,99,99,99,99,99,99,15,0,0,1,0
6,62270,1,1,0,0,0,1,1,107,0,19,11,2016,7,99,99,0,1,5,2,4,CR-ROAD 88,,0,36.50321944,-119.376741670000,0,42,0,0,1,1,0,4,2,1,0,1,0,0000000,99,99,99,99,88,88,0,0,0,1,1
6,62271,2,2,0,1,1,1,1,37,804,6,7,2016,4,4,28,1,2,1,1,1,I-5,,110,33.98823056,-118.138011110000,0,8,0,0,1,1,0,1,3,10,0,10,0,0000000,99,99,99,99,88,88,14,23,0,1,0
6,62272,4,4,0,0,0,10,10,65,3070,16,7,2016,7,14,2,1,2,2,1,3,SR-91 RAMP,,215,33.99081111,-117.359011110000,0,12,1,0,1,1,0,1,1,1,0,1,0,0000000,99,99,99,99,88,88,14,20,0,1,1
6,62273,1,1,0,1,1,1,1,53,3180,26,3,2016,7,4,27,0,2,4,4,6,E MARKET ST,,0,36.67732500,-121.639580560000,0,8,0,0,1,1,0,1,3,1,0,1,0,0000000,99,99,99,99,88,88,0,0,0,1,0
6,62274,1,1,0,0,0,1,1,65,2935,27,2,2016,7,17,34,0,2,3,4,6,HIGHWAY 111,,0,33.75062500,-116.427091670000,0,33,0,0,1,1,0,4,3,1,0,1,0,0000000,99,99,99,99,88,88,0,0,0,1,0
6,62275,1,1,0,0,0,1,1,37,4124,28,4,2016,5,4,20,0,2,3,4,6,SUNSET BLVD,,0,34.09063056,-118.383880560000,0,33,0,0,1,1,0,4,3,1,0,1,0,0000000,99,99,99,99,88,88,0,0,0,1,0
6,62276,1,1,0,1,1,1,1,59,80,12,3,2016,7,20,46,0,2,3,4,6,S MAGNOLIA DR,,0,33.81727778,-117.975822220000,0,8,0,0,1,1,0,1,2,1,0,1,0,0000000,99,99,99,99,99,99,0,0,0,1,1
6,62277,1,1,0,0,0,3,3,41,0,18,10,2016,3,0,6,0,1,5,2,4,CR-SIR FRANCIS DRAKE BLVD,,0,38.04507222,-122.750283330000,0,31,0,0,1,1,0,4,2,1,0,1,0,0000000,99,99,99,99,88,88,0,0,0,3,0
6,62278,2,1,1,0,0,1,1,13,975,19,12,2016,2,3,24,1,2,1,1,1,I-680,,90,37.83720000,-122.013200000000,0,14,0,0,1,1,0,2,3,1,0,1,0,0000000,99,99,99,99,99,99,0,0,0,1,0
6,62279,1,1,0,0,0,2,2,37,0,23,12,2016,6,3,40,1,2,2,1,3,SR-60,,50,34.03331111,-118.145130560000,0,24,0,0,1,1,0,4,2,10,0,10,0,0000000,99,99,99,99,99,99,0,0,0,1,1
6,62281,1,1,0,0,0,1,1,73,0,6,12,2016,3,20,55,1,2,2,1,3,SR-125 RAMP,,89,32.69174167,-117.015527780000,0,33,0,1,5,1,0,4,3,1,0,1,0,0000000,99,99,99,99,99,99,0,0,0,1,0
6,62282,2,2,0,0,0,2,2,59,3960,13,12,2016,3,22,33,1,2,2,1,3,SR-55,,118,33.76083889,-117.830769440000,0,12,7,0,1,1,0,1,3,1,0,1,0,0000000,99,99,99,99,99,99,0,0,0,1,0
6,62283,3,3,0,0,0,3,3,59,0,18,7,2016,2,17,3,0,1,3,2,4,CR-SANTIAGO CANYON ROAD,,0,33.73781944,-117.660750000000,0,12,2,0,1,1,0,1,1,1,0,1,0,0000000,99,99,99,99,88,88,0,0,0,1,0
6,62284,1,1,0,0,0,1,1,37,804,21,4,2016,5,12,16,0,2,3,4,6,WASHINGTON BLVD,,0,34.00034722,-118.134772220000,0,33,0,0,1,1,0,4,1,1,0,1,0,0000000,99,99,99,99,99,99,0,0,0,1,0
6,62285,1,1,0,1,1,1,1,37,3853,16,4,2016,7,19,58,0,2,5,4,6,GOLDEN WEST AVE,,0,34.11674444,-118.058452780000,0,8,0,0,1,1,0,1,3,1,0,1,0,0000000,99,99,99,99,99,99,0,0,0,1,0
6,62286,2,2,0,0,0,2,2,37,1440,18,5,2016,4,8,20,0,2,4,4,6,SUNFLOWER AVE,,0,34.11025278,-117.846372220000,0,12,2,0,1,1,0,1,1,1,0,1,0,0000000,99,99,99,99,88,88,0,0,0,1,0
6,62287,4,4,0,0,0,5,5,65,0,11,5,2016,4,11,12,1,1,1,1,1,I-10,,203,33.92053333,-116.758050000000,0,12,1,0,1,1,0,1,1,1,0,1,0,0000000,99,99,99,99,99,99,0,0,0,1,0
6,62288,2,2,0,0,0,3,3,61,0,15,12,2016,5,13,15,0,1,2,1,3,SR-49,,81,38.96601389,-121.104325000000,0,12,6,0,1,1,0,1,1,2,10,2,0,0000000,99,99,99,99,88,88,0,0,0,2,0
6,62289,1,1,0,0,0,2,2,13,0,30,12,2016,6,9,57,1,1,2,1,3,SR-4 RAMP,,130,37.99355000,-122.071558330000,0,25,0,1,5,1,0,8,1,1,0,1,0,0000000,99,99,99,99,99,99,0,0,0,2,0
6,62290,1,1,0,1,1,1,1,73,3260,9,10,2016,1,3,19,1,2,1,1,1,I-8,,85,32.77925833,-117.062966670000,0,8,0,0,1,1,0,1,2,1,0,1,0,0000000,99,99,99,99,88,88,0,0,0,1,0
6,62291,1,1,0,0,0,1,1,73,3260,13,12,2016,3,99,99,1,2,1,1,1,I-805,,21,32.57280278,-117.040494440000,0,59,0,0,1,1,0,8,3,1,0,1,0,0000000,99,98,99,98,88,88,18,0,0,1,0
6,62292,2,2,0,0,0,2,2,111,0,23,9,2016,6,23,24,1,1,2,1,2,US-101,,321,34.28618056,-119.324100000000,0,12,2,0,1,1,0,1,2,1,0,1,0,0000000,99,99,99,99,99,99,0,0,0,1,0
6,62293,2,1,1,0,0,1,1,99,2200,17,6,2016,6,12,48,0,2,3,4,6,W HATCH RD,,0,37.60693611,-121.009963890000,0,14,0,0,1,1,0,4,1,1,0,1,0,0000000,99,99,99,99,99,99,0,0,0,1,0
6,62294,2,2,0,1,1,1,1,99,9999,30,11,2016,4,5,42,0,1,5,2,4,CR-MONTPELIER ROAD,CR-MONTE VISTA AVENUE,0,37.52087778,-120.683830560000,0,12,6,0,2,2,0,1,2,10,5,5,0,0000000,99,99,99,99,88,88,19,23,0,1,0
6,62295,4,2,2,1,1,4,4,37,0,18,10,2016,3,7,30,0,1,7,2,4,CR-81ST ST,CROCKETT BL,0,33.96517778,-118.236950000000,0,12,6,0,2,2,0,1,1,1,0,1,0,0000000,99,99,99,99,99,99,14,0,0,1,0
6,62296,1,1,0,0,0,2,2,53,9999,5,11,2016,7,5,10,1,1,1,1,2,US-101,,730,36.52467778,-121.467033330000,0,52,0,0,1,1,1,4,2,1,0,1,0,0000000,99,99,99,99,99,99,0,0,0,2,1
6,62297,2,2,0,0,0,2,2,37,1970,20,6,2016,2,21,55,0,2,3,4,6,7TH STREET,NEWPORT AVE,0,33.77532778,-118.151355560000,0,12,6,0,2,2,0,1,3,1,0,1,0,0000000,99,99,99,99,88,88,0,0,0,1,1
6,62298,2,2,0,0,0,4,4,65,526,28,6,2016,3,15,8,0,2,5,4,6,SAN TIMOTEO CANYON RD,,0,33.96731111,-117.074952780000,0,12,2,0,1,1,0,1,1,1,0,1,0,0000000,99,99,99,99,99,99,0,0,0,1,1
6,62299,1,1,0,0,0,2,2,19,0,16,12,2016,6,5,10,1,1,1,1,1,I-5,,215,36.34918056,-120.316383330000,0,33,0,0,1,1,0,4,2,6,0,6,0,0000000,99,99,99,99,99,99,0,0,0,1,0
6,62300,2,2,0,0,0,4,4,19,9999,4,12,2016,1,20,30,0,1,2,1,3,SR-180,,266,36.73292500,-120.340961110000,0,12,2,0,1,1,0,1,2,10,0,10,0,0000000,99,99,99,99,99,99,0,0,0,1,1
6,62301,2,2,0,0,0,2,2,87,0,26,10,2016,4,18,30,0,1,2,1,3,SR-1,,358,37.08826944,-122.272780560000,0,12,2,0,1,1,0,1,2,1,0,1,0,0000000,99,99,99,99,88,88,0,0,0,1,1
6,62302,2,2,0,0,0,2,2,37,0,17,11,2016,5,20,45,1,1,3,1,3,SR-2,,273,34.23007778,-118.181927780000,0,12,2,0,1,1,0,1,2,10,0,10,0,0000000,99,99,99,99,99,99,0,0,0,1,0
6,62303,2,2,0,0,0,3,3,107,0,23,12,2016,6,20,13,0,2,4,4,6,ROAD 80,,0,36.48438056,-119.394150000000,0,12,6,0,1,1,0,1,2,2,0,2,0,0000000,99,99,99,99,99,99,0,0,0,1,0
6,62304,2,2,0,0,0,4,4,37,0,17,9,2016,7,5,3,0,1,4,2,4,CR-MINES BLVD,DUCHESS DR,0,33.97865833,-118.066138890000,0,12,2,0,3,2,0,1,3,1,0,1,0,0000000,99,99,99,99,99,99,0,0,0,1,2
6,62305,1,1,0,0,0,2,2,37,1980,5,3,2016,7,4,0,1,2,2,1,3,SR-170,,182,34.19974722,-118.403383330000,0,33,0,0,1,1,0,4,2,10,0,10,0,0000000,99,99,99,99,99,99,0,0,0,1,0
6,62306,3,3,0,0,0,3,3,83,600,28,9,2016,4,7,38,1,2,2,1,2,US-101,,43,34.40369722,-119.528125000000,0,12,7,0,1,1,0,1,1,1,0,1,0,0000000,99,99,99,99,88,88,0,0,0,1,0
6,62307,1,1,0,1,1,2,2,37,602,18,5,2016,4,20,41,0,2,3,4,6,223RD ST,DOLORES ST,0,33.82419722,-118.272325000000,0,8,0,0,3,2,0,1,3,1,0,1,0,0000000,99,99,99,99,99,99,0,0,0,1,0
6,62308,1,1,0,1,1,1,1,37,2700,18,5,2016,4,21,48,0,2,4,4,6,WASHINGTON BLVD,,0,34.16898056,-118.133544440000,0,8,0,0,1,1,0,1,3,1,0,1,0,0000000,99,99,99,99,88,88,0,0,0,1,0
6,62309,1,1,0,0,0,2,2,37,2870,15,4,2016,6,2,59,0,2,5,4,6,VAL VISTA ST,,0,34.07216111,-117.762902780000,0,33,0,0,1,1,0,4,3,1,0,1,0,0000000,99,99,99,99,99,99,20,0,0,1,1
6,62310,2,2,0,0,0,2,2,73,4060,9,6,2016,5,9,40,0,2,4,4,6,W BOBIER DR,DORSEY WY,0,33.22111389,-117.248613890000,0,12,6,0,2,3,0,1,1,1,0,1,0,0000000,99,99,99,99,99,99,0,0,0,1,0
6,62311,2,2,0,0,0,3,3,37,930,8,6,2016,4,20,27,0,2,4,4,6,CENTINELA AVE,,0,33.97707500,-118.386486110000,0,12,6,0,8,1,0,1,3,1,0,1,0,0000000,99,99,99,99,99,99,0,0,0,1,1
6,62312,1,1,0,0,0,1,1,37,1980,19,7,2016,3,2,45,1,2,1,1,1,I-5,,440,34.31364722,-118.488341670000,0,33,0,0,1,1,0,4,3,1,0,1,0,0000000,99,99,99,99,88,88,0,0,0,1,0
6,62313,2,2,0,0,0,4,4,29,0,4,12,2016,1,13,28,0,1,3,2,4,CR-SOUTH UNION AVE,CR-EAST WHITE LANE,0,35.31768611,-119.002980560000,0,12,6,0,2,2,0,1,1,1,0,1,0,0000000,99,99,99,99,99,99,0,0,0,1,0
6,62314,3,3,0,0,0,4,4,37,9999,15,12,2016,5,19,28,0,1,3,2,4,CR-SIERRA HIGHWAY,`,0,34.45313056,-118.421100000000,0,12,2,0,1,1,0,1,2,2,10,2,0,0000000,99,99,99,99,99,99,0,0,0,1,0
6,62315,2,2,0,0,0,6,6,25,0,21,12,2016,4,18,12,0,8,98,98,3,SR-86,SR-78,92,32.99925000,-115.589180560000,0,12,6,0,2,2,0,1,2,2,0,2,0,0000000,99,99,99,99,99,99,0,0,0,1,0
6,62316,2,2,0,0,0,4,4,111,0,5,7,2016,3,0,43,1,1,2,1,3,SR-126,,259,34.40082778,-118.837238890000,0,12,7,0,1,1,0,1,2,1,0,1,0,0000000,99,99,99,99,88,88,0,0,0,1,0
6,62317,1,1,0,1,1,1,1,41,3410,9,6,2016,5,13,13,0,2,3,4,6,3RD ST,HETHERTON ST,0,37.97141944,-122.522230560000,0,8,0,0,3,2,0,1,1,1,0,1,0,0000000,99,99,99,99,88,88,0,0,0,1,0
6,62318,1,1,0,0,0,1,1,1,2480,26,1,2016,3,13,30,0,2,7,4,6,SAGE RD,,0,37.76720278,-122.138419440000,0,38,0,0,8,1,0,4,1,1,0,1,0,0000000,99,99,99,99,99,99,0,0,0,1,0
6,62319,1,1,0,1,1,1,1,13,3010,28,1,2016,5,14,22,0,2,7,4,6,BECK ST,,0,37.92706111,-122.336869440000,0,8,0,0,4,1,0,1,1,1,0,1,0,0000000,99,99,99,99,88,88,0,0,0,1,0
6,62320,1,1,0,1,1,1,1,67,712,24,4,2016,1,21,48,0,2,4,4,6,OLD AUBURN,,0,38.70418333,-121.271200000000,0,8,0,0,1,1,0,1,3,1,0,1,0,0000000,99,99,99,99,88,88,0,0,0,1,0
6,62321,1,1,0,0,0,1,1,37,0,31,8,2016,4,10,58,0,1,5,2,4,CR-SAND CANYON RD,,0,34.44213889,-118.419066670000,0,1,0,0,1,1,0,4,1,1,0,1,0,0000000,99,99,99,99,99,99,0,0,0,1,0
6,62322,2,1,1,0,4,1,5,13,3412,9,9,2016,6,18,20,1,2,1,1,1,I-680,,13,37.73691111,-121.950361110000,0,14,0,0,1,1,0,2,1,1,0,1,0,0000000,99,99,99,99,99,99,23,0,0,1,0
6,62323,1,1,0,1,1,1,1,67,9999,19,11,2016,7,17,45,0,8,98,98,4,CR-47TH AVENUE,,99999,38.51052500,-121.446677780000,0,9,0,0,1,1,0,1,2,10,2,2,0,0000000,99,99,99,99,99,99,0,0,0,1,0
6,62324,1,1,0,2,2,2,2,77,0,8,12,2016,5,19,35,0,8,98,98,7,SR-99 WEST FRONTAGE ROAD,,0,38.01605833,-121.258494440000,0,9,0,0,1,1,0,1,2,10,0,10,0,0000000,99,99,99,99,88,88,16,0,0,3,0
6,62325,1,1,0,0,0,1,1,85,0,7,9,2016,4,13,14,1,2,2,1,2,US-101,,303,37.28449444,-121.809658330000,0,38,0,0,1,1,0,4,1,1,0,1,0,0000000,99,99,99,99,88,88,0,0,0,1,0
6,62326,1,1,0,0,0,2,2,37,0,27,5,2016,6,20,50,0,1,5,2,4,CR-MALIBU CANYON RD,,0,34.04734167,-118.692063890000,0,24,0,0,1,1,0,4,5,1,0,1,0,0000000,99,99,99,99,99,99,0,0,0,1,1
6,62327,3,3,0,0,0,7,7,13,2830,3,1,2016,1,20,5,1,2,1,1,1,I-680 RAMP,CONTRA COSTA BLVD,172,37.94130000,-122.060336110000,0,12,1,1,5,1,0,1,5,10,0,10,0,0000000,99,99,99,99,99,99,0,0,0,2,0
6,62328,1,1,0,1,1,1,1,81,3390,11,4,2016,2,1,37,0,2,3,1,3,SR-35,,253,37.62942222,-122.451802780000,0,8,0,0,1,1,0,1,3,1,0,1,0,0000000,99,99,99,99,88,88,0,0,0,1,0
6,62329,1,1,0,1,1,2,2,77,3770,11,6,2016,7,17,40,0,2,3,4,6,EL DORADO ST,,0,37.99011944,-121.302863890000,0,9,0,0,1,1,0,1,1,1,0,1,0,0000000,99,99,99,99,99,99,0,0,0,1,1
6,62330,1,1,0,0,0,4,4,65,0,20,10,2016,5,5,40,1,1,1,1,1,I-10,,911,33.66975000,-115.635261110000,0,43,0,0,1,1,1,4,2,1,0,1,0,0000000,99,99,99,99,99,99,0,0,0,1,0
6,62331,2,2,0,0,0,4,4,21,9999,26,10,2016,4,13,0,0,1,1,1,3,SR-162,,730,39.52160556,-122.081272220000,0,12,2,0,1,1,0,1,1,1,0,1,0,0000000,99,99,99,99,88,88,0,0,0,3,0
6,62332,1,1,0,0,0,1,1,111,0,18,9,2016,1,19,20,0,1,3,1,3,SR-23,,152,34.31058889,-118.879358330000,0,11,0,0,1,1,0,1,2,1,0,1,0,0000000,99,99,99,99,99,99,0,0,0,1,0
6,62333,2,2,0,0,0,2,2,109,0,14,10,2016,6,19,33,0,1,2,1,3,SR-132,,42,37.67930000,-120.358900000000,0,12,6,0,1,1,0,1,2,2,0,2,0,0000000,99,99,99,99,99,99,0,0,0,1,1
6,62334,1,1,0,0,0,2,2,55,0,15,10,2016,7,14,30,0,1,6,2,4,CR-BERRYESSA KNOXVILLE RD,,0,38.84402500,-122.376341670000,0,35,0,0,1,1,0,4,1,10,2,2,0,0000000,99,99,99,99,99,99,0,0,0,1,0
6,62335,5,5,0,0,0,8,8,37,804,9,7,2016,7,0,16,1,8,98,1,1,I-710 RAMP,,231,34.01560000,-118.172600000000,0,12,1,1,20,1,0,1,3,1,0,1,0,0000000,99,99,99,99,99,99,0,0,0,1,1
6,62336,1,1,0,0,0,1,1,37,0,10,12,2016,7,1,14,1,1,2,1,3,SR-14,,429,34.48706389,-118.286866670000,0,33,0,0,1,1,0,4,2,1,0,1,0,0000000,99,99,99,99,88,88,0,0,0,1,0
6,62337,2,2,0,0,0,3,3,65,0,17,11,2016,5,4,3,1,8,98,98,1,I-10,,900,33.66674167,-115.661150000000,0,12,6,0,1,1,0,1,2,6,0,6,0,0000000,99,99,99,99,88,88,14,0,0,1,0
6,62338,1,1,0,1,1,1,1,1,2480,8,11,2016,3,2,30,1,2,2,1,1,I-880,,272,37.76235000,-122.215655560000,0,8,0,0,1,1,0,1,3,1,0,1,0,0000000,99,99,99,99,88,88,0,0,0,1,0
6,62339,2,2,0,0,0,3,3,47,0,23,12,2016,6,16,44,1,2,2,1,3,SR-99,,40,37.19056667,-120.333850000000,0,12,6,0,1,1,0,1,2,10,2,2,0,0000000,99,99,99,99,99,99,0,0,0,1,0
6,62340,1,1,0,1,1,1,1,73,3260,30,10,2016,1,21,45,1,8,98,98,1,I-8,,99999,32.76680556,-117.148500000000,9,8,0,0,1,1,0,1,2,1,0,1,0,0000000,99,99,99,99,88,88,0,0,0,1,0
6,62341,3,3,0,2,2,3,3,67,0,5,11,2016,7,22,45,1,1,1,1,1,I-80,,114,38.65060000,-121.371400000000,0,12,7,0,1,1,0,1,2,1,0,1,0,0000000,99,99,99,99,99,99,23,0,0,1,0
6,62342,2,2,0,0,0,4,4,67,0,11,9,2016,1,21,55,0,1,3,2,4,CR-WATT AVE,,0,38.62096111,-121.382930560000,0,33,0,0,1,1,0,3,3,1,0,1,0,0000000,99,99,99,99,99,99,0,0,0,1,0
6,62343,2,2,0,0,0,2,2,55,0,3,11,2016,5,19,13,0,1,7,2,4,CR-VICHY AVE,,0,38.33142500,-122.252969440000,0,12,2,0,1,1,0,1,3,1,0,1,0,0000000,99,99,99,99,99,99,0,0,0,1,1
6,62344,1,1,0,1,1,2,2,65,0,10,11,2016,5,17,19,0,1,5,2,4,CR-HARRISON ST,CR-68TH AVE,0,33.54943889,-116.158730560000,0,8,0,0,1,1,0,1,2,1,0,1,0,0000000,99,99,99,99,88,88,0,0,0,1,0
6,62345,1,1,0,0,0,1,1,39,9999,24,12,2016,7,2,0,0,1,7,2,4,CR-39 1/2,,0,36.94133889,-119.830661110000,0,1,0,0,1,1,0,4,2,10,0,10,0,0000000,99,99,99,99,88,88,0,0,0,1,1
6,62346,1,1,0,0,0,1,1,71,0,30,12,2016,6,6,20,1,1,1,1,1,I-15,,1329,35.21981111,-116.109650000000,0,52,0,0,1,1,0,4,2,10,0,10,0,0000000,99,99,99,99,88,88,0,0,0,1,0
6,62347,2,2,0,1,1,2,2,95,4020,4,1,2016,2,18,23,0,2,3,4,6,SPRINGS RD,TREGASKIS AVE,0,38.10604722,-122.222800000000,0,8,0,0,3,2,0,1,3,1,0,1,0,0000000,99,99,99,99,99,99,14,0,0,1,0
6,62348,2,2,0,0,0,2,2,73,1080,13,2,2016,7,19,57,0,2,4,4,6,AVOCADO AVE,,0,32.77977222,-116.957961110000,0,12,6,0,8,1,0,1,5,1,0,1,0,0000000,99,99,99,99,99,99,0,0,0,1,0
6,62349,2,2,0,0,0,5,5,37,1980,4,3,2016,6,21,20,0,2,3,4,6,WINNETKA AV,OXNARD ST,0,34.18019444,-118.570983330000,0,12,2,0,2,2,0,1,5,1,0,1,0,0000000,99,99,99,99,99,99,0,0,0,1,0
6,62350,1,1,0,0,0,1,1,71,790,24,11,2016,5,3,3,1,2,1,1,1,I-10,,213,34.06861944,-117.346552780000,0,42,0,0,1,1,0,4,2,1,0,1,0,0000000,99,99,99,99,88,88,0,0,0,1,0
6,62351,2,2,0,0,0,3,3,107,9999,1,12,2016,5,17,20,1,8,98,98,3,SR-65,AVENUE 237,321,36.21970833,-119.136347220000,0,12,6,0,2,3,0,1,2,1,0,1,0,0000000,99,99,99,99,99,99,0,0,0,1,0
6,62352,1,1,0,0,0,1,1,85,9999,29,11,2016,3,0,45,1,1,1,1,2,US-101,,20,36.94278889,-121.552950000000,0,32,0,0,1,1,0,4,2,1,0,1,0,0000000,99,99,99,99,88,88,0,0,0,1,1
6,62353,2,2,0,1,1,1,1,13,1779,26,11,2016,7,23,12,1,2,1,1,3,SR-4,,90,77.77770000,777.777700000000,0,12,6,0,1,1,0,1,3,10,2,2,0,0000000,99,99,99,99,99,99,19,0,0,1,0
6,62354,2,2,0,0,0,7,7,71,9999,25,11,2016,6,12,55,1,8,98,98,3,SR-330,,380,34.18373611,-117.144166670000,0,12,6,0,1,1,0,1,1,1,0,1,0,0000000,99,99,99,99,99,99,0,0,0,1,0
6,62355,2,2,0,0,0,3,3,71,9999,26,11,2016,7,6,50,1,8,98,98,3,SR-58,,120,34.96331111,-117.445469440000,0,12,2,0,1,1,0,4,1,1,0,1,0,0000000,99,99,99,99,99,99,0,0,0,1,0
6,62356,1,1,0,1,1,1,1,37,3870,1,3,2016,3,2,15,0,2,3,1,3,SR-1,,170,33.81499722,-118.366000000000,0,8,0,0,1,1,0,1,3,1,0,1,0,0000000,99,99,99,99,99,99,0,0,0,1,0
6,62357,1,1,0,1,1,2,2,59,9997,10,3,2016,5,5,16,0,2,3,4,6,SANTIAGO CYN RD,FALCON ST,0,33.70108889,-117.640727780000,0,8,0,0,3,3,0,1,2,1,0,1,0,0000000,99,99,99,99,99,99,0,0,0,1,0
6,62358,2,2,0,0,0,2,2,13,820,11,2,2016,5,7,57,0,2,3,4,6,YGNACIO VALLEY RD,,0,37.94852222,-121.980200000000,0,12,7,0,1,1,0,1,1,1,0,1,0,0000000,99,99,99,99,88,88,0,0,0,1,0
6,62359,2,2,0,0,0,2,2,59,972,9,4,2016,7,14,55,0,2,3,4,6,ST OF THE GOLDEN LANTERN,SELVA RD,0,33.47276111,-117.697947220000,0,12,6,0,2,2,0,1,1,1,0,1,0,0000000,99,99,99,99,99,99,0,0,0,1,1
6,62360,1,1,0,0,0,1,1,37,1700,20,4,2016,4,11,32,0,2,3,4,6,FLORENCE AVE,,0,33.96526111,-118.366188890000,0,33,0,0,1,1,0,4,1,1,0,1,0,0000000,99,99,99,99,99,99,0,0,0,1,0
6,62361,1,1,0,0,0,1,1,77,3770,15,6,2016,4,17,48,0,2,5,4,6,MORGAN PL,SEAGULL LN,0,37.99816111,-121.351827780000,0,42,0,0,1,1,0,4,1,1,0,1,0,0000000,99,99,99,99,88,88,0,0,0,1,0
6,62362,3,3,0,0,0,4,4,37,1980,2,9,2016,6,22,56,1,2,1,1,1,I-10,,71,34.02970278,-118.405491670000,0,12,1,0,1,1,0,1,3,1,0,1,0,0000000,99,99,99,99,99,99,0,0,0,1,1
6,62363,2,2,0,0,0,2,2,73,1820,11,12,2016,1,20,10,1,2,2,1,3,SR-94,,105,32.75400000,-117.010800000000,0,12,7,0,1,1,0,1,2,1,0,1,0,0000000,99,99,99,99,88,88,0,0,0,1,0
6,62364,2,2,0,0,0,5,5,73,0,23,12,2016,6,17,10,0,8,98,98,3,SR-94,,370,32.59473056,-116.670611110000,0,12,11,0,1,1,0,1,2,10,0,10,0,0000000,99,99,99,99,99,99,0,0,0,1,0
6,62365,2,2,0,0,0,3,3,85,3520,18,4,2016,2,14,10,0,1,4,1,3,SR-9,FRUITVALE AVE,90,37.24588889,-122.013636110000,0,12,1,0,3,2,0,1,1,1,0,1,0,0000000,99,99,99,99,99,99,0,0,0,1,0