STATE,ST_CASE,VE_TOTAL,VE_FORMS,PVH_INVL,PEDS,PERNOTMVIT,PERMVIT,PERSONS,COUNTY,CITY,DAY,MONTH,YEAR,DAY_WEEK,HOUR,MINUTE,NHS,RUR_URB,FUNC_SYS,RD_OWNER,ROUTE,TWAY_ID,TWAY_ID2,MILEPT,LATITUDE,LONGITUD,SP_JUR,HARM_EV,MAN_COLL,RELJCT1,RELJCT2,TYP_INT,WRK_ZONE,REL_ROAD,LGT_COND,WEATHER1,WEATHER2,WEATHER,SCH_BUS,RAIL,NOT_HOUR,NOT_MIN,ARR_HOUR,ARR_MIN,HOSP_HR,HOSP_MN,CF1,CF2,CF3,FATALS,DRUNK_DR
6,62366,2,2,0,0,0,2,2,71,1603,22,4,2016,6,2,19,0,2,3,4,6,BEAR VALLEY RD,,0,34.47089722,-117.297547220000,0,12,1,0,1,1,0,1,3,1,0,1,0,0000000,99,99,99,99,88,88,0,0,0,1,2
6,62367,2,2,0,0,0,2,2,37,2870,27,4,2016,4,18,15,0,2,4,4,6,GAREY AVE,SIXTH ST,0,34.05416389,-117.749986110000,0,12,6,0,2,3,0,1,1,1,0,1,0,0000000,99,99,99,99,99,99,0,0,0,1,0
6,62368,1,1,0,1,1,1,1,19,3590,2,10,2016,1,22,29,0,2,4,2,6,FLORAL AVE,WRIGHT ST,0,36.57623056,-119.615172220000,0,9,0,0,2,2,0,1,3,1,0,1,0,0000000,99,99,99,99,99,99,0,0,0,1,0
6,62369,1,1,0,0,0,4,4,13,110,18,6,2016,7,0,40,0,2,4,4,6,HILLCREST AVE,WILDFLOWER DR,0,37.98695000,-121.780105560000,0,42,0,0,1,1,0,3,3,1,0,1,0,0000000,99,99,99,99,99,99,0,0,0,1,0
6,62370,1,1,0,0,0,1,1,37,1430,5,10,2016,4,10,27,0,2,7,4,6,W DRYDEN ST,,0,34.16146944,-118.258638890000,0,39,0,0,1,1,0,4,1,1,0,1,0,0000000,99,99,99,99,99,99,0,0,0,1,0
6,62371,2,2,0,0,0,3,3,93,9999,3,12,2016,7,18,42,1,1,1,1,1,I-5,,589,41.86568056,-122.564550000000,0,12,2,0,1,1,0,1,2,1,0,1,0,0000000,99,99,99,99,99,99,0,0,0,1,1
6,62372,2,2,0,0,0,3,3,73,3260,13,11,2016,1,10,47,1,2,1,1,1,I-805,,130,32.71202222,-117.101408330000,0,12,1,0,1,1,0,1,1,1,0,1,0,0000000,99,99,99,99,88,88,0,0,0,1,0
6,62373,1,1,0,0,0,4,4,81,4259,19,6,2016,1,15,0,0,2,7,4,6,QUAIL MEADOW CT,,0,37.43163889,-122.245111110000,0,33,0,0,1,1,0,4,1,1,0,1,0,0000000,99,99,99,99,99,99,0,0,0,1,0
6,62374,1,1,0,1,1,1,1,37,1980,21,5,2016,7,15,5,0,2,3,4,6,SAN VINCENTE BL,,0,34.04826111,-118.338758330000,0,8,0,0,1,1,0,1,1,1,0,1,0,0000000,99,99,99,99,99,99,0,0,0,1,0
6,62375,1,1,0,1,1,1,1,51,2055,4,8,2016,5,20,54,0,2,4,1,3,SR-203,,50,37.64875833,-118.978519440000,0,8,0,0,1,1,0,1,3,1,0,1,0,0000000,99,99,99,99,88,88,19,0,0,1,0
6,62376,1,1,0,2,2,1,1,37,1980,27,5,2016,6,21,50,0,2,4,4,6,CHATSWORTH ST,,0,34.26479444,-118.503866670000,0,8,0,0,1,1,0,1,3,10,0,10,0,0000000,99,99,99,99,99,99,0,0,0,1,0
6,62377,3,3,0,0,0,3,3,37,1980,31,3,2016,5,15,25,0,2,4,4,6,CARSON ST,HALLDALE AVE,0,33.83153611,-118.301680560000,0,12,1,0,3,3,0,1,1,1,0,1,0,0000000,88,88,88,88,88,88,14,0,0,1,1
6,62378,1,1,0,0,0,1,1,59,1660,29,6,2016,4,12,7,0,2,3,4,6,EDINGER AVE,,0,33.73008889,-118.007858330000,0,33,0,0,1,1,0,4,1,1,0,1,0,0000000,99,99,99,99,88,88,0,0,0,1,0
6,62379,1,1,0,0,0,2,2,73,710,19,6,2016,1,0,9,0,2,4,4,6,OLYMPIC PARKWAY,WINDINGWALK ST,0,32.62886667,-116.954202780000,0,46,0,0,3,3,0,4,3,1,0,1,0,0000000,99,99,99,99,99,99,0,0,0,1,0
6,62380,2,2,0,0,0,3,3,47,9999,9,12,2016,6,17,15,1,1,2,1,3,SR-152,,131,37.07854167,-121.087552780000,0,12,11,0,1,1,0,1,2,1,0,1,0,0000000,99,99,99,99,99,99,0,0,0,1,0
6,62381,3,3,0,0,0,3,3,37,1980,10,4,2016,1,2,42,1,2,2,1,2,US-101,,144,34.15668889,-118.422088890000,0,25,0,0,1,1,0,3,2,10,0,10,0,0000000,99,99,99,99,99,99,0,0,0,1,2
6,62382,1,1,0,0,0,1,1,37,0,13,6,2016,2,1,38,0,1,5,2,4,CR-KANAN DUME RD,,0,34.05581111,-118.798450000000,0,35,0,0,1,1,0,4,3,1,0,1,0,0000000,99,99,99,99,88,88,0,0,0,1,1
6,62383,3,1,2,2,2,1,1,59,0,18,12,2016,1,21,10,0,2,2,4,3,SR-241,,230,33.67544722,-117.668438890000,0,35,0,0,1,1,0,4,2,1,0,1,0,0000000,99,99,99,99,99,99,15,0,0,1,0
6,62384,2,2,0,0,0,3,3,71,0,1,11,2016,3,12,50,1,1,2,1,2,US-95,,730,35.06922500,-114.828141670000,0,1,0,0,1,1,0,1,1,1,0,1,0,0000000,99,99,99,99,88,88,14,0,0,1,0
6,62385,1,1,0,1,1,1,1,99,2390,25,6,2016,7,18,16,0,2,5,4,6,SHERMAN PKWY,BALSAM DR,0,37.32673889,-121.018930560000,0,9,0,0,2,3,0,1,1,1,0,1,0,0000000,99,99,99,99,88,88,0,0,0,1,0
6,62386,2,2,0,0,0,2,2,65,9997,13,4,2016,4,6,51,0,2,3,4,6,GRANITE HILL DR,,0,34.01636389,-117.459352780000,0,12,2,0,1,1,0,1,1,1,0,1,0,0000000,99,99,99,99,99,99,0,0,0,1,1
6,62387,2,2,0,0,0,4,4,37,2700,16,3,2016,4,9,1,0,2,4,4,6,CORSON ST,SIERRA BONITA AVE,0,34.15183056,-118.117291670000,0,12,6,0,2,2,0,1,1,1,0,1,0,0000000,99,99,99,99,99,99,0,0,0,1,1
6,62388,1,1,0,0,0,2,2,59,1380,15,7,2016,6,7,16,0,2,4,4,6,GILBERT ST,,0,33.88314722,-117.965791670000,0,33,0,0,1,1,0,4,1,1,0,1,0,0000000,99,99,99,99,99,99,0,0,0,1,0
6,62389,2,2,0,0,0,2,2,59,80,3,10,2016,2,4,25,1,2,2,1,3,SR-91,,182,33.87111389,-117.684405560000,0,25,0,0,1,1,0,4,2,1,0,1,0,0000000,99,99,99,99,88,88,0,0,0,1,0
6,62390,1,1,0,0,0,1,1,65,3070,5,8,2016,6,6,22,1,2,2,1,3,SR-91 RAMP,TYLER ST,129,33.54250000,-117.272800000000,0,58,0,1,3,2,0,1,1,10,0,10,0,0000000,99,99,99,99,99,99,0,0,0,1,0
6,62391,1,1,0,1,1,1,1,73,3260,24,10,2016,2,7,58,1,2,1,1,1,I-5 RAMP,,283,32.87153889,-117.230730560000,0,8,0,0,20,1,0,1,1,10,0,10,0,0000000,99,99,99,99,88,88,0,0,0,1,0
6,62392,2,2,0,0,0,6,6,109,0,21,10,2016,6,16,23,0,1,5,2,4,CR-LA GRANGE ROAD,,0,37.71969167,-120.443227780000,0,1,0,0,1,1,0,1,1,1,0,1,0,0000000,99,99,99,99,99,99,0,0,0,3,0
6,62393,1,1,0,0,0,1,1,29,0,19,12,2016,2,99,99,0,2,4,4,6,WHEELER RIDGE ROAD,,0,34.99991111,-118.943238890000,0,38,0,0,1,1,0,5,2,1,0,1,0,0000000,88,88,88,88,88,88,0,0,0,1,0
6,62394,2,2,0,0,0,2,2,73,0,4,11,2016,6,22,11,1,2,1,1,1,I-5,,234,32.80551667,-117.214605560000,0,12,2,0,1,1,0,1,2,10,5,5,0,0000000,99,99,99,99,99,99,0,0,0,1,1
6,62395,1,1,0,0,0,1,1,109,0,13,11,2016,1,7,47,1,1,1,1,3,SR-108,,90,38.00772500,-120.258719440000,0,1,0,0,1,1,0,3,1,1,0,1,0,0000000,99,99,99,99,88,88,0,0,0,1,0
6,62396,1,1,0,1,1,2,2,73,3260,10,12,2016,7,23,15,1,2,1,1,1,I-15,,67,32.78685556,-117.114477780000,0,8,0,1,5,1,0,1,3,10,0,10,0,0000000,99,99,99,99,99,99,0,0,0,1,1
6,62397,2,2,0,0,0,2,2,13,0,11,11,2016,6,6,0,1,2,2,1,3,SR-4,,35,38.00847778,-122.209477780000,0,12,7,0,1,1,0,1,2,1,0,1,0,0000000,99,99,99,99,88,88,0,0,0,1,0
6,62398,2,2,0,1,1,4,4,81,0,14,11,2016,2,1,0,1,2,1,1,2,US-101,,197,37.63082222,-122.399661110000,0,8,0,0,1,1,0,1,2,1,0,1,0,0000000,99,99,99,99,88,88,0,0,0,1,0
6,62399,1,1,0,0,0,1,1,95,0,14,12,2016,4,19,55,0,1,5,2,4,CR-MERIDIAN RD,SWEENEY RD,0,38.46762778,-121.915594440000,0,35,0,0,3,3,0,4,2,10,0,10,0,0000000,99,99,99,99,88,88,0,0,0,1,0
6,62400,2,2,0,0,0,2,2,59,880,6,11,2016,1,20,12,1,2,1,1,3,SR-55,,30,33.65219167,-117.908063890000,0,12,1,0,1,1,0,1,3,1,0,1,0,0000000,99,99,99,99,88,88,0,0,0,1,0
6,62401,1,1,0,0,0,2,2,77,0,19,11,2016,7,17,4,0,1,2,1,3,SR-26,,158,38.05996389,-121.008394440000,0,42,0,0,1,1,0,4,5,2,0,2,0,0000000,99,99,99,99,88,88,0,0,0,2,0
6,62402,2,1,1,0,0,1,1,39,2050,19,6,2016,1,2,6,0,2,7,4,6,RIVERVIEW DR,,0,36.96650000,-120.093588890000,0,14,0,0,1,1,0,7,3,1,0,1,0,0000000,99,99,99,99,88,88,0,0,0,1,0
6,62403,1,1,0,1,1,1,1,37,2870,18,9,2016,1,23,12,0,2,3,4,6,HOLT AVE,,0,34.06196667,-117.766147220000,0,15,0,0,1,1,0,1,3,1,0,1,0,0000000,99,99,99,99,88,88,0,0,0,1,0
6,62404,2,2,0,0,0,2,2,85,2311,28,12,2016,4,15,59,1,2,4,1,2,US-101,,500,37.42123889,-122.092958330000,0,12,1,0,1,1,0,1,1,1,0,1,0,0000000,99,99,99,99,88,88,0,0,0,1,0
6,62405,1,1,0,0,0,2,2,61,0,9,9,2016,6,14,40,1,1,1,1,1,I-80,,219,38.95437500,-121.038072220000,0,24,0,0,1,1,0,4,1,1,0,1,0,0000000,99,99,99,99,99,99,0,0,0,1,0
6,62406,1,1,0,0,0,4,4,17,0,28,12,2016,4,0,1,1,1,2,1,2,US-50,,415,38.77491389,-120.419252780000,0,17,0,0,1,1,0,4,2,1,0,1,0,0000000,99,99,99,99,99,99,0,0,0,1,0
6,62407,1,1,0,1,1,1,1,13,2790,20,6,2016,2,10,26,0,2,5,4,6,STONEMAN AVE,MEADOWBROOK AVE,0,38.00430278,-121.879158330000,0,8,0,0,3,3,0,1,1,1,0,1,0,0000000,99,99,99,99,88,88,0,0,0,1,0
6,62408,1,1,0,1,1,1,1,85,3340,1,10,2016,7,1,36,1,2,2,1,2,US-101,,332,37.32094167,-121.833577780000,0,8,0,0,1,1,0,1,3,1,0,1,0,0000000,99,99,99,99,88,88,0,0,0,1,0
6,62409,1,1,0,1,1,1,1,37,2749,28,6,2016,3,4,15,0,2,3,4,6,WHITTIER BLVD,LINDSEY AVE,0,34.00015833,-118.081016670000,0,8,0,0,3,2,0,1,3,1,0,1,0,0000000,99,99,99,99,88,88,0,0,0,1,0
6,62410,1,1,0,1,1,1,1,59,3420,9,7,2016,7,23,11,0,2,4,4,6,MCFADDEN AVE,NEWHOPE ST,0,33.73823056,-117.928683330000,0,8,0,0,3,2,0,1,3,1,0,1,0,0000000,99,99,99,99,99,99,0,0,0,1,0
6,62411,1,1,0,0,0,1,1,37,1150,29,6,2016,4,18,49,0,2,4,4,6,MARIPOSA AVE,DOUGLAS ST,0,33.92360556,-118.383166670000,0,20,0,0,3,3,0,4,1,1,0,1,0,0000000,99,99,99,99,88,88,0,0,0,1,0
6,62412,1,1,0,1,1,1,1,7,660,29,6,2016,4,20,31,0,2,7,4,6,19TH ST,PARK AVE,0,39.71990000,-121.824283330000,0,9,0,0,3,2,0,1,5,1,0,1,0,0000000,99,99,99,99,99,99,0,0,0,1,1
6,62413,2,2,0,0,0,2,2,37,1980,10,7,2016,1,4,25,0,2,4,4,6,120TH ST,BROADWAY ST,0,33.92371667,-118.278244440000,0,12,6,0,2,2,0,1,3,1,0,1,0,0000000,99,99,99,99,88,88,0,0,0,1,1
6,62414,1,1,0,1,1,1,1,67,3150,19,7,2016,3,15,22,0,2,5,4,6,10 ST,H ST,0,38.58250833,-121.492494440000,0,9,0,0,2,2,0,1,9,98,0,98,0,0000000,99,99,99,99,88,88,0,0,0,1,0
6,62415,1,1,0,1,1,1,1,77,2070,19,7,2016,3,12,39,0,2,3,4,6,LOUISE AVE,,0,37.81190556,-121.226161110000,0,9,0,0,1,1,0,1,1,1,0,1,0,0000000,99,99,99,99,99,99,0,0,0,1,0
6,62416,1,1,0,1,1,1,1,73,710,13,7,2016,4,0,6,0,2,5,4,6,4TH AVE,E ST,0,32.64360000,-117.085305560000,0,8,0,0,3,2,0,1,3,1,0,1,0,0000000,99,99,99,99,99,99,0,0,0,1,0
6,62417,1,1,0,0,0,1,1,1,2480,22,7,2016,6,4,10,0,2,3,4,6,INTERNATIONAL BLVD,41ST AVE,0,37.77332778,-122.216869440000,0,43,0,0,3,3,0,4,3,1,0,1,0,0000000,99,99,99,99,99,99,0,0,0,1,1
6,62418,1,1,0,0,0,2,2,73,710,15,7,2016,6,23,53,0,2,4,4,6,MAIN ST,,0,32.59474722,-117.044488890000,0,33,0,0,1,1,0,4,3,1,0,1,0,0000000,99,99,99,99,99,99,0,0,0,1,1
6,62419,1,1,0,0,0,2,2,37,1980,4,7,2016,2,15,20,0,2,4,4,6,DE SOTO AVE,,0,34.22350833,-118.588516670000,0,30,0,0,1,1,0,4,1,1,0,1,0,0000000,99,99,99,99,99,99,0,0,0,1,0
6,62420,1,1,0,1,1,1,1,37,1980,26,7,2016,3,14,15,0,2,7,4,6,SHERMAN CIR,,0,34.20067500,-118.450625000000,0,8,0,0,1,1,0,1,1,1,0,1,0,0000000,99,99,99,99,99,99,0,0,0,1,0
6,62421,1,1,0,1,1,1,1,37,3445,25,7,2016,2,20,45,0,2,3,4,6,SIERRA HWY,,0,34.42926389,-118.444625000000,0,8,0,0,1,1,0,1,3,1,0,1,0,0000000,99,99,99,99,88,88,0,0,0,1,0
6,62422,1,1,0,1,1,1,1,85,2660,23,7,2016,7,7,30,0,2,4,4,6,EMBARCADERO RD,,0,37.44341389,-122.138669440000,0,8,0,0,1,1,0,1,1,1,0,1,0,0000000,88,88,88,88,88,88,0,0,0,1,0
6,62423,2,1,1,0,0,1,1,65,9997,16,7,2016,7,1,44,0,2,5,4,6,FELSPAR ST,,0,33.98019167,-117.484138890000,0,14,0,0,1,1,0,7,2,1,0,1,0,0000000,99,99,99,99,99,99,0,0,0,1,1
6,62424,1,1,0,1,1,1,1,13,820,26,7,2016,3,99,99,0,2,3,2,6,WILLOW PASS RD,,0,37.99676944,-122.001527780000,0,8,0,0,1,1,0,1,9,1,0,1,0,0000000,99,99,99,99,88,88,0,0,0,1,0
6,62425,2,2,0,1,1,2,2,53,0,18,10,2016,3,21,15,0,1,98,2,4,CR-FOLETTA ROAD,,0,36.53366944,-121.478861110000,0,8,0,0,1,1,0,1,2,1,0,1,0,0000000,99,99,99,99,88,88,0,0,0,1,0
6,62426,2,2,0,0,0,2,2,53,9999,16,12,2016,6,15,17,0,2,2,1,3,SR-68 MONTEREY/SALINAS HWY,,197,36.65174722,-121.661591670000,0,12,6,0,1,1,0,1,1,1,0,1,0,0000000,88,88,88,88,88,88,0,0,0,1,0
6,62427,1,1,0,0,0,1,1,85,2182,5,8,2016,6,5,36,0,2,3,4,6,E CALAVERAS BLVD,N MILPITAS BLVD,0,37.43238333,-121.899641670000,0,33,0,0,3,2,0,3,3,1,0,1,0,0000000,99,99,99,99,88,88,0,0,0,1,0
6,62428,1,1,0,1,1,2,2,65,1690,15,4,2016,6,20,13,0,2,4,4,6,AVE 52,,0,33.67103333,-116.232488890000,0,8,0,0,1,1,0,1,2,7,6,6,0,0000000,99,99,99,99,99,99,0,0,0,1,0
6,62429,1,1,0,0,0,1,1,65,2935,21,7,2016,5,16,19,0,2,5,4,6,GERALD FORD DR,,0,33.78707778,-116.395236110000,0,33,0,0,1,1,0,3,1,1,0,1,0,0000000,99,99,99,99,88,88,0,0,0,1,0
6,62430,1,1,0,0,0,1,1,67,712,24,7,2016,1,14,45,0,2,4,4,6,OLD AUBURN RD,SUNRISE BLVD,0,38.70389722,-121.271688890000,0,33,0,0,3,2,0,3,1,1,0,1,0,0000000,99,99,99,99,99,99,0,0,0,1,0
6,62431,5,1,4,0,0,1,1,81,3390,14,6,2016,3,15,51,0,2,7,4,6,CHARTER ST,STAMBAUGH ST,0,37.48049722,-122.215355560000,0,14,0,0,3,3,0,2,1,1,0,1,0,0000000,99,99,99,99,99,99,14,0,0,1,0
6,62432,1,1,0,2,2,1,1,37,1980,20,6,2016,2,20,35,0,2,3,4,6,OSBORNE ST,KATHERINE AVE,0,34.23315556,-118.446900000000,0,8,0,0,3,3,0,1,3,1,0,1,0,0000000,99,99,99,99,99,99,0,0,0,1,1
6,62433,1,1,0,0,0,3,3,37,1980,29,7,2016,6,0,10,0,2,5,4,6,LANARK ST,,0,34.21745556,-118.540269440000,0,5,0,0,1,1,0,1,3,1,0,1,0,0000000,99,99,99,99,99,99,0,0,0,1,0
6,62434,1,1,0,0,0,1,1,59,1660,7,8,2016,1,10,53,0,2,3,4,6,WARNER AVE,BRIGHTWATER DR,0,33.71188056,-118.051452780000,0,39,0,0,3,3,0,4,1,1,0,1,0,0000000,88,88,88,88,88,88,0,0,0,1,0
6,62435,2,2,0,0,0,4,4,65,0,13,7,2016,4,13,52,0,1,5,2,4,CR-GILMAN SPRINGS ROAD,,0,33.87118333,-117.046613890000,0,12,2,0,1,1,0,1,1,1,0,1,0,0000000,99,99,99,99,99,99,0,0,0,1,0
6,62436,2,2,0,0,0,4,4,59,80,14,8,2016,1,7,14,9,8,98,98,3,SR-91,,99999,33.85368889,-117.907700000000,9,12,1,0,1,1,0,1,1,1,0,1,0,0000000,99,99,99,99,99,99,23,0,0,1,0
6,62437,1,1,0,1,1,1,1,73,3260,24,12,2016,7,3,35,0,2,2,1,3,SR-94 RAMP,,30,32.71543611,-117.124500000000,0,8,0,1,20,1,0,1,2,2,0,2,0,0000000,88,88,88,88,88,88,0,0,0,1,0
6,62438,1,1,0,0,0,1,1,71,0,30,12,2016,6,6,50,1,1,1,1,1,I-40,,1373,34.88506389,-116.676836110000,0,1,0,0,1,1,0,4,1,10,0,10,0,0000000,88,88,88,88,88,88,0,0,0,1,0
6,62439,1,1,0,0,0,1,1,65,2650,29,7,2016,6,10,37,0,2,3,4,6,RAMON RD,INDIAN CANYON DR,0,33.81585556,-116.545522220000,0,33,0,0,3,2,0,4,1,1,0,1,0,0000000,99,99,99,99,99,99,0,0,0,1,1
6,62440,1,1,0,1,1,1,1,37,120,11,8,2016,5,7,20,0,2,5,4,6,CAMINO REAL AVE,CHRISTINE LN,0,34.12241389,-118.052738890000,0,8,0,0,1,1,0,1,1,1,0,1,0,0000000,99,99,99,99,99,99,0,0,0,1,0
6,62441,3,3,0,0,0,5,5,1,1364,22,6,2016,4,18,30,0,2,4,4,6,BOYCE RD,,0,37.50610278,-121.984186110000,0,12,6,0,1,1,0,1,1,1,0,1,0,0000000,99,99,99,99,99,99,14,0,0,1,0
6,62442,1,1,0,1,1,1,1,29,240,28,6,2016,3,1,5,0,2,3,4,6,STOCKDALE HWY,,0,35.35430278,-119.081102780000,0,8,0,0,1,1,0,1,2,1,0,1,0,0000000,99,99,99,99,88,88,19,0,0,1,0
6,62443,1,1,0,1,1,1,1,59,3420,17,8,2016,4,0,10,0,2,3,4,6,BRISTOL ST,,0,33.71420556,-117.885338890000,0,8,0,0,1,1,0,1,3,1,0,1,0,0000000,99,99,99,99,99,99,0,0,0,1,0
6,62444,1,1,0,1,1,1,1,19,1750,25,8,2016,5,8,45,0,2,4,4,6,GOLDENROD AVE,,0,36.73357500,-120.042308330000,0,8,0,0,4,1,0,1,1,1,0,1,0,0000000,99,99,99,99,99,99,0,0,0,1,0
6,62445,1,1,0,0,0,1,1,37,1840,20,7,2016,4,15,32,0,2,4,4,6,AVE G,,0,34.73305556,-118.228791670000,0,38,0,0,1,1,0,4,1,1,0,1,0,0000000,99,99,99,99,99,99,0,0,0,1,0
6,62446,2,2,0,0,0,5,5,35,0,18,12,2016,1,2,18,1,1,2,1,2,US-395,,76,39.81814722,-120.034925000000,0,12,2,0,1,1,0,1,2,1,0,1,0,0000000,99,99,99,99,99,99,0,0,0,4,1
6,62447,1,1,0,0,0,2,2,37,0,15,11,2016,3,0,45,1,1,1,1,1,I-5,,610,34.51374167,-118.636955560000,0,1,0,0,1,1,0,4,2,1,0,1,0,0000000,99,99,99,99,99,99,0,0,0,1,0
6,62448,1,1,0,1,1,1,1,99,0,10,11,2016,5,4,45,0,1,2,1,3,SR-132,,421,37.63353333,-120.517866670000,0,8,0,0,1,1,0,1,2,1,0,1,0,0000000,99,99,99,99,88,88,0,0,0,1,0
6,62449,1,1,0,1,1,1,1,99,0,8,12,2016,5,20,32,0,1,5,2,4,CR-TENAYA DR,,0,37.63294167,-120.963266670000,0,8,0,0,1,1,0,1,2,10,0,10,0,0000000,99,99,99,99,88,88,0,0,0,1,0
6,62450,2,2,0,0,0,2,2,71,681,13,11,2016,1,1,22,1,2,2,1,3,SR-71,,18,34.00056389,-117.724094440000,0,12,1,0,1,1,0,1,2,10,0,10,0,0000000,88,88,88,88,88,88,0,0,0,1,1
6,62451,2,2,0,1,1,2,2,37,2260,2,11,2016,4,22,54,1,2,2,1,3,SR-60,,46,34.03383056,-118.147452780000,0,8,0,0,1,1,0,1,3,1,0,1,0,0000000,99,99,99,99,88,88,0,0,0,1,0
6,62452,2,2,0,0,0,2,2,1,2480,11,9,2016,1,2,0,1,2,1,1,1,I-980,,15,37.81640000,-122.270130560000,0,12,7,0,1,1,0,1,2,1,0,1,0,0000000,99,99,99,99,88,88,0,0,0,1,1
6,62453,1,1,0,1,1,1,1,45,0,30,9,2016,6,13,37,1,1,2,1,2,US-101,,104,38.96311944,-123.114019440000,0,9,0,0,1,1,0,2,1,1,0,1,0,0000000,99,99,99,99,99,99,0,0,0,1,0
6,62454,1,1,0,1,1,1,1,1,1560,5,10,2016,4,0,0,1,2,1,1,1,I-880 RAMP,,155,37.63144167,-122.087227780000,0,9,0,0,5,1,0,1,3,1,0,1,0,0000000,99,99,99,99,88,88,0,0,0,1,0
6,62455,4,4,0,0,0,4,4,37,1980,6,10,2016,5,13,20,1,2,1,1,1,I-5,,233,34.10936667,-118.261363890000,0,12,7,0,1,1,0,1,1,1,0,1,0,0000000,99,99,99,99,99,96,14,28,0,1,0
6,62456,2,2,0,0,0,6,6,71,0,21,12,2016,4,11,25,1,1,1,1,1,I-15,,1530,35.39081944,-115.837311110000,0,12,7,0,1,1,0,1,1,10,0,10,0,0000000,99,99,99,99,99,99,0,0,0,1,0
6,62457,2,2,0,0,0,3,3,19,0,10,7,2016,1,19,59,0,8,98,98,9,NEBRASKA AVENUE,MENDOCINO AVENUE,99999,36.56133889,-119.548011110000,9,12,6,0,2,2,0,1,5,1,0,1,0,0000000,99,99,99,99,99,99,0,0,0,1,0
6,62458,1,1,0,1,1,1,1,37,0,30,9,2016,6,20,14,0,1,4,2,4,CR-NORMANDIE AVE,,0,33.95216389,-118.300252780000,0,8,0,0,1,1,0,1,3,1,0,1,0,0000000,99,99,99,99,88,88,0,0,0,1,0
6,62459,3,3,0,0,0,3,3,73,3260,2,11,2016,4,10,45,1,2,1,1,1,I-8,,49,32.77503056,-117.123794440000,0,12,1,0,1,1,0,1,1,1,0,1,0,0000000,99,99,99,99,99,99,0,0,0,1,0
6,62460,1,1,0,0,0,1,1,87,0,8,9,2016,5,0,55,0,1,5,2,4,CR-EMPIRE GRADE RD,,0,37.10843611,-122.145194440000,0,38,0,0,1,1,0,4,2,1,0,1,0,0000000,99,99,99,99,88,88,0,0,0,1,1
6,62461,2,2,0,0,0,2,2,87,0,12,9,2016,2,6,15,0,1,7,2,4,CR-E CLIFF DR,,0,36.96360000,-121.995052780000,0,1,0,0,1,1,0,1,2,1,0,1,0,0000000,99,99,99,99,88,88,14,0,0,1,0
6,62462,1,1,0,1,1,1,1,65,2730,10,12,2016,7,20,54,0,2,5,4,6,CLARK STREET,,0,33.85473056,-117.287555560000,0,8,0,0,1,1,0,1,2,1,0,1,0,0000000,99,99,99,99,88,88,0,0,0,1,0
6,62463,1,1,0,1,1,1,1,37,1980,30,7,2016,7,0,30,0,2,3,4,6,SEPULVEDA BLVD,PARTHENIA ST,0,34.22832500,-118.467655560000,0,8,0,0,3,2,0,1,3,1,0,1,0,0000000,99,99,99,99,88,88,0,0,0,1,0
6,62464,1,1,0,1,1,2,2,37,3686,25,8,2016,5,22,0,0,2,4,4,6,GARVEY AVE,,0,34.06272222,-118.059297220000,0,8,0,0,1,1,0,1,3,1,0,1,0,0000000,99,99,99,99,99,99,0,0,0,1,0
6,62465,3,3,0,0,0,5,5,73,1200,30,6,2016,5,16,42,0,2,3,4,6,WASHINGTON AVE,,0,33.12821944,-117.079844440000,0,12,6,0,8,1,0,1,1,1,0,1,0,0000000,99,99,99,99,99,99,0,0,0,2,0
6,62466,2,2,0,0,0,3,3,77,3770,1,7,2016,6,23,51,0,2,3,4,6,LOGISTICS RD,,0,37.90820278,-121.193194440000,0,12,6,0,8,1,0,1,3,1,0,1,0,0000000,99,99,99,99,99,99,0,0,0,1,0
6,62467,2,2,0,0,0,2,2,37,1980,24,8,2016,4,6,45,0,2,4,4,6,TAMPA AVE,VANOWEN ST,0,34.19382778,-118.553450000000,0,12,6,0,2,2,0,1,1,1,0,1,0,0000000,99,99,99,99,88,88,0,0,0,1,0
6,62468,1,1,0,1,1,1,1,59,3960,26,8,2016,6,19,52,0,2,3,4,6,JAMBOREE RD,,0,33.74159444,-117.773447220000,0,8,0,0,1,1,0,1,3,1,0,1,0,0000000,99,99,99,99,99,99,0,0,0,1,0
6,62469,2,1,1,1,1,5,5,37,245,30,6,2016,5,21,23,0,2,4,4,6,BALDWIN PARK BLVD,LA RICA AVE,0,34.08258333,-117.965813890000,0,9,0,0,2,3,0,1,3,1,0,1,0,0000000,99,99,99,99,88,88,0,0,0,1,0
6,62470,2,2,0,0,0,2,2,37,1980,30,6,2016,5,18,45,0,2,3,4,6,VENTURA BLVD,CANOGA AVE,0,34.16784444,-118.597436110000,0,12,6,0,2,2,0,1,1,10,0,10,0,0000000,99,99,99,99,99,99,0,0,0,1,0