STATE,ST_CASE,VE_TOTAL,VE_FORMS,PVH_INVL,PEDS,PERNOTMVIT,PERMVIT,PERSONS,COUNTY,CITY,DAY,MONTH,YEAR,DAY_WEEK,HOUR,MINUTE,NHS,RUR_URB,FUNC_SYS,RD_OWNER,ROUTE,TWAY_ID,TWAY_ID2,MILEPT,LATITUDE,LONGITUD,SP_JUR,HARM_EV,MAN_COLL,RELJCT1,RELJCT2,TYP_INT,WRK_ZONE,REL_ROAD,LGT_COND,WEATHER1,WEATHER2,WEATHER,SCH_BUS,RAIL,NOT_HOUR,NOT_MIN,ARR_HOUR,ARR_MIN,HOSP_HR,HOSP_MN,CF1,CF2,CF3,FATALS,DRUNK_DR
6,62471,2,2,0,0,0,2,2,65,1003,1,7,2016,6,13,4,0,2,5,4,6,DILLON RD,,0,33.92487500,-116.535219440000,0,12,2,0,8,1,0,1,1,1,0,1,0,0000000,99,99,99,99,99,99,0,0,0,1,1
6,62472,2,2,0,0,0,3,3,65,2650,25,6,2016,7,23,12,0,2,4,4,6,SUNRISE WY,,0,33.83998333,-116.528238890000,0,12,1,0,1,1,0,1,3,1,0,1,0,0000000,99,99,99,99,99,99,0,0,0,1,0
6,62473,1,1,0,1,1,1,1,73,3260,20,8,2016,7,4,45,0,2,3,4,6,EL CAJON BL,,0,32.75673333,-117.087230560000,0,8,0,0,1,1,0,1,2,1,0,1,0,0000000,99,99,99,99,99,99,0,0,0,1,0
6,62474,1,1,0,1,1,1,1,113,4163,11,8,2016,5,18,36,0,2,3,4,6,WEST CAPITOL AVE,MAPLE ST,0,38.57991389,-121.538186110000,0,8,0,0,2,3,0,1,1,1,0,1,0,0000000,99,99,99,99,99,99,0,0,0,1,0
6,62475,1,1,0,0,0,2,2,13,3010,23,8,2016,3,9,9,0,2,2,4,6,RICHMOND PKWY,,0,37.98439444,-122.341791670000,0,33,0,0,1,1,0,4,1,1,0,1,0,0000000,99,99,99,99,99,99,0,0,0,1,0
6,62476,1,1,0,1,1,1,1,67,2934,17,8,2016,4,21,14,0,2,3,4,6,MATHER FIELD RD,,0,38.57389167,-121.302044440000,0,8,0,0,1,1,0,1,3,1,0,1,0,0000000,99,99,99,99,99,99,0,0,0,1,0
6,62477,1,1,0,1,1,1,1,37,1550,10,5,2016,3,21,33,0,2,3,4,6,AVIATION BLVD,MARINE AVE,0,33.89461944,-118.378738890000,0,8,0,0,2,2,0,1,3,1,0,1,0,0000000,99,99,99,99,99,99,0,0,0,1,0
6,62479,2,2,0,0,0,3,3,67,0,15,5,2016,1,2,21,0,1,3,2,4,CR-MADISON AVE,HILLSDALE BL,0,38.66097778,-121.364372220000,0,12,6,0,2,2,0,1,3,1,0,1,0,0000000,99,99,99,99,99,99,20,0,0,1,0
6,62480,2,2,0,0,0,2,2,59,3558,9,4,2016,7,14,10,1,2,1,1,1,I-405,,235,33.77622778,-118.088691670000,0,12,7,1,18,1,0,1,1,10,0,10,0,0000000,99,99,99,99,99,99,0,0,0,1,0
6,62481,1,1,0,1,1,1,1,65,0,24,12,2016,7,6,40,0,2,5,4,6,OLD ELSINORE RD,,0,33.81999167,-117.281191670000,0,8,0,0,1,1,0,1,4,10,99,10,0,0000000,99,99,99,99,99,99,0,0,0,1,0
6,62482,1,1,0,1,1,1,1,65,0,31,7,2016,1,20,35,0,1,5,2,4,CR-CAJALCO RD,,0,33.83636111,-117.337988890000,0,9,0,0,1,1,0,2,3,1,0,1,0,0000000,99,99,99,99,99,99,0,0,0,1,0
6,62483,1,1,0,0,0,1,1,65,1801,5,8,2016,6,0,54,0,2,4,4,6,W LAKESHORE DR,,0,33.69190833,-117.378416670000,0,33,0,0,1,1,0,4,3,1,0,1,0,0000000,99,99,99,99,88,88,0,0,0,1,1
6,62484,2,2,0,0,0,2,2,5,1710,25,7,2016,2,8,4,0,2,3,1,3,SR-104,,51,38.35282778,-120.932747220000,0,12,2,0,1,1,0,1,1,1,0,1,0,0000000,99,99,99,99,99,99,0,0,0,1,0
6,62485,1,1,0,0,0,1,1,37,2645,5,9,2016,2,6,33,0,2,3,4,6,RANCHO VISTA BL,28TH ST WEST,0,34.60174444,-118.180772220000,0,33,0,0,3,3,0,4,1,1,0,1,0,0000000,99,99,99,99,88,88,0,0,0,1,0
6,62486,2,2,0,0,0,4,4,37,1980,24,7,2016,1,22,52,0,2,4,4,6,PACIFIC AVE,,0,33.97966111,-118.465611110000,0,12,1,0,1,1,0,1,2,1,0,1,0,0000000,99,99,99,99,99,99,0,0,0,1,0
6,62487,1,1,0,1,1,4,4,87,4100,14,9,2016,4,19,47,0,2,4,4,6,WALKER ST,W BEACH ST,0,36.90783056,-121.761663890000,0,8,0,0,3,2,0,1,5,1,0,1,0,0000000,99,99,99,99,99,99,0,0,0,1,0
6,62488,1,1,0,1,1,1,1,85,2660,15,8,2016,2,9,40,0,2,7,4,6,GREENWOOD AVE,HUTCHINSON AVE,0,37.44771944,-122.142683330000,0,9,0,0,2,2,0,1,1,1,0,1,0,0000000,99,99,99,99,99,99,0,0,0,1,0
6,62489,1,1,0,1,1,1,1,59,4267,9,4,2016,7,19,30,0,2,5,4,6,FAIRMONT BLVD,LORCA LN,0,33.89074167,-117.791069440000,0,8,0,0,3,2,0,1,3,10,0,10,0,0000000,99,99,99,99,20,0,0,0,0,1,1
6,62490,2,2,0,0,0,4,4,67,1300,17,7,2016,1,17,10,0,2,7,4,6,FOLSOM LAKE CROSSING,,0,38.70091944,-121.146627780000,0,12,6,0,1,1,0,1,1,1,0,1,0,0000000,99,99,99,99,99,99,0,0,0,3,2
6,62491,2,2,0,0,0,5,5,37,2700,30,3,2016,4,6,51,0,2,4,4,6,LAKE AVE,VILLA ST,0,34.15426389,-118.132433330000,0,12,8,0,2,2,0,1,4,1,0,1,0,0000000,99,99,99,99,99,99,0,0,0,2,0
6,62492,3,2,1,0,0,3,3,37,1980,8,7,2016,6,20,25,0,2,7,4,6,BOTHWELL RD,,0,34.19168056,-118.561250000000,0,12,2,0,1,1,0,1,1,1,0,1,0,0000000,99,99,99,99,88,88,0,0,0,1,0
6,62493,2,2,0,0,0,2,2,37,1980,25,7,2016,2,17,20,0,2,3,4,6,DEVONSHIRE ST,ENCINO AVE,0,34.25759444,-118.515458330000,0,12,6,0,2,2,0,1,1,1,0,1,0,0000000,99,99,99,99,99,99,0,0,0,1,0
6,62494,1,1,0,1,1,1,1,37,1980,2,9,2016,6,22,45,0,2,3,4,6,POLK ST,,0,34.30731667,-118.449994440000,0,8,0,0,1,1,0,1,3,1,0,1,0,0000000,99,99,99,99,99,99,0,0,0,1,0
6,62495,1,1,0,2,2,1,1,37,1980,21,7,2016,5,7,10,0,2,3,4,6,BROADWAY,59TH PL,0,33.98602500,-118.278297220000,0,8,0,0,2,2,0,1,1,1,0,1,0,0000000,99,99,99,99,99,99,0,0,0,1,0
6,62496,3,3,0,0,0,8,8,13,2790,27,7,2016,4,14,1,0,2,3,4,6,E LELAND RD,HARBOR ST,0,38.01102778,-121.886036110000,0,12,1,0,3,2,0,1,1,1,0,1,0,0000000,99,99,99,99,99,99,0,0,0,1,0
6,62497,4,4,0,0,0,9,9,37,1980,6,7,2016,4,17,25,0,2,3,4,6,LINCOLN BLVD,JEFFERSON BLVD,0,33.97203056,-118.430252780000,0,12,6,0,2,2,0,1,1,1,0,1,0,0000000,99,99,99,99,99,99,0,0,0,1,0
6,62498,2,2,0,0,0,2,2,67,1108,9,8,2016,3,16,7,0,2,5,4,6,PROMENADE PKWY,LENT RANCH PKWY,0,38.37651111,-121.370844440000,0,12,2,0,2,2,0,1,1,1,0,1,0,0000000,99,99,99,99,88,88,0,0,0,1,0
6,62499,3,3,0,0,0,6,6,73,4060,11,7,2016,2,0,32,0,2,4,4,6,EAST BOBIER DR,,0,33.22138056,-117.239508330000,0,12,1,0,1,1,0,1,3,1,0,1,0,0000000,99,99,99,99,99,99,0,0,0,1,1
6,62500,2,2,0,0,0,3,3,37,1980,17,7,2016,1,17,45,0,2,3,4,6,OLYMPIC BL,MANSFIELD,0,34.05715278,-118.342527780000,0,12,8,0,2,2,0,1,1,1,0,1,0,0000000,99,99,99,99,99,99,0,0,0,1,0
6,62501,7,7,0,0,0,9,9,67,1108,8,7,2016,6,17,14,0,2,3,4,6,LAGUNA BLVD,,0,38.42339722,-121.443952780000,0,12,1,0,1,1,0,1,1,1,0,1,0,0000000,99,99,99,99,99,99,0,0,0,1,1
6,62502,1,1,0,1,1,1,1,71,3210,3,9,2016,7,5,48,0,2,4,4,6,BASELINE ST,,0,34.12135278,-117.290030560000,0,8,0,0,1,1,0,1,4,1,0,1,0,0000000,99,99,99,99,99,99,0,0,0,1,0
6,62503,1,1,0,9,9,1,1,37,1980,27,7,2016,4,20,0,0,2,5,4,6,ORCHARD AVE,,0,33.89818333,-118.287661110000,0,33,0,0,1,1,0,4,5,1,0,1,0,0000000,99,99,99,99,99,99,0,0,0,1,0
6,62504,1,1,0,0,0,5,5,37,1980,17,7,2016,1,17,45,0,2,4,4,6,MCKINLEY AVE,93RD ST,0,33.95198056,-118.260797220000,0,38,0,0,3,2,0,4,1,1,0,1,0,0000000,99,99,99,99,99,99,0,0,0,1,1
6,62505,1,1,0,1,1,1,1,37,1980,1,9,2016,5,22,47,0,2,3,1,3,SR-1,TEMESCAL CANYON RD,381,34.03583056,-118.535761110000,0,9,0,0,3,3,0,1,3,1,0,1,0,0000000,99,99,99,99,88,88,0,0,0,1,0
6,62506,1,1,0,1,1,1,1,37,1980,1,9,2016,5,21,0,0,2,3,4,6,PACIFIC COAST HWY,GULF AVE,0,33.79060000,-118.273986110000,0,8,0,0,2,2,0,1,3,1,0,1,0,0000000,99,99,99,99,99,99,0,0,0,1,0
6,62507,1,1,0,1,1,3,3,23,130,4,9,2016,1,19,15,0,2,4,4,6,H ST,14TH ST,0,40.87298611,-124.085311110000,0,8,0,0,2,2,0,1,1,1,0,1,0,0000000,99,99,99,99,88,88,0,0,0,1,1
6,62508,1,1,0,1,1,1,1,37,1980,1,9,2016,5,9,30,0,2,5,4,6,HAUSER BL,6TH ST,0,34.06483611,-118.351463890000,0,9,0,0,2,2,0,1,1,1,0,1,0,0000000,99,99,99,99,99,99,0,0,0,1,0
6,62509,2,2,0,0,0,2,2,67,3150,30,6,2016,5,18,10,1,2,2,1,2,US-50 RAMP,,8,38.56205556,-121.463500000000,0,12,1,1,20,1,0,1,1,1,0,1,0,0000000,99,99,99,99,99,99,0,0,0,1,0
6,62510,1,1,0,0,0,1,1,17,0,27,8,2016,7,23,45,0,1,3,1,3,SR-193,,116,38.90404167,-120.851536110000,0,30,0,0,1,1,0,4,2,1,0,1,0,0000000,99,99,99,99,88,88,0,0,0,1,1
6,62511,1,1,0,0,0,2,2,59,80,22,10,2016,7,4,10,1,2,2,1,3,SR-57,,145,33.83380833,-117.875950000000,0,24,0,0,1,1,0,4,3,1,0,1,0,0000000,99,99,99,99,99,99,0,0,0,1,1
6,62512,2,2,0,0,0,2,2,37,1980,31,7,2016,1,19,35,0,2,4,4,6,VAN NESS AVE,67TH ST,0,33.97817778,-118.317727780000,0,12,6,0,2,2,0,1,1,1,0,1,0,0000000,99,99,99,99,99,99,0,0,0,1,0
6,62513,1,1,0,0,0,1,1,83,3460,20,8,2016,7,13,18,0,2,4,4,6,DEPOT ST,SONYA LN,0,34.92760000,-120.444436110000,0,33,0,0,3,3,0,4,1,1,0,1,0,0000000,99,99,99,99,13,53,0,0,0,1,0
6,62514,1,1,0,1,1,1,1,81,970,15,9,2016,5,20,53,0,2,3,4,3,SR-82,,0,37.70709722,-122.457580560000,0,8,0,0,1,1,0,1,3,1,0,1,0,0000000,99,99,99,99,99,99,0,0,0,1,0
6,62515,1,1,0,1,1,1,1,37,1980,10,9,2016,7,18,13,0,2,3,4,6,WILLOW ST,LONG BEACH BL,0,33.80443889,-118.189500000000,0,8,0,0,3,2,0,1,1,1,0,1,0,0000000,99,99,99,99,99,99,0,0,0,1,0
6,62516,1,1,0,1,1,1,1,71,3210,22,8,2016,2,20,7,0,2,4,4,6,W BASELINE ST,N DAVIDSON ST,0,34.12135556,-117.293058330000,0,8,0,0,1,1,0,1,3,1,0,1,0,0000000,99,99,99,99,88,88,0,0,0,1,0
6,62517,1,1,0,1,1,1,1,85,940,2,8,2016,3,15,34,0,2,4,4,6,STELLING RD,GREENLEAF DR,0,37.33067222,-122.041447220000,0,8,0,0,3,2,0,1,1,1,0,1,0,0000000,99,99,99,99,99,99,0,0,0,1,0
6,62518,1,1,0,0,0,1,1,1,3360,15,10,2016,7,0,50,0,2,4,4,6,GRAND AVE,,0,37.72849167,-122.138916670000,0,43,0,0,1,1,0,4,3,1,0,1,0,0000000,99,99,99,99,88,88,20,0,0,1,1
6,62519,3,3,0,1,1,3,3,73,3260,11,9,2016,1,22,30,0,2,4,2,6,LINDA VISTA RD,,0,32.80165833,-117.157655560000,0,8,0,0,1,1,0,1,3,1,0,1,0,0000000,99,99,99,99,88,88,0,0,0,1,0
6,62520,1,1,0,1,1,1,1,37,1980,10,8,2016,4,18,20,0,2,4,4,6,6TH ST,,0,34.06486667,-118.357516670000,0,8,0,0,1,1,0,1,1,1,0,1,0,0000000,99,99,99,99,99,99,0,0,0,1,0
6,62521,1,1,0,1,1,1,1,85,3340,26,8,2016,6,20,50,0,2,4,4,6,MCLAUGHLIN AVE,,0,37.33674444,-121.857647220000,0,8,0,0,1,1,0,1,3,1,0,1,0,0000000,99,99,99,99,99,99,0,0,0,1,0
6,62522,2,2,0,0,0,2,2,37,1980,21,8,2016,1,0,50,0,2,4,4,6,TOPANGA CANYON,,0,34.15052222,-118.604786110000,0,12,1,0,1,1,0,1,3,1,0,1,0,0000000,99,99,99,99,99,99,0,0,0,1,0
6,62523,1,1,0,0,0,1,1,59,3420,2,10,2016,1,5,52,0,2,3,4,6,EDINGER AVE,CEDAR ST,0,33.72679167,-117.858658330000,0,39,0,0,3,3,0,4,3,10,0,10,0,0000000,99,99,99,99,99,99,0,0,0,1,1
6,62524,1,1,0,1,1,1,1,73,1200,13,9,2016,3,21,50,0,2,3,4,6,VALLEY PKWY,,0,33.13899167,-117.048616670000,0,8,0,0,1,1,0,1,3,1,0,1,0,0000000,99,99,99,99,99,99,0,0,0,1,0
6,62525,1,1,0,1,1,1,1,37,1970,12,8,2016,6,20,33,0,2,3,4,6,STUDABAKER RD,BARBANELL ST,0,33.80519722,-118.099430560000,0,8,0,0,3,3,0,1,3,1,0,1,0,0000000,99,99,99,99,99,99,0,0,0,1,0
6,62526,1,1,0,1,1,1,1,37,3455,20,9,2016,3,21,41,0,2,3,4,6,FLORENCE AVE,NORWALK BLVD,0,33.93534444,-118.072763890000,0,9,0,0,2,2,0,1,3,10,0,10,0,0000000,99,99,99,99,99,99,0,0,0,1,0
6,62527,1,1,0,0,0,1,1,13,2090,27,9,2016,3,19,36,0,2,4,4,6,ALHAMBRA AVE,,0,37.96543889,-122.098133330000,0,42,0,0,1,1,0,3,3,1,0,1,0,0000000,99,99,99,99,88,88,0,0,0,1,1
6,62528,1,1,0,1,1,2,2,85,2182,18,9,2016,1,9,45,1,1,1,1,1,I-880 RAMP,,8076,37.42587500,-121.914788890000,0,46,0,1,5,1,0,4,1,1,0,1,0,0000000,99,99,99,99,99,99,0,0,0,1,0
6,62529,1,1,0,1,1,1,1,37,1980,14,9,2016,4,5,30,0,2,5,4,6,WESTERN AVE,79TH ST,0,33.96729167,-118.309025000000,0,8,0,0,3,2,0,1,3,1,0,1,0,0000000,99,99,99,99,88,88,0,0,0,1,0
6,62530,1,1,0,0,0,1,1,37,305,25,9,2016,1,1,30,0,2,3,4,6,ALONDRA BLVD,,0,33.88936944,-118.122702780000,0,1,0,0,1,1,0,1,3,1,0,1,0,0000000,99,99,99,99,99,99,0,0,0,1,1
6,62531,1,1,0,1,1,1,1,73,3260,16,9,2016,6,21,55,0,2,3,4,6,EL CAJON,KANSAS STREET,0,32.75540278,-117.131422220000,0,8,0,0,3,3,0,1,3,1,0,1,0,0000000,99,99,99,99,99,99,0,0,0,1,0
6,62532,1,1,0,0,0,2,2,71,260,15,10,2016,7,23,21,0,2,5,4,6,N YUCCA AVE,,0,34.90073889,-117.004558330000,0,33,0,0,1,1,0,4,3,1,0,1,0,0000000,99,99,99,99,88,88,0,0,0,2,0
6,62533,2,2,0,0,0,9,9,77,3770,22,9,2016,5,11,18,0,2,3,4,6,AIRPORT WAY,HAZELTON AVE,0,37.94943056,-121.272600000000,0,12,6,0,2,2,0,1,1,1,0,1,0,0000000,99,99,99,99,99,99,0,0,0,1,0
6,62534,1,1,0,1,1,1,1,73,4060,19,8,2016,6,20,58,0,2,4,4,6,EAST VISTA WY,,0,33.22607222,-117.226127780000,0,8,0,0,1,1,0,1,3,1,0,1,0,0000000,99,99,99,99,88,88,0,0,0,1,0
6,62535,1,1,0,1,1,1,1,37,305,20,9,2016,3,22,5,0,2,7,4,6,SOMERSET BLVD,RYON AVE,0,33.89656667,-118.128522220000,0,8,0,0,3,3,0,1,3,1,0,1,0,0000000,99,99,99,99,88,88,0,0,0,1,1
6,62536,1,1,0,1,1,1,1,37,1980,21,9,2016,4,6,0,0,2,5,4,6,4TH ST,SERRANO AVE,0,34.06716667,-118.306688890000,0,8,0,0,3,2,0,1,4,1,0,1,0,0000000,99,99,99,99,99,99,0,0,0,1,1
6,62537,1,1,0,1,1,4,4,37,1970,29,9,2016,5,19,6,0,2,4,4,6,ARTESIA BLVD,MYRTLE AVE,0,33.87466389,-118.181716670000,0,8,0,0,3,3,0,1,3,1,0,1,0,0000000,99,99,99,99,99,99,0,0,0,1,0
6,62538,2,2,0,0,0,2,2,85,3340,19,7,2016,3,16,49,0,2,3,4,6,MCKEAN BLVD,BAILEY AVE,0,37.18224722,-121.761716670000,0,12,6,0,2,3,0,1,1,1,0,1,0,0000000,99,99,99,99,88,88,14,0,0,1,0
6,62539,2,2,0,0,0,3,3,37,1980,9,8,2016,3,19,50,0,2,3,4,6,CENTRAL AVE,92ND ST,0,33.95326944,-118.256391670000,0,12,2,0,2,2,0,1,5,1,0,1,0,0000000,99,99,99,99,99,99,0,0,0,1,0
6,62540,2,2,0,0,0,3,3,37,1980,6,8,2016,7,11,52,0,2,3,4,6,SUNSET BLVD,MICHELTORENA ST,0,34.08758056,-118.275866670000,0,12,6,0,2,2,0,1,1,1,0,1,0,0000000,99,99,99,99,99,99,0,0,0,1,0
6,62541,2,2,0,0,0,2,2,73,3260,12,8,2016,6,20,50,0,2,3,4,6,REGENTS RD,,0,32.83382500,-117.215877780000,0,12,7,0,1,1,0,1,2,1,0,1,0,0000000,99,99,99,99,88,88,0,0,0,1,0
6,62542,2,2,0,0,0,9,9,77,3770,30,7,2016,7,21,22,0,2,4,3,6,HAMMER LN,GIRARDI WY,0,38.02120278,-121.276625000000,0,12,2,0,2,2,0,1,3,1,0,1,0,0000000,99,99,99,99,99,99,0,0,0,1,1
6,62543,3,3,0,0,0,8,8,37,1980,12,8,2016,6,15,5,0,2,5,4,6,LA TUNA CYN RD,,0,34.23617222,-118.328080560000,0,12,2,0,1,1,0,1,1,1,0,1,0,0000000,99,99,99,99,99,99,0,0,0,2,0
6,62544,3,1,2,2,3,1,2,97,2740,28,7,2016,5,15,28,0,2,5,4,6,SONOMA MOUNTAIN PKWY,,0,38.26193611,-122.628677780000,0,14,0,0,1,1,0,2,1,1,0,1,0,0000000,99,99,99,99,99,99,15,14,0,1,0
6,62545,1,1,0,1,1,1,1,37,1980,2,10,2016,1,6,0,0,2,3,4,6,ALVARADO ST,BEVERLY BLVD,0,34.06668056,-118.270341670000,0,8,0,0,2,2,0,1,3,1,0,1,0,0000000,99,99,99,99,99,99,0,0,0,1,0
6,62546,1,1,0,0,0,1,1,37,1980,24,10,2016,2,10,25,0,2,3,4,6,SHERMAN WY,,0,34.19835000,-118.632825000000,0,33,0,0,1,1,0,4,1,1,0,1,0,0000000,99,99,99,99,88,88,0,0,0,1,0
6,62547,1,1,0,0,0,1,1,87,0,19,4,2016,3,14,10,1,1,2,1,3,SR-1 RAMP,,86,36.97071944,-121.874869440000,0,42,0,1,5,1,0,4,1,1,0,1,0,0000000,99,99,99,99,99,99,0,0,0,1,0
6,62548,2,2,0,0,0,7,7,19,0,26,12,2016,2,10,52,1,1,1,1,1,I-5,,280,36.39963889,-120.361530560000,0,12,6,0,1,1,0,1,1,1,0,1,0,0000000,99,99,99,99,99,99,0,0,0,1,0
6,62549,2,2,0,1,1,3,3,37,1980,3,12,2016,7,5,0,1,2,1,1,1,I-5,,380,34.25168056,-118.429630560000,0,8,0,0,1,1,0,1,2,1,0,1,0,0000000,99,98,99,98,88,88,0,0,0,1,0
6,62550,1,1,0,0,0,1,1,97,0,21,11,2016,2,16,0,0,1,2,1,3,SR-1,,295,38.49778333,-123.206186110000,0,1,0,0,1,1,0,4,1,1,0,1,0,0000000,99,99,99,99,88,88,0,0,0,1,0
6,62551,2,2,0,0,0,3,3,37,0,14,11,2016,2,18,23,1,1,2,1,3,SR-14,,718,34.74523611,-118.170213890000,0,54,11,0,1,1,0,1,3,1,0,1,0,0000000,99,99,99,99,88,88,14,0,0,1,0
6,62552,3,3,0,0,0,4,4,111,0,22,11,2016,3,15,39,1,1,2,1,3,SR-126,,288,34.40873056,-118.787961110000,0,12,7,0,1,1,0,1,1,1,0,1,0,0000000,99,99,99,99,99,99,0,0,0,1,0
6,62553,1,1,0,1,1,1,1,67,0,26,12,2016,2,6,44,0,1,3,2,4,CR-47TH AVE,,0,38.51040000,-121.451200000000,0,8,0,0,1,1,0,1,2,1,0,1,0,0000000,99,99,99,99,99,99,0,0,0,1,0
6,62554,1,1,0,1,1,1,1,107,0,24,12,2016,7,18,20,0,1,2,1,3,SR-216,,70,36.38430000,-119.215500000000,0,8,0,0,1,1,0,2,3,1,0,1,0,0000000,99,99,99,99,99,99,0,0,0,1,0
6,62555,1,1,0,0,0,6,6,71,0,22,10,2016,7,22,48,1,1,1,1,1,I-15,,1013,34.99683611,-116.568400000000,0,24,0,0,1,1,0,3,2,1,0,1,0,0000000,99,99,99,99,99,99,0,0,0,1,1
6,62556,2,2,0,0,0,2,2,65,0,6,11,2016,1,10,59,0,1,4,2,4,CR-LA SIERRA AVE,,0,33.82934444,-117.460358330000,0,1,0,0,1,1,0,2,1,1,0,1,0,0000000,99,99,99,99,99,99,0,0,0,1,0
6,62557,1,1,0,1,1,2,2,73,3260,5,10,2016,4,19,6,0,2,3,4,6,ROSECRANS ST,,0,32.74804444,-117.207916670000,0,8,0,0,1,1,0,1,3,1,0,1,0,0000000,99,99,99,99,99,99,0,0,0,1,0
6,62558,2,2,0,0,0,3,3,37,2749,11,7,2016,2,4,3,0,2,3,4,6,PARAMOUNT BLVD,,0,33.99768611,-118.092058330000,0,12,2,0,1,1,0,1,3,1,0,1,0,0000000,99,99,99,99,99,99,0,0,0,2,1
6,62559,2,2,0,0,0,2,2,13,110,16,8,2016,3,9,56,0,2,3,4,6,A ST,W 17TH ST,0,38.00565278,-121.806036110000,0,12,6,0,2,3,0,1,1,1,0,1,0,0000000,99,99,99,99,99,99,0,0,0,1,0
6,62560,2,2,0,0,0,3,3,77,3770,18,8,2016,5,20,30,0,2,3,4,6,PACIFIC AVE,REGENT CT,0,37.97421667,-121.302366670000,0,12,6,0,2,2,0,1,3,1,0,1,0,0000000,99,99,99,99,99,99,0,0,0,1,0
6,62561,2,2,0,0,0,2,2,37,810,27,7,2016,4,21,50,0,2,4,4,6,COMPTON BL,,0,33.89536389,-118.259002780000,0,33,0,0,1,1,0,3,3,1,0,1,0,0000000,99,99,99,99,88,88,0,0,0,1,0
6,62562,2,2,0,0,0,2,2,59,9997,16,7,2016,7,14,5,0,2,3,4,6,SANTIAGO CANYON RD,MODJESKA GRADE RD,0,33.69691944,-117.633250000000,0,12,6,0,2,3,0,1,1,1,0,1,0,0000000,99,99,99,99,88,88,0,0,0,1,2
6,62563,2,2,0,0,0,3,3,73,3260,19,8,2016,6,15,39,0,2,7,4,6,MIRAMAR WY,KEARNY VILLA RD,0,32.88053889,-117.116661110000,0,12,6,0,3,2,0,1,1,1,0,1,0,0000000,99,99,99,99,88,88,0,0,0,1,0
6,62564,2,2,0,0,0,2,2,37,1970,16,7,2016,7,18,57,0,2,3,4,6,7TH ST,SANTIAGO AVE,0,33.77532222,-118.128536110000,0,12,6,0,2,2,0,1,1,1,0,1,0,0000000,99,99,99,99,99,99,19,0,0,1,0
6,62565,3,3,0,0,0,4,4,71,3210,23,7,2016,7,6,40,0,2,4,4,6,MT VERNON AVE,MILL ST,0,34.09213056,-117.313847220000,0,12,6,0,2,2,0,1,1,1,0,1,0,0000000,99,99,99,99,99,99,0,0,0,1,1
6,62566,1,1,0,1,1,1,1,65,1690,26,3,2016,7,6,58,0,2,4,4,6,FRED WARING DR,HERITAGE PALMS DR,0,33.72917500,-116.263386110000,0,8,0,0,2,2,0,1,1,1,0,1,0,0000000,99,99,99,99,88,88,0,0,0,1,0
6,62567,2,2,0,0,0,2,2,37,1980,17,8,2016,4,4,25,0,2,3,4,6,ROSCOE BL,WILLIS AVE,0,34.22148611,-118.455563890000,0,12,2,0,1,1,0,1,3,1,0,1,0,0000000,99,99,99,99,99,99,0,0,0,1,0
6,62568,2,2,0,0,0,3,3,77,3880,20,8,2016,7,14,20,0,2,7,4,6,EGRET DR,HUMMINGBIRD WY,0,37.71688611,-121.443358330000,0,12,6,0,2,3,0,1,1,1,0,1,0,0000000,99,99,99,99,99,99,0,0,0,1,0
6,62569,1,1,0,1,1,1,1,65,3320,29,7,2016,6,5,30,0,2,3,4,6,RAMONA EXPY,,0,33.80200278,-116.973300000000,0,8,0,0,1,1,0,1,3,1,0,1,0,0000000,99,99,99,99,99,99,0,0,0,1,0
6,62570,2,2,0,0,0,3,3,73,1200,15,8,2016,2,7,30,1,2,1,1,1,I-15,,311,33.12338611,-117.103583330000,0,12,7,0,1,1,0,1,1,1,0,1,0,0000000,99,99,99,99,99,99,0,0,0,1,0
6,62571,1,1,0,0,0,1,1,37,1980,26,9,2016,2,1,20,0,2,3,4,6,WASHINGTON BLVD,FLOWER ST,0,34.03385278,-118.270850000000,0,1,0,0,3,2,0,1,3,1,0,1,0,9999999,99,99,99,99,88,88,0,0,0,1,0
6,62572,3,2,1,0,0,2,2,75,3290,17,8,2016,4,14,28,0,2,4,4,6,JUDSON AVE,,0,37.72826389,-122.445983330000,0,12,2,0,1,1,0,1,1,1,0,1,0,0000000,99,99,99,99,99,99,0,0,0,1,0
6,62573,2,2,0,0,0,4,4,73,3260,21,8,2016,1,0,57,0,2,4,4,6,CAMINO RUIZ,ZAPATA AVE,0,32.92736389,-117.144005560000,0,12,6,0,3,2,0,1,3,1,0,1,0,0000000,99,99,99,99,99,99,0,0,0,1,1
6,62574,2,2,0,0,0,3,3,37,1980,24,8,2016,4,12,40,0,2,3,4,6,WOODMAN AVE,,0,34.19671944,-118.431252780000,0,12,1,0,1,1,0,1,1,1,0,1,0,0000000,99,99,99,99,99,99,0,0,0,1,0