STATE,ST_CASE,VE_TOTAL,VE_FORMS,PVH_INVL,PEDS,PERNOTMVIT,PERMVIT,PERSONS,COUNTY,CITY,DAY,MONTH,YEAR,DAY_WEEK,HOUR,MINUTE,NHS,RUR_URB,FUNC_SYS,RD_OWNER,ROUTE,TWAY_ID,TWAY_ID2,MILEPT,LATITUDE,LONGITUD,SP_JUR,HARM_EV,MAN_COLL,RELJCT1,RELJCT2,TYP_INT,WRK_ZONE,REL_ROAD,LGT_COND,WEATHER1,WEATHER2,WEATHER,SCH_BUS,RAIL,NOT_HOUR,NOT_MIN,ARR_HOUR,ARR_MIN,HOSP_HR,HOSP_MN,CF1,CF2,CF3,FATALS,DRUNK_DR
6,62781,1,1,0,1,1,1,1,107,2880,6,12,2016,3,20,2,0,2,4,4,6,PLANO ST,CHASE AVE,0,36.05372222,-119.008152780000,0,8,0,0,3,3,0,1,3,1,0,1,0,0000000,99,99,99,99,99,99,0,0,0,1,0
6,62782,2,2,0,0,0,2,2,37,1980,20,9,2016,3,9,0,0,2,3,4,6,SANTA MONICA BL,MADISON AVE,0,34.09087222,-118.289275000000,0,12,6,0,2,2,0,1,1,1,0,1,0,0000000,99,99,99,99,99,99,0,0,0,1,0
6,62783,2,2,0,0,0,2,2,97,3089,12,12,2016,2,14,18,0,2,3,4,6,ROHNERT PARK EXPY,,0,38.34822222,-122.696936110000,0,42,0,0,1,1,0,3,1,10,0,10,0,0000000,99,99,99,99,88,88,14,0,0,1,0
6,62784,1,1,0,1,1,1,1,37,1980,16,12,2016,6,23,33,0,2,3,4,6,CENTURY BL,,0,33.94545833,-118.311180560000,0,8,0,0,1,1,0,1,3,1,0,1,0,0000000,99,99,99,99,88,88,0,0,0,1,0
6,62785,2,2,0,0,0,2,2,83,0,13,10,2016,5,22,20,0,1,5,2,4,CR-OCEAN AVENUE,,0,34.64275000,-120.507797220000,0,12,2,0,1,1,0,1,2,10,0,10,0,0000000,99,99,99,99,99,99,0,0,0,1,1
6,62786,1,1,0,0,0,4,4,15,0,5,8,2016,6,19,26,0,1,5,2,4,CR-CLOUTIER ST,,0,41.85816111,-124.212786110000,0,43,0,0,1,1,0,4,1,1,0,1,0,0000000,99,99,99,99,99,99,0,0,0,1,1
6,62787,1,1,0,0,0,2,2,37,2458,26,11,2016,7,0,58,0,2,7,4,6,FUNSTON AVE,,0,33.90647778,-118.073855560000,0,33,0,0,1,1,0,4,3,1,0,1,0,0000000,99,99,99,99,99,99,0,0,0,1,0
6,62788,1,1,0,0,0,1,1,99,2200,29,12,2016,5,0,44,0,2,4,4,6,COFFEE RD,E BRIGGSMORE AVE,0,37.66738056,-120.975730560000,0,1,0,0,3,2,0,1,3,1,0,1,0,0000000,99,99,99,99,99,99,20,0,0,1,0
6,62789,1,1,0,1,1,1,1,97,2740,14,10,2016,6,19,45,0,2,4,4,6,LAKEVILLE ST,,0,38.23559444,-122.627555560000,0,8,0,0,1,1,0,1,2,10,0,10,0,0000000,99,99,99,99,99,99,0,0,0,1,0
6,62790,1,1,0,1,1,1,1,99,3950,3,11,2016,5,21,4,0,2,5,4,6,W MONTE VISTA AVE,DEL'S LN,0,37.52196111,-120.858111110000,0,8,0,0,3,2,0,1,3,1,0,1,0,0000000,99,99,99,99,99,99,0,0,0,1,0
6,62791,1,1,0,1,1,2,2,73,560,4,12,2016,1,20,22,0,2,5,4,6,JEFFERSON ST,GRAND AVE,0,33.16245278,-117.346538890000,0,8,0,0,3,2,0,1,3,1,0,1,0,0000000,99,99,99,99,99,99,0,0,0,1,1
6,62792,1,1,0,1,1,1,1,67,3150,2,12,2016,6,18,9,0,2,3,4,6,POWER INN RD,,0,38.52262500,-121.409122220000,0,8,0,0,1,1,0,1,3,1,0,1,0,0000000,99,99,99,99,99,99,0,0,0,1,0
6,62793,1,1,0,1,1,1,1,13,820,20,12,2016,3,17,49,0,2,7,4,6,PANORAMIC DRIVE,PORT CHICAGO HIGHWAY,0,38.00450000,-122.024197220000,0,8,0,0,3,2,0,1,3,1,0,1,0,0000000,99,99,99,99,99,99,0,0,0,1,0
6,62794,1,1,0,1,1,1,1,87,4100,5,12,2016,2,18,29,0,2,3,4,6,FREEDOM BL,COMPTON TE,0,36.94006944,-121.781083330000,0,8,0,0,3,2,0,1,3,1,0,1,0,0000000,99,99,99,99,88,88,0,0,0,1,0
6,62795,1,1,0,1,1,1,1,73,3260,3,11,2016,5,19,29,0,2,4,4,6,CARMEL MOUNTAIN RD,,0,32.97311944,-117.092958330000,0,8,0,0,1,1,0,1,6,1,0,1,0,0000000,99,99,99,99,88,88,0,0,0,1,0
6,62796,4,3,1,0,0,7,7,37,1980,25,6,2016,7,21,0,0,2,3,4,6,VENTURA BLVD,DE SOTO AVE,0,34.16644167,-118.588697220000,0,12,6,0,8,1,0,1,2,1,0,1,0,0000000,99,99,99,99,99,99,0,0,0,3,0
6,62797,2,2,0,1,1,4,4,107,3920,8,12,2016,5,17,4,0,2,4,4,6,BARDSLEY AVE,,0,36.19664722,-119.331611110000,0,9,0,0,1,1,0,1,3,10,0,10,0,0000000,99,99,99,99,88,88,0,0,0,1,0
6,62798,1,1,0,0,0,1,1,13,3400,19,11,2016,7,11,38,0,2,3,4,6,SAN PABLO AVE,,0,37.97253333,-122.343077780000,0,42,0,0,1,1,0,3,1,2,0,2,0,0000000,99,99,99,99,99,99,0,0,0,1,0
6,62799,1,1,0,1,1,1,1,37,1980,1,12,2016,5,23,50,0,2,3,4,6,7TH ST,MERCHANT ST,0,34.03716944,-118.241766670000,0,8,0,0,3,3,0,1,3,1,0,1,0,0000000,99,99,99,99,88,88,0,0,0,1,0
6,62800,1,1,0,0,0,1,1,111,538,19,11,2016,7,17,4,0,2,7,4,6,DAWSON DRIVE,MISSION OAKS BLVD,0,34.21708333,-119.031752780000,0,33,0,0,1,1,0,3,5,1,0,1,0,0000000,99,99,99,99,99,99,0,0,0,1,0
6,62801,1,1,0,1,1,3,3,73,3260,31,12,2016,7,21,21,0,2,3,4,6,FAIRMOUNT AVE,,0,32.76451944,-117.096980560000,0,8,0,0,1,1,0,1,3,2,10,2,0,0000000,99,99,99,99,99,99,0,0,0,1,0
6,62802,1,1,0,1,1,1,1,37,1980,19,11,2016,7,20,0,0,2,3,4,6,FIGUEROA ST,,0,33.87693333,-118.282388890000,0,9,0,0,1,1,0,1,3,1,0,1,0,0000000,99,99,99,99,88,88,0,0,0,1,0
6,62803,1,1,0,0,0,1,1,67,3150,19,11,2016,7,1,12,0,2,3,4,6,FRUITRIDGE RD,POWER INN RD,0,38.52509167,-121.409219440000,0,30,0,0,3,2,0,4,3,10,0,10,0,0000000,99,99,99,99,88,88,0,0,0,1,0
6,62804,1,1,0,1,1,1,1,37,1980,15,12,2016,5,1,43,0,2,4,4,6,LANKERSHIM BLVD,,0,34.19124722,-118.387794440000,0,8,0,0,1,1,1,1,3,10,0,10,0,0000000,99,99,99,99,99,99,0,0,0,1,0
6,62805,1,1,0,1,1,1,1,19,740,8,12,2016,5,20,1,0,2,5,4,6,BARSTOW AVE,FOWLER AVE,0,36.81581944,-119.681930560000,0,15,0,0,2,2,0,1,3,10,0,10,0,0000000,99,99,99,99,99,99,0,0,0,1,0
6,62806,1,1,0,1,1,3,3,73,3260,24,12,2016,7,13,23,0,2,4,4,6,LOGAN AVE,,0,32.69679444,-117.086938890000,0,8,0,0,1,1,0,1,1,10,0,10,0,0000000,99,99,99,99,88,88,0,0,0,1,0
6,62807,1,1,0,0,0,2,2,85,3790,26,11,2016,7,17,35,0,2,3,4,6,CENTRAL EXPWY,,0,37.38571111,-122.051233330000,0,33,0,0,1,1,0,4,3,2,0,2,0,0000000,99,99,99,99,88,88,0,0,0,2,1
6,62808,2,1,1,0,0,1,1,95,4010,4,11,2016,6,1,24,1,2,1,1,1,I-80,,303,38.38631667,-121.936511110000,0,14,0,0,1,1,0,2,3,1,0,1,0,0000000,99,99,99,99,99,99,0,0,0,1,1
6,62809,1,1,0,1,1,1,1,37,120,14,12,2016,4,21,46,0,2,4,4,6,BALDWIN AVE,ARCADIA AVE,0,34.12729722,-118.054894440000,0,8,0,0,2,3,0,1,3,1,0,1,0,0000000,99,99,99,99,99,99,0,0,0,1,1
6,62810,1,1,0,1,1,1,1,73,3260,22,9,2016,5,20,10,0,2,7,4,6,W DATE ST,KETTNER BL,0,32.72299167,-117.169225000000,0,8,0,0,3,2,0,1,3,1,0,1,0,0000000,99,99,99,99,99,99,0,0,0,1,0
6,62811,1,1,0,1,1,1,1,37,1840,27,10,2016,5,6,44,0,2,3,4,6,AVENUE I,,0,34.70437500,-118.083338890000,0,8,0,0,1,1,0,1,3,1,0,1,0,0000000,99,99,99,99,88,88,0,0,0,1,0
6,62812,1,1,0,1,1,5,5,37,1980,13,11,2016,1,19,25,0,2,3,4,6,LANKERSHIM BL,,0,34.21983056,-118.387805560000,0,8,0,0,1,1,0,1,2,1,0,1,0,0000000,99,99,99,99,88,88,0,0,0,1,0
6,62813,2,2,0,0,0,4,4,81,3390,10,12,2016,7,3,15,1,2,2,1,2,US-101,,129,37.56454722,-122.307263890000,0,12,6,0,1,1,0,1,2,10,2,2,0,0000000,99,99,99,99,99,99,19,23,0,1,2
6,62814,2,1,1,0,1,1,2,77,3770,31,12,2016,7,20,31,1,2,1,1,1,I-5,,290,37.96435833,-121.335641670000,0,14,0,0,1,1,0,2,2,1,0,1,0,0000000,99,99,99,99,88,88,0,0,0,1,0
6,62815,1,1,0,0,0,1,1,37,0,26,6,2016,1,20,20,0,1,6,2,4,CR-MULHOLLAND HWY,,0,34.05786111,-118.934380560000,0,17,0,0,1,1,0,4,5,1,0,1,0,0000000,99,99,99,99,88,88,0,0,0,1,0
6,62816,1,1,0,1,1,1,1,71,2922,28,12,2016,4,2,50,1,2,1,1,1,I-15 RAMP,,32,34.07988056,-117.545605560000,0,8,0,1,5,1,0,1,3,1,0,1,0,0000000,99,99,99,99,88,88,0,0,0,1,0
6,62817,1,1,0,0,0,1,1,37,2870,29,11,2016,3,8,47,0,2,5,4,6,FRANKLIN AVE,,0,34.04100278,-117.726038890000,0,34,0,0,1,1,0,4,1,1,0,1,0,0000000,99,99,99,99,88,88,20,0,0,1,0
6,62818,1,1,0,1,1,2,2,59,1790,8,12,2016,5,18,30,0,2,3,1,3,SR-90,,12,33.91730278,-117.956841670000,0,8,0,0,1,1,0,1,3,1,0,1,0,0000000,99,99,99,99,88,88,0,0,0,1,0
6,62819,1,1,0,1,1,1,1,37,1980,14,12,2016,4,17,40,0,2,4,4,6,N AVENUE 64,,0,34.11965833,-118.178425000000,0,8,0,0,1,1,0,1,3,1,0,1,0,0000000,99,99,99,99,99,99,0,0,0,1,0
6,62820,2,2,0,0,0,3,3,59,80,31,8,2016,4,20,18,0,2,3,4,6,W LINCOLN AVE,N GRAND AVE,0,33.83207778,-117.997919440000,0,12,6,0,2,2,0,1,3,1,0,1,0,0000000,99,99,99,99,99,99,0,0,0,1,0
6,62821,1,1,0,1,1,1,1,59,1410,15,12,2016,5,19,7,0,2,4,4,6,HASTER ST,LAMPSON AVE,0,33.78131111,-117.906191670000,0,8,0,0,1,1,0,1,2,2,0,2,0,0000000,99,99,99,99,99,99,0,0,0,1,0
6,62822,1,1,0,0,0,1,1,13,3010,10,11,2016,5,8,6,0,2,5,4,6,BLUME DR,AUTO PLAZA,0,37.98483056,-122.319125000000,0,33,0,0,3,2,0,4,1,10,0,10,0,0000000,99,99,99,99,88,88,0,0,0,1,0
6,62823,1,1,0,1,1,1,1,71,790,19,12,2016,2,12,48,0,2,4,4,6,N MT VERNON AVE,E LAUREL AVE,0,34.08029722,-117.313847220000,0,8,0,0,3,3,0,1,1,1,0,1,0,0000000,99,99,99,99,99,99,0,0,0,1,0
6,62824,1,1,0,1,1,1,1,99,2200,12,11,2016,7,22,43,0,2,4,4,6,TULLY RD,,0,37.69692778,-121.012636110000,0,8,0,0,1,1,0,1,3,1,0,1,0,0000000,99,99,99,99,88,88,0,0,0,1,0
6,62825,2,1,1,0,0,2,2,97,4239,26,12,2016,2,13,10,0,2,7,4,6,COLLEEN DR,,0,38.55236944,-122.822647220000,0,14,0,0,1,1,1,7,1,1,0,1,0,0000000,99,99,99,99,99,99,0,0,0,1,0
6,62826,3,3,0,1,1,6,6,37,1980,14,8,2016,1,20,25,0,2,4,4,6,VANOWEN ST,WINNETKA AVE,0,34.19377222,-118.570980560000,0,12,6,0,2,2,0,1,3,1,0,1,0,0000000,99,99,99,99,99,99,14,0,0,1,0
6,62827,1,1,0,0,0,1,1,67,1300,15,12,2016,5,3,8,0,2,3,4,6,RILEY ST,LEIDESDORFF ST,0,38.67847222,-121.176694440000,0,33,0,0,1,1,0,4,3,10,0,10,0,0000000,99,99,99,99,88,88,0,0,0,1,0
6,62828,2,2,0,0,0,2,2,37,2645,9,12,2016,6,17,5,0,2,3,4,6,RANCHO VISTA BL,DUNBAR ST,0,34.60173611,-118.161433330000,0,12,6,0,2,3,0,1,5,1,0,1,0,0000000,99,99,99,99,99,99,0,0,0,1,0
6,62829,1,1,0,1,1,1,1,37,30,10,11,2016,5,8,32,0,2,3,4,6,VALLEY BL,CAMPBELL AVE,0,34.07739722,-118.143177780000,0,8,0,0,3,2,0,1,1,1,0,1,0,0000000,99,99,99,99,99,99,0,0,0,1,0
6,62830,1,1,0,1,1,2,2,37,1808,18,12,2016,1,19,40,0,2,3,4,6,PARAMOUNT BLVD,ECKLESON ST,0,33.84861667,-118.159875000000,0,8,0,0,3,3,0,1,3,1,0,1,0,0000000,99,99,99,99,88,88,0,0,0,1,0
6,62831,1,1,0,1,1,2,2,73,3260,8,11,2016,3,17,44,0,2,3,4,6,BALBOA AVE,,0,32.82236667,-117.128972220000,0,8,0,0,1,1,0,1,3,1,0,1,0,0000000,99,99,99,99,99,99,0,0,0,1,0
6,62832,1,1,0,1,1,2,2,99,2200,17,12,2016,7,0,21,0,2,4,4,6,SYLVAN AVE,,0,37.68908889,-120.993677780000,0,8,0,0,1,1,0,1,3,1,0,1,0,0000000,99,99,99,99,99,99,0,0,0,1,0
6,62833,1,1,0,1,1,1,1,37,1700,3,12,2016,7,17,14,0,2,4,4,6,HYDE PARK BL,,0,33.97651667,-118.360727780000,0,8,0,0,8,1,0,1,3,1,0,1,0,0000000,99,99,99,99,99,99,0,0,0,1,1
6,62834,1,1,0,1,1,1,1,37,1980,22,12,2016,5,6,20,0,2,3,4,6,AVALON BL,,0,34.00497500,-118.265261110000,0,8,0,0,1,1,0,1,4,10,0,10,0,0000000,99,99,99,99,88,88,0,0,0,1,0
6,62835,1,1,0,1,1,1,1,37,1980,8,11,2016,3,17,40,0,2,2,1,3,SR-90,,16,33.98181389,-118.431672220000,0,8,0,1,18,1,0,1,5,1,0,1,0,0000000,99,99,99,99,99,99,0,0,0,1,0
6,62836,1,1,0,1,1,1,1,37,1980,14,12,2016,4,4,30,0,2,5,4,6,REDONDO BEACH BLVD,AINSWORTH AVE,0,33.88287778,-118.326530560000,0,8,0,0,2,3,0,1,3,1,0,1,0,0000000,99,99,99,99,99,99,0,0,0,1,0
6,62837,2,2,0,0,0,2,2,13,820,28,12,2016,4,19,57,1,2,2,1,3,SR-4,,160,38.01167778,-122.011241670000,0,12,7,0,1,1,0,1,3,1,0,1,0,0000000,99,99,99,99,88,88,0,0,0,1,0
6,62838,1,1,0,0,0,1,1,71,0,25,8,2016,5,99,99,1,1,1,1,1,I-15,,1458,35.34631111,-115.946438890000,0,34,0,0,1,1,0,4,2,1,0,1,0,0000000,99,99,99,99,88,88,0,0,0,1,0
6,62839,1,1,0,1,1,1,1,37,1980,27,12,2016,3,18,0,0,2,3,4,6,VERMONT AVE,,0,33.98039722,-118.291722220000,0,8,0,0,1,1,0,1,3,1,0,1,0,0000000,99,99,99,99,99,99,0,0,0,1,0
6,62840,1,1,0,1,1,1,1,7,2680,15,11,2016,3,17,11,0,2,3,4,6,CLARK RD,,0,39.76805556,-121.600002780000,0,8,0,0,1,1,0,1,2,1,0,1,0,0000000,99,99,99,99,88,88,0,0,0,1,0
6,62841,1,1,0,1,1,1,1,37,1980,26,12,2016,2,18,0,0,2,4,4,6,NORMANDIE AVE,255TH ST,0,33.79280556,-118.297466670000,0,8,0,0,3,2,0,1,3,1,0,1,0,0000000,99,99,99,99,99,99,0,0,0,1,0
6,62842,1,1,0,1,1,1,1,71,260,15,7,2016,6,13,19,0,2,3,4,6,EAST MAIN ST,MURIEL DR,0,34.89865278,-117.013902780000,0,8,0,0,2,2,0,1,1,1,0,1,0,0000000,99,99,99,99,99,99,0,0,0,1,0
6,62843,3,3,0,0,0,3,3,37,3630,8,10,2016,7,11,40,0,2,4,4,6,CHERRY AVE,HILL ST,0,33.79723611,-118.167675000000,0,12,1,0,3,2,0,1,1,1,0,1,0,0000000,99,99,99,99,99,99,0,0,0,1,0
6,62844,2,2,0,0,0,2,2,77,3770,11,7,2016,2,8,22,0,2,5,4,6,QUAIL LAKES DR,,0,37.98523611,-121.339858330000,0,12,6,0,8,1,0,1,1,1,0,1,0,0000000,99,99,99,99,99,99,0,0,0,1,0
6,62845,2,2,0,0,0,3,3,37,4190,9,8,2016,3,21,15,0,2,3,4,6,WHITTIER BL,SANTA GERTRUDES AVE,0,33.94475833,-117.994319440000,0,12,6,0,2,2,0,1,3,1,0,1,0,0000000,99,99,99,99,99,99,0,0,0,1,0
6,62846,1,1,0,0,0,4,4,71,790,6,11,2016,1,1,15,0,2,4,4,6,W SAN BERNARDINO AVE,N SYCAMORE AVE,0,34.07774444,-117.365916670000,0,33,0,0,3,3,0,4,3,1,0,1,0,0000000,99,99,99,99,99,99,0,0,0,1,1
6,62847,1,1,0,1,1,1,1,95,1260,20,9,2016,3,18,33,1,2,3,1,3,SR-12,BECK AVE,32,38.23483611,-122.066152780000,0,9,0,0,2,2,0,1,1,1,0,1,0,0000000,99,99,99,99,88,88,0,0,0,1,0
6,62848,6,6,0,0,0,10,10,37,3870,12,3,2016,7,13,40,0,2,3,4,6,TORRANNCE BLVD,MADRONA AVE,0,33.83749444,-118.344752780000,0,12,7,0,3,2,0,1,1,1,0,1,0,0000000,99,99,99,99,88,88,27,19,0,1,0
6,62849,1,1,0,1,1,1,1,99,3950,4,11,2016,6,20,32,0,2,4,4,6,N GOLDEN STATE BL,FULKERTH RD,0,37.50730833,-120.861125000000,0,8,0,0,3,2,0,1,3,1,0,1,0,0000000,99,99,99,99,99,99,0,0,0,1,0
6,62850,2,2,0,0,0,2,2,53,3180,23,8,2016,3,11,57,0,2,3,4,6,E LAUREL DR,ST EDWARDS AVE,0,36.67544444,-121.614408330000,0,12,6,0,2,3,0,1,1,1,0,1,0,0000000,99,99,99,99,99,99,0,0,0,1,0
6,62851,1,1,0,1,1,1,1,37,305,29,12,2016,5,19,14,0,2,3,1,3,SR-19,,80,33.90520000,-118.142850000000,0,8,0,0,1,1,0,1,3,1,0,1,0,0000000,99,99,99,99,99,99,0,0,0,1,0
6,62852,1,1,0,0,0,1,1,59,80,28,8,2016,1,8,51,1,2,2,1,3,SR-57,,134,33.81809444,-117.876147220000,0,39,0,1,19,1,0,4,1,1,0,1,0,0000000,99,99,99,99,99,99,0,0,0,1,0
6,62853,1,1,0,1,1,3,3,37,1400,18,10,2016,3,4,25,0,2,3,4,6,ARTESIA BLVD,VERMONT AVE,0,33.87285556,-118.290938890000,0,8,0,0,3,2,0,1,3,1,0,1,0,0000000,99,99,99,99,99,99,0,0,0,1,0
6,62854,2,2,0,0,0,5,5,37,2929,28,8,2016,1,11,34,0,2,3,4,6,PALOS VERDES DR SOUTH,PALOS VERDES DR EAST,0,33.72957222,-118.337388890000,0,12,1,0,2,3,0,1,1,1,0,1,0,0000000,99,99,99,99,99,99,0,0,0,1,1
6,62855,1,1,0,1,1,1,1,71,115,16,3,2016,4,6,28,0,2,3,4,6,BEAR VALLEY RD,NAVAJO RD,0,34.47149167,-117.190169440000,0,8,0,0,3,2,0,1,4,1,0,1,0,0000000,6,30,6,34,99,99,0,0,0,1,0
6,62856,2,2,0,0,0,4,4,107,2880,2,4,2016,7,8,36,0,2,5,4,6,ORANGE BELT DR,,0,36.11207778,-119.044347220000,0,12,2,0,1,1,0,1,1,1,0,1,0,0000000,99,99,99,99,99,99,0,0,0,1,0
6,62857,3,3,0,0,0,3,3,71,1603,28,3,2016,2,17,26,0,2,3,4,6,MAIN ST,TIMBERLANE AVE,0,34.41743611,-117.273894440000,0,12,6,0,2,2,0,1,1,1,0,1,0,0000000,99,99,99,99,99,99,0,0,0,1,0
6,62858,2,2,0,0,0,2,2,59,880,25,5,2016,4,7,57,0,2,4,4,6,SUNFLOWER AVE,SUSAN ST,0,33.69563889,-117.913602780000,0,12,6,0,2,2,0,1,1,1,0,1,0,0000000,99,99,99,99,88,88,0,0,0,1,0
6,62859,2,2,0,0,0,2,2,37,1980,15,6,2016,4,22,35,0,2,3,4,6,OLYMPIC BLVD,LAWRENCE ST,0,34.04664167,-118.268555560000,0,12,2,0,2,2,0,1,3,1,0,1,0,0000000,99,99,99,99,99,99,0,0,0,1,1
6,62860,1,1,0,1,1,3,3,1,1364,28,11,2016,2,20,5,0,2,4,4,6,NILES BLVD,RANCHO ARROYO PKWY,0,37.58019722,-121.993661110000,0,8,0,0,2,3,0,1,3,10,0,10,0,0000000,99,99,99,99,99,99,0,0,0,1,0
6,62861,1,1,0,1,1,1,1,37,1980,15,1,2016,6,6,20,0,2,3,4,6,VAN NUYS BL,,0,34.23406111,-118.597550000000,0,8,0,0,1,1,0,1,3,10,0,10,0,0000000,99,99,99,99,99,99,0,0,0,1,0
6,62862,1,1,0,1,1,1,1,37,602,26,4,2016,3,20,17,0,2,3,4,6,S MAIN ST,E ALBERTONI ST,0,33.87125833,-118.275469440000,0,8,0,0,3,2,0,1,5,1,0,1,0,0000000,99,99,99,99,88,88,0,0,0,1,0
6,62863,4,1,3,1,1,1,1,33,0,28,9,2016,4,16,40,0,1,5,2,4,CR-MAIN ST,,0,38.91028889,-122.607150000000,0,8,0,0,1,1,0,7,1,1,0,1,0,0000000,99,99,99,99,88,88,14,0,0,1,0
6,62864,1,1,0,0,0,1,1,59,1380,5,8,2016,6,4,53,1,2,1,1,1,I-5,,421,33.85803056,-117.981661110000,0,33,0,0,1,1,0,4,3,10,0,10,0,0000000,99,99,99,99,88,88,0,0,0,1,0
6,62865,1,1,0,0,0,1,1,23,1220,20,10,2016,5,14,56,0,2,7,4,6,P ST,HODGSON ST,0,40.77879167,-124.152416670000,0,33,0,0,3,3,0,4,1,1,0,1,0,0000000,99,99,99,99,99,99,0,0,0,1,0
6,62866,1,1,0,1,1,1,1,37,1980,12,5,2016,5,18,15,0,2,5,4,6,BARNESTON ST,GOTHIC AVE,0,34.28495833,-118.489563890000,0,8,0,0,2,2,0,1,1,1,0,1,0,0000000,99,99,99,99,99,99,0,0,0,1,0
6,62867,2,2,0,1,1,2,2,37,1695,12,9,2016,2,22,20,0,2,5,4,6,WALNUT DR N,,0,33.99751667,-117.864719440000,0,8,0,0,1,1,0,1,3,1,0,1,0,0000000,99,99,99,99,88,88,0,0,0,1,0
6,62868,2,2,0,0,0,3,3,77,2070,26,11,2016,7,12,7,0,2,4,4,6,MOFFAT BL,,0,37.77443889,-121.180841670000,0,12,6,0,1,1,0,1,1,2,10,2,0,0000000,99,99,99,99,99,99,0,0,0,2,0
6,62869,2,2,0,1,1,2,2,65,3320,29,8,2016,2,5,41,0,2,4,4,6,SANDERSON AVE,,0,33.80063333,-117.006883330000,0,8,0,0,1,1,0,1,2,1,0,1,0,0000000,99,99,99,99,88,88,0,0,0,1,0
6,62870,1,1,0,1,1,1,1,67,3150,20,9,2016,3,5,54,0,2,3,4,6,MEADOWVIEW RD,CORAL GABLES CT,0,38.48146389,-121.475344440000,0,8,0,0,3,2,0,1,3,1,0,1,0,0000000,99,99,99,99,88,88,0,0,0,1,0
6,62871,1,1,0,1,1,1,1,71,115,6,3,2016,1,18,39,0,2,2,1,3,SR-18,,912,34.52103889,-117.213827780000,0,8,0,0,1,1,0,1,2,1,0,1,0,0000000,99,99,99,99,88,88,0,0,0,1,0
6,62872,4,4,0,0,0,6,6,53,3180,5,5,2016,5,15,57,0,2,7,4,6,E ROMIE LN,,0,36.65890278,-121.641586110000,0,12,7,0,8,1,0,1,1,2,0,2,0,0000000,99,99,99,99,99,99,0,0,0,1,0
6,62873,3,3,0,0,0,4,4,37,1980,7,10,2016,6,7,45,0,2,3,4,6,WOODMAN AVE,LASSEN ST,0,34.25065278,-118.450561110000,0,12,6,0,2,2,0,1,1,1,0,1,0,0000000,99,99,99,99,99,99,0,0,0,1,0
6,62874,4,2,2,0,0,2,2,37,3690,29,8,2016,2,9,23,0,2,3,4,6,FIRESTONE BLVD,ALEXANDER AVE,0,33.95289722,-118.193105560000,0,12,6,0,2,2,0,1,1,1,0,1,0,0000000,99,99,99,99,99,99,14,0,0,1,0
6,62875,1,1,0,1,1,2,2,71,115,9,4,2016,7,20,34,0,2,5,4,6,KIOWA RD,,0,34.45697500,-117.207683330000,0,8,0,0,1,1,0,1,2,1,0,1,0,0000000,99,99,99,99,88,88,0,0,0,1,0
6,62876,3,3,0,0,0,5,5,65,1690,6,10,2016,5,19,12,0,2,4,4,6,MISSION LAKES BLVD,,0,33.97602222,-116.519680560000,0,12,2,0,1,1,0,1,2,1,0,1,0,0000000,99,99,99,99,99,99,0,0,0,2,0
6,62877,1,1,0,1,1,2,2,53,3180,25,1,2016,2,21,17,0,2,3,4,6,NORTH MAIN ST,,0,36.71188056,-121.654247220000,0,8,0,0,1,1,0,1,3,1,0,1,0,0000000,99,99,99,99,99,99,0,0,0,1,0
6,62878,3,3,0,0,0,6,6,73,2904,20,8,2016,7,19,5,0,2,2,1,3,SR-67,,172,32.99812500,-116.963783330000,0,12,8,0,1,1,0,1,1,1,0,1,0,0000000,99,99,99,99,99,99,0,0,0,1,1
6,62879,1,1,0,1,1,1,1,37,1980,19,1,2016,3,14,44,0,2,7,4,6,57TH ST,CENTRAL AVE,0,33.99110000,-118.256425000000,0,8,0,0,3,2,0,1,1,10,0,10,0,0000000,99,99,99,99,99,99,0,0,0,1,0
6,62880,1,1,0,1,1,1,1,7,2600,22,11,2016,3,17,28,0,2,3,4,6,ORVILLE DAM BLVD,12TH ST,0,39.49803889,-121.591602780000,0,8,0,0,3,3,0,1,5,1,0,1,0,0000000,99,99,99,99,88,88,0,0,0,1,0
6,62881,3,2,1,0,0,4,4,77,1940,25,4,2016,2,19,50,0,2,4,4,6,LODI AVE,S PLEASANT AVE,0,38.13011389,-121.276666670000,0,12,6,0,2,2,0,1,5,1,0,1,0,0000000,99,99,99,99,99,99,14,0,0,2,1
6,62882,1,1,0,1,1,1,1,99,1650,30,11,2016,4,20,0,0,2,5,4,6,WHITMORE AVE,,0,37.59478333,-120.859763890000,0,8,0,0,1,1,0,1,2,5,0,5,0,0000000,99,99,99,99,88,88,0,0,0,1,0