STATE,ST_CASE,VE_TOTAL,VE_FORMS,PVH_INVL,PEDS,PERNOTMVIT,PERMVIT,PERSONS,COUNTY,CITY,DAY,MONTH,YEAR,DAY_WEEK,HOUR,MINUTE,NHS,RUR_URB,FUNC_SYS,RD_OWNER,ROUTE,TWAY_ID,TWAY_ID2,MILEPT,LATITUDE,LONGITUD,SP_JUR,HARM_EV,MAN_COLL,RELJCT1,RELJCT2,TYP_INT,WRK_ZONE,REL_ROAD,LGT_COND,WEATHER1,WEATHER2,WEATHER,SCH_BUS,RAIL,NOT_HOUR,NOT_MIN,ARR_HOUR,ARR_MIN,HOSP_HR,HOSP_MN,CF1,CF2,CF3,FATALS,DRUNK_DR
6,62883,6,6,0,0,0,9,9,59,1410,20,10,2016,5,16,40,0,2,3,4,6,EUCLID ST,TRASK AVE,0,33.76729444,-117.937872220000,0,33,0,0,3,2,0,3,1,1,0,1,0,0000000,99,99,99,99,99,99,14,0,0,1,0
6,62884,5,5,0,0,0,6,6,37,0,15,3,2016,3,17,58,1,2,2,1,3,SR-118,,21,34.27613056,-118.599761110000,0,12,1,0,1,1,0,1,5,1,0,1,0,0000000,99,99,99,99,99,99,28,0,0,1,0
6,62885,1,1,0,1,1,1,1,71,3000,3,12,2016,7,20,54,1,2,2,1,3,SR-210,,190,34.13560000,-117.371600000000,1,8,0,1,18,1,0,1,2,1,0,1,0,0000000,99,99,99,99,88,88,23,0,0,1,0
6,62886,1,1,0,0,0,1,1,83,0,20,10,2016,5,19,58,1,2,2,1,2,US-101,,57,34.41416111,-119.557811110000,0,42,0,0,1,1,0,4,2,1,0,1,0,0000000,99,99,99,99,88,88,0,0,0,1,1
6,62887,1,1,0,1,1,1,1,67,0,19,12,2016,2,20,55,0,1,3,2,4,STOCKTON BLVD,,0,38.48498611,-121.423986110000,0,9,0,0,1,1,0,1,3,1,0,1,0,0000000,99,99,99,99,88,88,0,0,0,1,0
6,62888,1,1,0,0,0,1,1,37,0,21,5,2016,7,23,55,1,1,1,1,1,I-405 RAMP,,19,33.93105000,-118.369880560000,0,25,0,1,5,1,0,4,2,1,0,1,0,0000000,99,99,99,99,88,88,0,0,0,1,1
6,62889,1,1,0,1,1,1,1,65,0,17,12,2016,7,20,10,0,1,7,2,4,CR-BYRON ST,,0,33.87539167,-117.522561110000,0,8,0,0,1,1,0,1,2,1,0,1,0,0000000,99,99,99,99,99,99,0,0,0,1,0
6,62890,1,1,0,1,1,1,1,1,2370,22,10,2016,7,5,58,0,2,3,4,6,MOWRY AVE,ROCKROSE DR,0,37.52393056,-122.008394440000,0,8,0,0,3,6,0,1,2,1,0,1,0,0000000,99,99,99,99,99,99,0,0,0,1,0
6,62891,1,1,0,1,1,1,1,71,3210,3,12,2016,7,17,58,0,2,4,4,6,REDLANDS BLVD,,0,34.06310278,-117.277075000000,0,8,0,0,1,1,0,1,3,1,0,1,0,0000000,99,99,99,99,99,99,0,0,0,1,0
6,62892,1,1,0,1,1,1,1,37,2645,12,8,2016,6,22,13,1,2,3,1,3,SR-138,,454,34.57969444,-118.096191670000,0,8,0,0,1,1,0,1,3,1,0,1,0,0000000,99,99,99,99,99,99,0,0,0,1,0
6,62893,1,1,0,1,1,1,1,73,710,4,12,2016,1,18,46,0,2,4,4,6,THIRD AVE,,0,32.60216389,-117.064533330000,0,8,0,0,1,1,0,6,3,1,0,1,0,0000000,99,99,99,99,99,99,0,0,0,1,1
6,62894,1,1,0,1,1,1,1,67,3150,2,12,2016,6,20,45,0,2,5,4,6,DEL PASO BLVD,SONOMA AVE,0,38.63107500,-121.418044440000,0,8,0,0,2,3,0,1,3,1,0,1,0,0000000,99,99,99,99,99,99,0,0,0,1,1
6,62895,1,1,0,0,0,1,1,81,970,6,12,2016,3,9,15,0,2,7,4,6,LINDA VISTA,MAIN ST,0,37.70149444,-122.411772220000,0,33,0,0,3,3,0,4,1,1,0,1,0,0000000,99,99,99,99,88,88,0,0,0,1,0
6,62896,2,2,0,6,6,2,2,37,1980,1,12,2016,5,0,10,0,2,3,4,6,CENTRAL AVE,,0,34.01604444,-118.256044440000,0,12,6,0,1,1,0,1,3,1,0,1,0,0000000,99,99,99,99,99,99,0,0,0,1,1
6,62897,1,1,0,1,1,1,1,1,1560,1,12,2016,5,5,46,0,2,4,4,6,INDUSTRIAL PKWY W,STRATFORD RD,0,37.61736389,-122.069936110000,0,8,0,0,2,2,0,1,3,1,0,1,0,0000000,99,99,99,99,99,99,0,0,0,1,0
6,62898,2,2,0,1,1,2,2,37,810,5,4,2016,3,17,9,0,2,3,4,6,SANTA FE AVE,ARTESIA BLVD,0,33.87418333,-118.216883330000,0,8,0,1,2,2,0,1,1,1,0,1,0,0000000,99,99,99,99,99,99,0,0,0,1,0
6,62899,1,1,0,1,1,1,1,65,3320,5,10,2016,4,16,5,0,2,3,4,6,SAN JACINTO AVE,,0,33.76561667,-116.958775000000,0,15,0,0,1,1,0,1,1,1,0,1,0,0000000,99,99,99,99,99,99,0,0,0,1,0
6,62900,2,2,0,0,0,4,4,65,2327,24,3,2016,5,19,7,0,2,5,4,6,WHITEWOOD DR,LOS ALAMOS RD,0,33.57584722,-117.176702780000,0,12,6,0,2,2,0,1,5,1,0,1,0,0000000,99,99,99,99,99,99,0,0,0,1,1
6,62901,1,1,0,1,1,1,1,37,810,8,9,2016,5,22,19,0,2,3,4,6,ALAMEDA ST,PALMER ST,0,33.89834722,-118.220733330000,0,9,0,0,3,3,0,1,3,1,0,1,0,0000000,99,99,99,99,99,99,0,0,0,1,0
6,62902,2,2,0,0,0,4,4,37,1045,10,12,2016,7,1,54,0,2,4,4,6,BROOKSHIRE AVE,FIRESTONE BL,0,33.93821111,-118.129666670000,0,12,6,0,2,2,0,1,3,1,0,1,0,0000000,99,99,99,99,99,99,0,0,0,1,0
6,62903,1,1,0,1,1,1,1,17,3697,5,11,2016,7,22,40,1,2,2,1,2,US-50,,802,38.95583611,-119.944344440000,0,8,0,0,1,1,0,1,3,1,0,1,0,0000000,99,99,99,99,88,88,0,0,0,1,0
6,62904,1,1,0,1,1,1,1,13,820,31,10,2016,2,2,20,0,2,3,4,6,KIRKER PASS RD,,0,37.95900556,-121.947183330000,0,8,0,0,1,1,0,1,2,1,0,1,0,0000000,99,99,99,99,88,88,0,0,0,1,0
6,62905,1,1,0,0,0,4,4,65,2327,31,3,2016,5,7,45,0,2,4,4,6,JEFFERSON AVE,,0,33.55918889,-117.208383330000,0,33,0,0,1,1,0,4,1,1,0,1,0,0000000,99,99,99,99,99,99,0,0,0,1,0
6,62906,1,1,0,1,1,1,1,37,1840,14,2,2016,1,21,46,0,2,3,4,6,15TH ST W,,0,34.68853611,-118.156808330000,0,8,0,0,1,1,0,1,3,1,0,1,0,0000000,99,99,99,99,99,99,0,0,0,1,0
6,62907,2,2,0,0,0,4,4,37,1812,19,12,2016,2,8,46,0,2,4,4,6,SOUTH ST,,0,33.85826944,-118.116027780000,0,12,6,0,4,1,0,1,1,1,0,1,0,0000000,99,99,99,99,99,99,0,0,0,1,0
6,62908,2,2,0,0,0,3,3,37,3445,29,12,2016,5,8,35,0,2,4,4,6,KELLY JOHNSON PKWY,W RYE CANYON RD,0,34.45187778,-118.580830560000,0,12,6,0,2,3,0,1,1,1,0,1,0,0000000,99,99,99,99,99,99,0,0,0,1,0
6,62909,1,1,0,0,0,1,1,37,1980,19,4,2016,3,4,10,0,2,3,4,6,WASHINGTON BLVD,,0,34.02510556,-118.251680560000,0,42,0,0,1,1,0,4,3,1,0,1,0,0000000,99,99,99,99,99,99,0,0,0,1,1
6,62910,1,1,0,1,1,1,1,37,1980,13,5,2016,6,13,51,0,2,5,4,6,LOUISE ST,MONTEREY RD,0,34.15740000,-118.252652780000,0,8,0,0,3,2,0,1,1,1,0,1,0,0000000,99,99,99,99,99,99,0,0,0,1,0
6,62911,6,1,5,0,2,5,7,1,2480,25,10,2016,3,0,58,0,2,4,4,6,35TH AVE,,0,37.78820278,-122.209983330000,0,14,0,0,1,1,0,7,3,10,0,10,0,0000000,99,99,99,99,99,99,14,0,0,1,1
6,62912,1,1,0,0,0,1,1,59,1660,3,12,2016,7,14,14,0,2,3,4,6,EDINGER,,0,33.72988611,-118.037338890000,0,33,0,0,1,1,0,4,1,1,0,1,0,0000000,99,99,99,99,99,99,0,0,0,1,0
6,62913,2,2,0,0,0,2,2,69,0,23,11,2016,4,5,50,0,1,5,2,4,CR-BUENA VISTA AVE,WESTSIDE BLVD,0,36.85715000,-121.414513890000,0,12,6,0,2,2,0,1,2,10,0,10,0,0000000,99,99,99,99,88,88,0,0,0,1,0
6,62914,2,2,0,0,0,3,3,65,1801,23,10,2016,1,12,11,0,2,2,1,3,SR-74,,181,33.70064167,-117.328416670000,0,12,6,0,1,1,0,1,1,2,0,2,0,0000000,99,99,99,99,99,99,0,0,0,1,0
6,62915,2,2,0,0,0,2,2,59,1380,14,9,2016,4,19,49,0,2,3,4,6,ROSECRANS AVE,PARKS RD,0,33.89268889,-117.954025000000,0,12,2,0,2,2,0,1,3,1,0,1,0,0000000,99,99,99,99,88,88,0,0,0,1,0
6,62916,1,1,0,0,0,1,1,71,115,10,4,2016,1,20,22,0,2,3,4,6,NEEDLES HWY,,0,34.57570833,-117.326736110000,0,39,0,0,1,1,0,4,2,1,0,1,0,0000000,99,99,99,99,99,99,0,0,0,1,1
6,62917,1,1,0,1,1,3,3,59,1660,28,6,2016,3,21,36,0,2,2,1,3,SR-39,NEWMAN AVE,39,33.70478056,-117.989272220000,0,8,0,0,2,2,0,1,3,1,0,1,0,0000000,99,99,99,99,99,99,0,0,0,1,0
6,62918,1,1,0,0,0,1,1,29,240,10,9,2016,7,21,17,0,2,3,4,6,WESTSIDE PKWY RAMP,,0,35.36663333,-119.092338890000,0,43,0,0,5,1,0,8,3,1,0,1,0,0000000,99,99,99,99,88,88,0,0,0,1,1
6,62919,1,1,0,1,1,1,1,113,4163,31,8,2016,4,7,54,0,2,3,4,6,WEST CAPITOL AVE,,0,38.58010556,-121.535791670000,0,9,0,0,4,1,0,1,1,1,0,1,0,0000000,99,99,99,99,88,88,0,0,0,1,0
6,62920,1,1,0,1,1,1,1,65,1690,4,11,2016,6,6,37,0,2,5,4,6,VAN BUREN ST,CORREGIDOR AVE,0,33.70219722,-116.199052780000,0,8,0,0,3,3,0,1,3,1,0,1,0,0000000,99,99,99,99,88,88,0,0,0,1,0
6,62921,1,1,0,0,0,3,3,65,1801,8,5,2016,1,0,23,0,2,3,4,6,RAILROAD CANYON RD,,0,33.66484167,-117.283366670000,0,33,0,0,1,1,0,3,3,1,0,1,0,0000000,99,99,99,99,88,88,0,0,0,1,0
6,62922,3,3,0,0,0,3,3,59,1380,20,8,2016,7,16,46,0,2,4,4,6,COMMONWEALTH AVE,BROOKHURST RD,0,33.87007778,-117.959411110000,0,12,6,0,2,2,0,1,1,1,0,1,0,0000000,99,99,99,99,99,99,0,0,0,1,0
6,62923,2,2,0,0,0,4,4,77,3770,4,11,2016,6,15,36,1,2,1,1,1,I-5 RAMP,DOWNING AVE,237,37.91311944,-121.288977780000,0,12,6,1,3,2,0,1,1,1,0,1,0,0000000,99,99,99,99,88,88,0,0,0,1,0
6,62924,3,3,0,0,0,4,4,65,2730,22,8,2016,2,19,21,0,2,3,4,6,RAMONA EXPY,LAKE PERRIS DR,0,33.84465833,-117.204122220000,0,12,1,0,2,3,0,1,5,1,0,1,0,0000000,99,99,99,99,88,88,0,0,0,1,0
6,62925,1,1,0,0,0,1,1,19,740,23,12,2016,6,23,32,0,2,4,4,6,FOWLER AVE,,0,36.82398611,-119.681958330000,0,42,0,0,1,1,0,3,3,10,0,10,0,0000000,99,99,99,99,88,88,0,0,0,1,1
6,62926,1,1,0,1,1,1,1,111,4027,30,5,2016,2,3,0,0,2,5,4,6,BLACKBURN RD,,0,34.28825278,-119.159455560000,0,8,0,0,1,1,0,1,2,10,0,10,0,0000000,99,99,99,99,88,88,0,0,0,1,0
6,62927,1,1,0,1,1,1,1,37,1970,19,2,2016,6,6,48,0,2,4,4,6,ARTESIA BLVD,BUTLER AVE,0,33.87435833,-118.196877780000,0,8,0,0,3,2,0,1,1,1,0,1,0,0000000,99,99,99,99,99,99,0,0,0,1,0
6,62928,1,1,0,1,1,1,1,19,1370,3,7,2016,1,0,6,0,2,4,4,6,BELMONT AVE,,0,36.75054444,-119.755369440000,0,8,0,0,1,1,0,1,2,1,0,1,0,0000000,99,99,99,99,88,88,0,0,0,1,1
6,62929,1,1,0,1,1,1,1,37,810,31,12,2016,7,17,50,0,2,3,4,6,ROSECRANS AVE,OLEANDER AVE,0,33.90334167,-118.221486110000,0,8,0,0,3,2,0,1,3,1,0,1,0,0000000,99,99,99,99,99,99,0,0,0,1,0
6,62930,6,6,0,2,2,10,10,37,1980,5,11,2016,7,5,56,1,2,1,1,1,I-5 GOLDEN STATE FREEWAY,,449,34.32641111,-118.503997220000,0,12,1,0,1,1,0,1,2,1,0,1,0,0000000,99,99,99,99,99,99,14,23,0,1,0
6,62931,1,1,0,0,0,4,4,37,1970,23,10,2016,1,0,1,0,2,3,4,6,SHORELINE DR,,0,33.77382778,-118.203552780000,0,42,0,0,1,1,0,4,3,1,0,1,0,0000000,99,99,99,99,99,99,0,0,0,1,0
6,62932,1,1,0,1,1,1,1,73,4060,12,9,2016,2,19,58,0,2,4,4,6,S SANTA FE AVENUE,,0,33.19271389,-117.231352780000,0,8,0,0,1,1,0,1,3,1,0,1,0,0000000,99,99,99,99,99,99,0,0,0,1,0
6,62933,2,2,0,0,0,4,4,65,2650,30,1,2016,7,9,53,0,2,5,4,6,E SAN RAFAEL DR,N HERMOSA DR,0,33.85951667,-116.532427780000,0,12,6,0,2,3,0,1,1,1,0,1,0,0000000,99,99,99,99,99,99,0,0,0,1,0
6,62934,4,4,0,0,0,5,5,59,1713,12,7,2016,3,15,51,0,2,3,4,6,MACARTHUR BLVD,CAMPUS DR,0,33.67184167,-117.863983330000,0,12,1,0,3,2,0,1,1,1,0,1,0,0000000,99,99,99,99,99,99,0,0,0,1,0
6,62935,2,2,0,0,0,3,3,65,1846,17,12,2016,7,11,9,0,2,5,4,6,DUNE PALMS RD,BLACKHAWK WY,0,33.70742778,-116.277458330000,0,12,6,0,2,2,0,1,1,1,0,1,0,0000000,99,99,99,99,99,99,0,0,0,1,0
6,62936,1,1,0,1,1,1,1,83,3460,15,9,2016,5,5,45,1,2,3,1,3,SR-135,ORCHARD ST,167,34.96584444,-120.435669440000,0,8,0,0,3,2,0,1,3,1,0,1,0,0000000,99,99,99,99,99,96,0,0,0,1,0
6,62937,1,1,0,1,1,1,1,65,612,11,6,2016,7,10,11,0,2,3,4,6,RAMON RD,,0,33.81589167,-116.480844440000,0,9,0,0,1,1,0,1,1,1,0,1,0,0000000,99,99,99,99,99,99,0,0,0,1,0
6,62938,1,1,0,1,1,4,4,99,2200,30,9,2016,6,21,56,0,2,4,4,6,W ORANGEBURG AVE,,0,37.66566111,-121.029172220000,0,9,0,0,1,1,0,1,3,1,0,1,0,0000000,99,99,99,99,99,99,0,0,0,1,0
6,62939,1,1,0,1,1,3,3,29,1000,5,12,2016,2,19,32,0,2,4,4,6,LEXINGTON ST,8TH AVE,0,35.76713889,-119.241041670000,0,8,0,0,3,3,0,1,3,1,0,1,0,0000000,99,99,99,99,99,99,0,0,0,1,0
6,62940,1,1,0,1,1,1,1,59,1380,14,6,2016,3,22,18,0,2,4,4,6,VALENCIA DR,LEMON ST,0,33.86620833,-117.919866670000,0,8,0,0,3,2,0,1,3,1,0,1,0,0000000,99,99,99,99,99,99,0,0,0,1,0
6,62941,1,1,0,2,2,1,1,37,602,1,12,2016,5,17,7,0,2,3,4,6,DEL PASO BLVD,LEAPWOOD AVE,0,33.84043333,-118.257661110000,0,8,0,0,2,2,0,1,5,1,0,1,0,0000000,99,99,99,99,99,99,0,0,0,1,0
6,62942,1,1,0,1,1,1,1,73,560,9,8,2016,3,12,39,0,2,4,4,6,CARLSBAD VILLAGE DR,WASHINGTON ST,0,33.15888611,-117.349633330000,0,8,0,0,3,2,0,1,1,1,0,1,0,0000000,99,99,99,99,99,99,0,0,0,1,0
6,62943,2,2,0,0,0,5,5,77,3770,6,12,2016,3,16,15,0,2,7,4,6,HUNTER ST,POPLAR ST,0,37.96186111,-121.290905560000,0,12,6,0,2,2,0,1,1,10,0,10,0,0000000,99,99,99,99,99,99,0,0,0,1,1
6,62944,2,2,0,0,0,2,2,65,2278,3,8,2016,4,6,4,0,2,4,4,6,PERRIS BLVD,CANYON VISTA RD,0,33.97262500,-117.233597220000,0,12,6,0,2,3,0,1,1,1,0,1,0,0000000,99,99,99,99,88,88,0,0,0,1,0
6,62945,3,3,0,0,0,3,3,65,2116,14,5,2016,7,14,36,0,2,4,4,6,MCCALL BL,,0,33.71517500,-117.193977780000,0,12,6,0,8,1,0,1,1,1,0,1,0,0000000,99,99,99,99,88,88,14,0,0,1,0
6,62946,2,2,0,0,0,2,2,29,240,20,8,2016,7,5,38,0,2,5,4,6,MC KEE RD,RACINE AVE,0,35.27416667,-119.043350000000,0,12,2,0,2,3,0,1,3,1,0,1,0,0000000,5,46,5,56,6,17,0,0,0,1,0
6,62947,1,1,0,0,0,1,1,59,1660,22,9,2016,5,1,31,0,2,4,4,6,MAIN ST,,0,33.66421944,-117.998969440000,0,33,0,0,1,1,0,4,3,1,0,1,0,0000000,99,99,99,99,88,88,0,0,0,1,1
6,62948,1,1,0,1,1,2,2,69,3350,10,9,2016,7,23,47,1,2,2,1,3,SR-156,THE ALAMEDA,30,36.84066389,-121.533608330000,0,8,0,0,2,2,0,1,3,10,0,10,0,0000000,99,99,99,99,88,88,0,0,0,1,0
6,62949,1,1,0,1,1,1,1,77,3770,24,11,2016,5,6,36,0,2,3,4,6,WILSON WY,,0,37.96175000,-121.272983330000,0,8,0,0,1,1,0,1,1,5,0,5,0,0000000,99,99,99,99,88,88,0,0,0,1,0
6,62950,1,1,0,0,0,1,1,99,2710,12,12,2016,2,15,38,0,2,5,4,6,KEYSTONE PACIFIC PKWY,PARK CENTER DR,0,37.47578889,-121.164844440000,0,33,0,0,3,2,0,4,3,1,0,1,0,0000000,99,99,99,99,99,99,0,0,0,1,0
6,62951,5,5,0,0,0,6,6,65,2116,25,8,2016,5,15,53,0,2,5,4,6,SCOTT RD,,0,33.64155000,-117.181852780000,0,12,1,0,1,1,0,1,1,1,0,1,0,0000000,99,99,99,99,99,99,0,0,0,1,0
6,62952,1,1,0,0,0,1,1,73,3260,5,7,2016,3,14,42,0,2,5,4,6,CARMEL VALLEY RD,,0,32.93382222,-117.238408330000,0,33,0,0,1,1,0,4,1,1,0,1,0,0000000,99,99,99,99,99,99,0,0,0,1,0
6,62953,1,1,0,1,1,1,1,29,240,23,7,2016,7,18,19,0,2,5,4,6,HARRIS RD,MOUNTAIN VISTA DR,0,35.30344167,-119.118869440000,0,8,0,0,3,2,0,1,1,1,0,1,0,0000000,18,19,99,99,99,99,0,0,0,1,0
6,62954,1,1,0,0,0,2,2,77,3770,18,12,2016,1,21,20,0,2,3,4,6,MARCH LN,,0,37.98930278,-121.321469440000,0,33,0,0,1,1,0,4,3,1,0,1,0,0000000,99,99,99,99,99,99,0,0,0,1,1
6,62955,1,1,0,1,1,2,2,37,305,27,10,2016,5,12,3,0,2,4,4,6,WOODRUFF AVE,,0,33.88970278,-118.117383330000,0,8,0,0,1,1,0,1,1,1,0,1,0,0000000,99,99,99,99,99,99,0,0,0,1,0
6,62956,1,1,0,1,1,1,1,73,3260,10,7,2016,1,1,0,0,2,5,4,6,BROADWAY,BROADWAY CIR,0,32.71565000,-117.162925000000,0,8,0,0,2,2,0,1,3,1,0,1,0,0000000,99,99,99,99,99,99,0,0,0,1,0
6,62957,1,1,0,1,1,1,1,59,1410,1,11,2016,3,18,49,0,8,98,4,6,BROOKHURST ST,,0,33.78370833,-117.958522220000,0,8,0,0,1,1,0,1,3,1,0,1,0,0000000,99,99,99,99,88,88,0,0,0,1,0
6,62958,1,1,0,1,1,1,1,83,3460,20,9,2016,3,16,17,1,2,3,1,2,US-101,INGER DR,140,34.92656389,-120.435969440000,0,9,0,0,2,3,0,1,1,1,0,1,0,0000000,99,99,99,99,99,99,0,0,0,1,0
6,62959,1,1,0,1,1,1,1,37,1840,8,11,2016,3,18,16,0,2,4,4,6,CHALLENGER WY,LANCASTER BLVD,0,34.69683333,-118.112636110000,0,8,0,0,3,2,0,1,3,1,0,1,0,0000000,99,99,99,99,99,99,0,0,0,1,0
6,62960,1,1,0,0,0,1,1,7,2600,24,9,2016,7,16,8,0,2,7,4,6,FORT WAYNE STREET,,0,39.49544167,-121.552155560000,0,38,0,0,1,1,0,4,1,1,0,1,0,0000000,99,99,99,99,99,99,0,0,0,1,0
6,62961,1,1,0,1,1,1,1,59,80,29,12,2016,5,17,49,0,2,4,4,6,N EAST ST,E EASTWOOD DR,0,33.84429722,-117.904686110000,0,8,0,0,3,2,0,1,6,1,0,1,0,0000000,99,99,99,99,99,99,0,0,0,1,0
6,62962,1,1,0,1,1,1,1,65,2650,20,12,2016,3,19,10,0,2,4,4,6,SUNRISE WY,CAMINO PAROCELA,0,33.81435000,-116.528163890000,0,8,0,0,2,3,4,1,2,1,0,1,0,0000000,99,99,99,99,88,88,0,0,0,1,0
6,62963,1,1,0,1,1,1,1,1,2480,13,11,2016,1,15,51,0,2,7,4,6,FILBERT ST,SAN PABLO AVE,0,37.82356389,-122.277575000000,0,8,0,0,3,2,0,1,1,1,0,1,0,0000000,99,99,99,99,99,99,0,0,0,1,0
6,62964,3,1,2,0,0,1,1,29,240,17,10,2016,2,10,7,0,2,3,4,6,TRUXTUN AVE,,0,35.37306111,-118.978583330000,0,14,0,0,1,1,0,7,1,1,0,1,0,0000000,99,99,99,99,99,99,0,0,0,1,0
6,62965,1,1,0,1,1,1,1,37,1980,28,12,2016,4,23,10,0,2,4,4,6,FLETCHER DR,,0,34.11214167,-118.248827780000,0,8,0,0,1,1,0,1,3,1,0,1,0,0000000,99,99,99,99,99,99,0,0,0,1,0
6,62966,1,1,0,1,1,1,1,47,1990,28,10,2016,6,20,17,1,2,3,1,3,SR-152,,199,37.05688889,-120.860908330000,0,8,0,0,1,1,0,1,3,1,0,1,0,0000000,99,99,99,99,88,88,0,0,0,1,0
6,62967,1,1,0,1,1,1,1,53,3180,16,11,2016,4,17,20,0,2,4,4,6,N MAIN ST,,0,36.70025556,-121.652002780000,0,8,0,0,1,1,0,1,1,1,0,1,0,0000000,99,99,99,99,99,99,28,0,0,1,0
6,62968,1,1,0,1,1,1,1,29,240,14,11,2016,2,17,36,0,2,3,4,6,UNION AVE,W JEFFREY ST,0,35.39556389,-119.002900000000,0,8,0,0,2,2,0,1,3,1,0,1,0,0000000,99,99,99,99,99,99,0,0,0,1,0
6,62969,2,2,0,1,1,4,4,47,1990,8,11,2016,3,19,20,1,2,3,1,3,SR-152,WEST I STREET,196,37.05688333,-120.865283330000,0,12,6,0,2,2,0,1,3,1,0,1,0,0000000,99,99,99,99,88,88,0,0,0,1,0
6,62970,1,1,0,1,1,5,5,77,2070,28,12,2016,4,17,26,0,2,3,4,6,MAIN ST,,0,37.80788889,-121.216838890000,0,8,0,0,1,1,0,1,2,1,0,1,0,0000000,99,99,99,99,99,99,0,0,0,1,0
6,62971,2,2,0,1,1,1,1,29,240,21,11,2016,2,6,0,0,2,3,4,6,STOCKDALE HWY,,0,35.35428333,-119.056125000000,0,33,0,0,1,1,0,3,3,10,0,10,0,0000000,99,99,99,99,88,88,23,0,0,1,0
6,62972,2,1,1,0,0,1,1,73,710,23,12,2016,6,16,0,0,2,5,4,6,I ST,,0,32.63340556,-117.067011110000,0,14,0,0,1,1,0,4,1,1,0,1,0,0000000,99,99,99,99,99,99,0,0,0,1,1
6,62973,1,1,0,0,0,1,1,37,0,5,11,2016,7,14,25,1,1,2,1,3,SR-2 ANGELES CREST HWY,,382,34.26058056,-118.107344440000,0,11,0,0,1,1,0,1,1,1,0,1,0,0000000,99,99,99,99,99,99,0,0,0,1,0
6,62974,1,1,0,1,1,1,1,19,1370,26,8,2016,6,5,8,0,2,4,4,6,MAPLE AVE,SAINT ANDREW DR,0,36.88393611,-119.747563890000,0,8,0,0,2,2,0,1,3,1,0,1,0,0000000,99,99,99,99,99,99,0,0,0,1,0
6,62975,1,1,0,1,1,1,1,65,2730,24,10,2016,2,3,34,0,2,3,4,6,4TH ST,NAVAJO RD,0,33.78114444,-117.243361110000,0,9,0,0,2,3,0,1,3,10,2,2,0,0000000,99,99,99,99,99,99,0,0,0,1,0
6,62976,1,1,0,1,1,1,1,41,2460,25,10,2016,3,1,16,0,2,3,4,6,ROWLAND BLVD,,0,38.09076389,-122.561263890000,0,8,0,0,1,1,0,1,3,2,10,2,0,0000000,99,99,99,99,88,88,0,0,0,1,0
6,62977,2,2,0,0,0,5,5,59,1790,7,10,2016,6,21,2,0,2,3,4,6,HARBOR BLVD,,0,33.93893056,-117.933061110000,0,12,6,0,8,1,0,1,3,1,0,1,0,0000000,99,99,99,99,99,99,0,0,0,1,0
6,62978,1,1,0,1,1,1,1,29,240,31,8,2016,4,19,46,0,2,3,4,6,MING AVE,HUGHES LN,0,35.33937778,-119.030063890000,0,9,0,0,2,2,0,1,5,1,0,1,0,0000000,99,99,99,99,88,88,0,0,0,1,0
6,62979,1,1,0,1,1,1,1,37,2060,6,2,2016,7,0,21,0,2,3,1,3,SR-1,KEATS ST,221,33.87542500,-118.396086110000,0,9,0,0,2,3,0,1,3,1,0,1,0,0000000,99,99,99,99,99,99,0,0,0,1,1
6,62980,1,1,0,1,1,1,1,37,1980,31,12,2016,7,1,55,0,2,4,4,6,2ND ST,,0,34.05930000,-118.257125000000,0,8,0,0,1,1,0,1,3,2,0,2,0,0000000,99,99,99,99,99,99,0,0,0,1,0
6,62981,1,1,0,1,1,1,1,29,240,4,9,2016,1,13,4,0,2,4,4,6,18TH ST,CEDAR ST,0,35.37530556,-119.030516670000,0,8,0,0,2,2,0,1,1,1,0,1,0,0000000,99,99,99,99,99,99,0,0,0,1,0
6,62982,2,1,1,0,0,1,1,73,3260,1,4,2016,6,16,35,0,2,4,4,6,CR-54TH ST,,0,32.75016389,-117.079433330000,0,14,0,0,1,1,0,2,1,1,0,1,0,0000000,99,99,99,99,99,99,0,0,0,1,0
6,62983,3,3,0,0,0,3,3,29,240,14,11,2016,2,4,35,0,2,3,1,3,SR-204,Q STREET,49,35.38220278,-119.010566670000,0,12,6,0,2,2,0,1,3,1,0,1,0,0000000,99,99,99,99,99,99,20,0,0,1,1
6,62984,2,2,0,0,0,3,3,37,1716,25,9,2016,1,0,31,0,2,4,4,6,LOS ANGELES ST,,0,34.09231944,-117.952494440000,0,12,6,0,8,1,0,1,3,1,0,1,0,0000000,99,99,99,99,99,99,0,0,0,2,2
6,62985,1,1,0,1,1,3,3,59,880,10,6,2016,6,14,20,0,2,4,4,6,NEWPORT BLVD,FORD ROAD,0,33.64571111,-117.915094440000,0,30,0,0,1,1,0,4,1,1,0,1,0,0000000,99,99,99,99,99,99,0,0,0,1,1