STATE,ST_CASE,VE_TOTAL,VE_FORMS,PVH_INVL,PEDS,PERNOTMVIT,PERMVIT,PERSONS,COUNTY,CITY,DAY,MONTH,YEAR,DAY_WEEK,HOUR,MINUTE,NHS,RUR_URB,FUNC_SYS,RD_OWNER,ROUTE,TWAY_ID,TWAY_ID2,MILEPT,LATITUDE,LONGITUD,SP_JUR,HARM_EV,MAN_COLL,RELJCT1,RELJCT2,TYP_INT,WRK_ZONE,REL_ROAD,LGT_COND,WEATHER1,WEATHER2,WEATHER,SCH_BUS,RAIL,NOT_HOUR,NOT_MIN,ARR_HOUR,ARR_MIN,HOSP_HR,HOSP_MN,CF1,CF2,CF3,FATALS,DRUNK_DR
6,63088,1,1,0,0,0,2,2,37,1980,19,12,2016,2,1,36,1,2,1,1,1,I-5,,182,34.05308611,-118.213961110000,0,33,0,0,1,1,0,8,2,1,0,1,0,0000000,99,99,99,99,99,99,0,0,0,1,1
6,63089,1,1,0,1,1,2,2,71,2960,19,12,2016,2,1,37,1,2,1,1,1,I-10,,234,34.03696944,-117.149944440000,0,8,0,0,1,1,0,1,2,1,0,1,0,0000000,99,99,99,99,88,88,23,19,0,1,0
6,63090,1,1,0,1,1,1,1,37,1110,18,12,2016,1,16,28,0,2,5,4,6,COGSWELL RD,,0,34.06150278,-118.018830560000,0,8,0,0,1,1,0,1,1,1,0,1,0,0000000,99,99,99,99,99,99,0,0,0,1,0
6,63091,1,1,0,1,1,2,2,13,2790,7,9,2016,4,22,12,0,2,4,4,6,HARBOR ST,SCHOOL ST,0,38.01986111,-121.881152780000,0,8,0,0,3,2,0,1,3,1,0,1,0,0000000,99,99,99,99,88,88,0,0,0,1,1
6,63092,1,1,0,0,0,1,1,13,820,1,12,2016,5,21,0,0,2,3,4,6,WILLOW PASS RD,AVILA RD,0,37.99717222,-122.001661110000,0,42,0,0,1,1,0,4,2,1,0,1,0,0000000,99,99,99,99,99,99,0,0,0,1,1
6,63093,1,1,0,0,0,1,1,85,3440,18,6,2016,7,10,26,0,2,3,4,6,LAFAYETTE ST,,0,37.41607778,-121.972413890000,0,33,0,0,1,1,0,3,1,1,0,1,0,0000000,99,99,99,99,99,99,0,0,0,1,0
6,63094,1,1,0,1,1,1,1,65,3070,1,10,2016,7,21,52,0,2,4,4,6,COLUMBIA AVE,,0,34.00267500,-117.355005560000,0,8,0,0,1,1,0,1,3,1,0,1,0,0000000,99,99,99,99,88,88,0,0,0,1,0
6,63095,1,1,0,0,0,1,1,85,2000,8,7,2016,6,0,15,0,2,3,4,6,LOS GATOS BL,,0,37.24281944,-121.959505560000,0,33,0,0,1,1,0,3,3,1,0,1,0,0000000,99,99,99,99,99,99,0,0,0,1,1
6,63096,1,1,0,0,0,1,1,85,3340,2,10,2016,1,2,45,0,2,4,4,6,SILVER CREEK VALLEY RD,,0,37.27918611,-121.774908330000,0,42,0,0,1,1,0,3,3,1,0,1,0,0000000,99,99,99,99,88,88,0,0,0,1,1
6,63097,2,2,0,0,0,2,2,37,1980,30,4,2016,7,2,45,0,2,3,4,6,IMPERIAL HWY,VERMONT AVE,0,33.93098056,-118.291750000000,0,12,6,0,2,2,0,1,3,1,0,1,0,0000000,99,99,99,99,99,99,0,0,0,1,1
6,63098,1,1,0,1,1,1,1,37,1980,21,11,2016,2,22,0,0,2,4,4,6,BARRINGTON AVE,,0,34.03537222,-118.448844440000,0,8,0,0,1,1,0,1,3,1,0,1,0,0000000,99,99,99,99,99,99,0,0,0,1,0
6,63099,1,1,0,1,1,1,1,95,3780,9,7,2016,7,4,56,9,8,98,98,9,SUNSET AVE,RAILROAD AVE,99999,38.25610278,-122.019866670000,0,20,0,0,3,3,0,3,3,1,0,1,0,0000000,99,99,99,99,99,99,0,0,0,1,1
6,63100,1,1,0,1,1,1,1,37,0,17,9,2016,7,22,27,0,1,3,2,4,CR-NORMANDIE AVE,W 105TH ST,0,33.94117222,-118.300358330000,0,8,0,0,3,3,0,1,2,1,0,1,0,0000000,99,99,99,99,99,99,0,0,0,1,0
6,63101,1,1,0,1,1,1,1,85,3340,16,4,2016,7,0,7,9,8,98,98,9,SNELL AVE,,99999,37.25244167,-121.830886110000,9,8,0,0,1,1,0,1,3,1,0,1,0,0000000,99,99,99,99,99,99,0,0,0,1,0
6,63102,1,1,0,1,1,1,1,77,3770,27,11,2016,1,18,6,0,2,5,4,6,CUMBERLAND PL,BENJAMIN HOLT DR,0,38.00570278,-121.362538890000,0,15,0,0,3,2,0,1,3,1,0,1,0,0000000,99,99,99,99,99,99,0,0,0,1,0
6,63103,1,1,0,0,0,2,2,71,1305,20,10,2016,5,10,24,0,2,7,4,6,TOKAY AVE,,0,34.09837222,-117.455897220000,0,42,0,0,1,1,0,4,1,1,0,1,0,0000000,99,99,99,99,99,99,20,0,0,1,0
6,63104,2,2,0,1,1,2,2,37,1808,26,11,2016,7,1,13,1,2,1,1,1,I-605,,12,33.82400000,-118.081505560000,0,12,6,0,1,1,0,1,2,1,0,1,0,0000000,99,99,99,99,99,99,19,23,0,1,0
6,63105,1,1,0,1,1,1,1,97,3490,9,12,2016,6,23,26,0,2,3,4,6,SANTA ROSA AVE,,0,38.40301944,-122.713475000000,0,8,0,0,1,1,0,1,3,2,0,2,0,0000000,99,99,99,99,99,99,0,0,0,1,0
6,63106,1,1,0,1,1,1,1,37,1400,20,12,2016,3,9,38,0,2,4,4,6,MARINE AVE,GRAMERCY PL,0,33.89467500,-118.313488890000,0,8,0,0,3,2,0,1,1,1,0,1,0,0000000,99,99,99,99,99,99,0,0,0,1,0
6,63107,1,1,0,1,1,1,1,37,3445,26,12,2016,2,20,40,0,2,4,4,6,SIERRA HWY,,0,34.41332500,-118.457127780000,0,8,0,0,1,1,0,1,2,1,0,1,0,0000000,99,99,99,99,88,88,0,0,0,1,0
6,63108,1,1,0,0,0,1,1,97,3490,20,10,2016,5,1,46,0,2,4,4,6,STONY POINT RD,W THIRD ST,0,38.43384722,-122.742408330000,0,46,0,0,3,2,0,4,3,1,0,1,0,0000000,99,99,99,99,88,88,0,0,0,1,1
6,63109,2,2,0,0,0,2,2,97,3490,22,11,2016,3,17,55,0,2,4,4,6,SEBASTOPOL RD,DUTTON AVE,0,38.43059722,-122.725300000000,0,12,6,0,2,2,0,1,3,1,0,1,0,0000000,99,99,99,99,88,88,0,0,0,1,0
6,63110,1,1,0,1,1,1,1,111,4027,19,2,2016,6,0,2,0,2,4,4,6,TELEGRAPH RD,SATICOY AVE,0,34.29095000,-119.168155560000,0,9,0,0,2,2,0,1,3,1,0,1,0,0000000,99,99,99,99,88,88,0,0,0,1,0
6,63111,2,2,0,0,0,2,2,73,2510,18,9,2016,1,16,12,0,2,4,4,6,VISTA WY,,0,33.18320833,-117.329000000000,0,12,6,0,8,1,0,1,1,10,0,10,0,0000000,99,99,99,99,99,99,0,0,0,1,0
6,63112,2,2,0,0,0,2,2,73,2510,23,9,2016,6,16,10,0,2,4,4,6,CASSIDY,BROADWAY,0,33.17421389,-117.363925000000,0,12,6,0,2,2,0,1,1,1,0,1,0,0000000,99,99,99,99,99,99,0,0,0,1,0
6,63113,1,1,0,0,0,2,2,71,2550,23,2,2016,3,12,47,0,2,5,4,6,MERCEDES LN,CONCOURS ST,0,34.07110278,-117.569897220000,0,33,0,0,1,1,0,4,1,1,0,1,0,0000000,99,99,99,99,99,99,0,0,0,1,0
6,63114,2,2,0,0,0,2,2,37,1695,20,9,2016,3,22,55,0,2,4,4,6,SALT LAKE AVE,TURNBULL CANYON RD,0,34.02028611,-117.971458330000,0,1,0,0,3,3,0,1,3,1,0,1,0,0000000,99,99,99,99,88,88,0,0,0,1,0
6,63115,3,2,1,3,4,2,3,7,2680,8,7,2016,6,13,8,0,2,3,4,6,CLARK RD,BILLE RD,0,39.77042778,-121.597722220000,0,12,6,0,2,2,0,1,1,1,0,1,0,0000000,99,99,99,99,99,99,0,0,0,1,0
6,63116,2,2,0,0,0,3,3,71,2550,7,4,2016,5,22,36,0,2,3,4,6,EDISON,,0,33.99784167,-117.607177780000,0,12,99,0,1,1,0,1,2,10,0,10,0,0000000,99,99,99,99,88,88,0,0,0,1,0
6,63117,1,1,0,0,0,1,1,29,240,30,10,2016,1,8,39,0,2,3,4,6,CALLOWAY DR,,0,35.40453056,-119.110080560000,0,42,0,0,1,1,0,4,4,2,0,2,0,0000000,99,99,99,99,88,88,0,0,0,1,1
6,63118,1,1,0,0,0,1,1,73,2510,17,4,2016,1,23,35,0,2,3,4,6,OCEANSIDE BLVD,,0,33.20573889,-117.289619440000,0,33,0,0,1,1,0,4,3,1,0,1,0,0000000,99,99,99,99,88,88,0,0,0,1,1
6,63119,1,1,0,0,0,1,1,47,2150,28,11,2016,2,13,53,0,2,5,4,6,E BELLEVUE RD,,0,37.36109167,-120.483555560000,0,42,0,0,1,1,0,4,1,10,0,10,0,0000000,99,99,99,99,88,88,0,0,0,1,0
6,63120,1,1,0,1,1,1,1,67,0,21,12,2016,4,6,21,1,8,98,98,1,I-5,,99999,99.99990000,999.999900000000,9,8,0,1,19,1,0,3,2,1,0,1,0,0000000,99,99,99,99,88,88,23,19,0,1,0
6,63121,1,1,0,1,1,2,2,1,2480,2,11,2016,4,16,42,0,2,4,4,6,51ST ST,SHELTER AVE,0,37.83660278,-122.258341670000,0,9,0,0,3,2,0,1,1,1,0,1,0,0000000,99,99,99,99,99,99,0,0,0,1,0
6,63122,2,2,0,0,0,5,5,65,2116,31,7,2016,1,18,15,0,2,3,1,3,SR-74,,279,33.75211111,-117.185283330000,0,12,6,0,8,1,0,1,1,1,0,1,0,0000000,99,99,99,99,99,99,0,0,0,1,0
6,63123,1,1,0,0,0,1,1,13,2275,18,10,2016,3,14,3,0,2,3,4,6,CANYON RD,,0,37.82306944,-122.140497220000,0,41,0,0,1,1,0,4,1,1,0,1,0,0000000,99,99,99,99,99,99,0,0,0,1,1
6,63124,2,2,0,0,0,4,4,71,4040,16,6,2016,5,10,45,0,2,3,1,3,SR-18,DEL GADO RD,977,34.50673056,-117.342708330000,0,12,2,0,2,2,0,1,1,1,0,1,0,0000000,99,99,99,99,88,88,0,0,0,1,1
6,63125,1,1,0,0,0,1,1,73,2510,11,6,2016,7,1,50,0,2,2,1,3,SR-76,,99998,33.20207500,-117.383825000000,0,33,0,0,1,1,0,3,3,1,0,1,0,0000000,99,99,99,99,88,88,0,0,0,1,1
6,63126,1,1,0,1,1,1,1,71,2550,22,5,2016,1,99,99,0,2,3,4,6,HOLT BLVD,,0,34.06339722,-117.636372220000,0,8,0,0,1,1,0,1,3,1,0,1,0,0000000,99,99,99,99,88,88,0,0,0,1,0
6,63127,1,1,0,0,0,1,1,85,3340,25,10,2016,3,17,27,0,2,7,4,6,LASWELL AVE,,0,37.32284444,-121.931050000000,0,1,0,0,1,1,0,1,5,10,0,10,0,0000000,99,99,99,99,99,99,0,0,0,1,1
6,63128,1,1,0,1,1,1,1,73,2510,3,7,2016,1,23,11,0,2,2,1,3,SR-76,,540,33.20278056,-117.383597220000,0,8,0,0,1,1,0,1,3,1,0,1,0,0000000,99,99,99,99,99,99,0,0,0,1,1
6,63129,1,1,0,0,0,1,1,81,1530,20,11,2016,1,0,55,0,2,3,1,3,SR-1,,270,37.43891389,-122.427613890000,0,42,0,0,1,1,0,4,2,10,0,10,0,0000000,99,99,99,99,88,88,0,0,0,1,1
6,63130,1,1,0,1,1,1,1,81,3220,19,12,2016,2,17,30,0,2,4,4,6,W SAN BRUNO AVE,CHERRY AVE,0,37.62587778,-122.424272220000,0,8,0,0,2,2,0,1,3,1,0,1,0,0000000,99,99,99,99,99,99,0,0,0,1,0
6,63131,2,1,1,0,0,2,2,85,3340,17,8,2016,4,1,50,1,2,2,1,2,US-101,,327,37.31371111,-121.826058330000,0,14,0,0,1,1,0,2,3,1,0,1,0,0000000,99,99,99,99,99,99,0,0,0,1,0
6,63132,1,1,0,0,0,1,1,73,2510,3,6,2016,6,12,57,0,2,2,1,3,SR-76,,90,33.25420556,-117.253708330000,0,25,0,0,1,1,0,3,1,1,0,1,0,0000000,99,99,99,99,88,88,0,0,0,1,1
6,63133,3,3,0,0,0,6,6,73,2510,28,8,2016,1,19,2,0,2,2,1,3,SR-76,OLD GROVE RD,49,33.23311944,-117.307900000000,0,12,1,0,3,2,0,1,5,1,0,1,0,0000000,99,99,99,99,99,99,14,0,0,1,1
6,63134,1,1,0,1,1,1,1,59,3760,27,7,2016,4,6,35,0,2,3,4,6,BEACH BL,,0,33.79934444,-117.992941670000,0,8,0,0,8,1,0,4,1,1,0,1,0,0000000,99,99,99,99,99,99,0,0,0,1,0
6,63135,1,1,0,1,1,3,3,95,4020,16,12,2016,6,6,31,0,2,3,4,6,TENNESSEE ST,GLENN ST,0,38.10980278,-122.242300000000,0,8,0,0,2,3,0,1,3,1,0,1,0,0000000,99,99,99,99,99,99,0,0,0,1,0
6,63136,1,1,0,0,0,1,1,73,2510,30,9,2016,6,1,52,0,2,7,4,6,N COAST HWY,,0,33.20755833,-117.385886110000,0,33,0,0,1,1,0,4,3,1,0,1,0,0000000,99,99,99,99,88,88,0,0,0,1,1
6,63137,1,1,0,1,1,2,2,73,2510,21,4,2016,5,16,0,0,2,4,4,6,MISSION AVE,,0,33.20904167,-117.357416670000,0,8,0,0,1,1,0,4,1,1,0,1,0,0000000,99,99,99,99,99,99,0,0,0,1,1
6,63138,2,2,0,0,0,2,2,71,2550,8,7,2016,6,12,43,0,2,3,4,6,VINEYARD AVE,JAY ST,0,34.07520278,-117.611052780000,0,12,6,0,2,3,0,1,1,1,0,1,0,0000000,99,99,99,99,99,99,0,0,0,1,1
6,63139,1,1,0,1,1,1,1,65,1690,15,11,2016,3,17,59,0,2,4,4,6,AVE 44,,0,33.72943056,-116.214352780000,0,8,0,0,1,1,0,1,3,1,0,1,0,0000000,99,99,99,99,88,88,0,0,0,1,0
6,63140,1,1,0,0,0,1,1,85,3340,1,11,2016,3,16,30,0,2,7,4,6,MURILLO AVE,,0,37.32070833,-121.762027780000,0,33,0,0,1,1,0,4,1,1,0,1,0,0000000,99,99,99,99,99,99,0,0,0,1,0
6,63141,1,1,0,1,1,1,1,47,2150,19,12,2016,2,17,20,0,2,3,4,6,W OLIVE AVE,,0,37.31935833,-120.482038890000,0,8,0,0,1,1,0,1,3,1,0,1,0,0000000,99,99,99,99,99,99,0,0,0,1,0
6,63142,1,1,0,1,1,3,3,67,0,10,8,2016,4,0,37,0,2,3,4,6,POWER INN RD,FLORIN RD,0,38.49609722,-121.409052780000,0,8,0,0,2,2,0,1,3,1,0,1,0,0000000,99,99,99,99,99,99,0,0,0,1,0
6,63143,1,1,0,0,0,1,1,67,0,8,11,2016,3,7,40,0,1,2,1,3,SR-160,,30,38.16939722,-121.639794440000,0,42,0,0,1,1,0,4,1,1,0,1,0,0000000,99,99,99,99,88,88,0,0,0,1,0
6,63144,1,1,0,0,0,1,1,65,1580,29,9,2016,5,3,29,0,2,4,4,6,WARREN RD,,0,33.72386944,-117.032394440000,0,33,0,0,1,1,0,4,2,1,0,1,0,0000000,99,99,99,99,99,99,0,0,0,1,0
6,63145,3,3,0,0,0,6,6,37,4124,13,8,2016,7,1,39,0,2,3,4,6,LA BREA AVE,FOUNTAIN AVE,0,34.09436111,-118.344102780000,0,12,6,0,2,2,0,1,3,1,0,1,0,0000000,99,99,99,99,99,99,0,0,0,1,1
6,63146,1,1,0,1,1,1,1,71,3210,8,7,2016,6,22,37,0,2,4,4,6,BASELINE ST,CRESTVIEW ST,0,34.12131667,-117.273377780000,0,8,0,0,3,2,0,1,3,1,0,1,0,0000000,99,99,99,99,99,99,0,0,0,1,0
6,63147,1,1,0,1,1,1,1,73,2510,14,7,2016,5,15,33,0,2,4,4,6,VISTA WY,RANCHO DEL ORO,0,33.18192500,-117.311413890000,0,15,0,0,3,2,0,1,1,1,0,1,0,0000000,99,99,99,99,99,99,0,0,0,1,0
6,63148,2,2,0,0,0,2,2,13,820,18,11,2016,6,18,56,0,2,3,4,6,KIRKER PASS RD,,0,37.96226667,-121.935550000000,0,12,1,0,1,1,0,1,2,1,0,1,0,0000000,99,99,99,99,99,99,0,0,0,1,0
6,63149,3,3,0,0,0,4,4,13,110,11,11,2016,6,21,33,0,1,3,4,6,LONE TREE WY,,0,37.96174722,-121.739150000000,0,12,8,0,8,1,0,1,3,1,0,1,0,0000000,99,99,99,99,99,99,0,0,0,1,1
6,63150,1,1,0,0,0,1,1,67,0,15,12,2016,5,13,25,0,1,4,2,4,CR-ROSEVILLE ROAD,,0,38.69240000,-121.345500000000,0,33,0,0,1,1,0,4,1,2,0,2,0,0000000,99,99,99,99,88,88,0,0,0,1,0
6,63151,1,1,0,0,0,1,1,65,3070,21,10,2016,6,22,9,0,2,5,4,6,PALM AVE,,0,33.97403333,-117.393727780000,0,42,0,0,1,1,0,4,3,1,0,1,0,0000000,99,99,99,99,99,99,0,0,0,1,0
6,63152,2,2,0,0,0,2,2,59,3420,22,11,2016,3,6,15,0,2,3,4,6,SEGERSTROM AVE,SPRUCE ST,0,33.70740278,-117.888813890000,0,1,0,0,2,2,0,1,4,1,0,1,0,0000000,99,99,99,99,88,88,0,0,0,1,0
6,63153,2,2,0,0,0,2,2,73,2510,7,6,2016,3,2,26,0,2,4,4,6,N COAST HIGHWAY,MISSION AVE,0,33.19591111,-117.379533330000,0,12,6,0,2,2,0,1,3,1,0,1,0,0000000,99,99,99,99,88,88,0,0,0,1,1
6,63154,2,2,0,0,0,2,2,95,4010,15,8,2016,2,19,6,0,2,3,4,6,NUT TREE RD,FAIRVIEW RD,0,38.33700000,-121.953277780000,0,12,6,0,2,3,0,1,1,1,0,1,0,0000000,99,99,99,99,88,88,0,0,0,1,0
6,63155,2,2,0,0,0,3,3,85,3340,16,10,2016,1,1,5,1,2,2,1,2,US-101,,352,37.34352222,-121.855966670000,0,12,1,1,18,1,0,1,2,10,0,10,0,0000000,99,99,99,99,99,99,23,0,0,1,0
6,63156,1,1,0,0,0,2,2,67,0,23,12,2016,6,22,30,0,1,5,2,4,CR-ORANGE GROVE AVE,,0,99.99990000,999.999900000000,0,30,0,0,1,1,0,4,3,10,0,10,0,0000000,99,99,99,99,99,99,0,0,0,1,1
6,63157,1,1,0,1,1,1,1,75,3290,13,10,2016,5,5,18,1,2,1,1,1,I-80,,39,37.76902222,-122.408488890000,0,8,0,0,1,1,0,1,2,10,0,10,0,0000000,99,99,99,99,88,88,0,0,0,1,0
6,63158,1,1,0,1,1,2,2,53,3180,30,7,2016,7,22,12,0,8,98,4,6,N MAIN ST,,0,36.69036944,-121.652244440000,0,8,0,0,1,1,0,1,3,10,0,10,0,0000000,99,99,99,99,99,99,0,0,0,1,0
6,63159,1,1,0,1,1,4,4,37,1980,17,2,2016,4,13,45,0,2,98,4,6,WILSHIRE BL,BONNIE BRAE ST,0,34.05691667,-118.273613890000,0,9,0,0,2,2,0,1,1,10,0,10,0,0000000,99,99,99,99,99,99,0,0,0,1,0
6,63160,2,2,0,1,1,2,2,37,1970,14,5,2016,7,20,26,0,2,4,4,6,CHERRY AVE,,0,33.79148333,-118.167652780000,0,8,0,0,1,1,0,1,3,1,0,1,0,0000000,99,99,99,99,88,88,0,0,0,1,0
6,63161,1,1,0,2,2,1,1,37,1550,3,9,2016,7,16,15,0,2,3,4,6,HAWTHORNE BL,133RD ST,0,33.91189444,-118.352700000000,0,8,0,0,2,2,0,1,1,1,0,1,0,0000000,99,99,99,99,99,99,0,0,0,1,1
6,63162,1,1,0,1,1,1,1,75,3290,22,6,2016,4,18,1,0,2,4,4,6,JOHN F KENNEDY DR,,0,37.77078611,-122.488238890000,0,9,0,0,1,1,0,4,1,1,0,1,0,0000000,99,99,99,99,99,99,0,0,0,1,0
6,63163,1,1,0,0,0,1,1,71,2922,23,2,2016,3,0,41,0,2,5,4,6,VICTORIA PARK LN,ATWOOD ST,0,34.12286111,-117.529319440000,0,33,0,0,3,2,0,4,3,1,0,1,0,0000000,99,99,99,99,88,88,0,0,0,1,1
6,63164,2,2,0,0,0,2,2,29,240,29,9,2016,5,15,48,0,2,4,4,6,PLANZ RD,CHUMLEY ST,0,35.32518611,-119.040011110000,0,12,6,0,2,3,0,1,1,1,0,1,0,0000000,99,99,99,99,99,99,0,0,0,1,0
6,63165,3,2,1,0,5,2,7,99,3060,16,9,2016,6,22,56,0,2,5,4,6,ROSELLE AVE,GLOW RD,0,37.71455833,-120.940144440000,0,12,6,0,2,3,0,1,2,1,0,1,0,0000000,99,99,99,99,99,99,0,0,0,1,0
6,63166,1,1,0,1,1,1,1,37,804,21,5,2016,7,12,20,0,2,3,4,6,TELEGRAPH RD,,0,34.01088611,-118.159472220000,0,8,0,0,1,1,0,1,1,1,0,1,0,0000000,99,99,99,99,99,99,0,0,0,1,0
6,63167,1,1,0,1,1,1,1,73,2510,27,6,2016,2,6,15,0,2,4,4,6,MISSION AVE,,0,33.23045278,-117.315133330000,0,8,0,0,1,1,0,4,1,1,0,1,0,0000000,99,99,99,99,88,88,0,0,0,1,1
6,63168,1,1,0,0,0,1,1,37,1970,16,1,2016,7,2,9,0,2,3,4,6,CARSON ST,,0,33.83223056,-118.123405560000,0,33,0,0,1,1,0,3,3,1,0,1,0,0000000,99,99,99,99,99,99,0,0,0,1,0
6,63169,2,2,0,0,0,3,3,77,3770,12,3,2016,7,12,28,0,2,4,4,6,EL DORADO ST,,0,37.91944722,-121.278975000000,0,12,6,0,8,1,0,1,1,10,0,10,0,0000000,99,99,99,99,88,88,0,0,0,1,1
6,63170,1,1,0,0,0,2,2,61,3110,11,11,2016,6,3,18,0,2,4,4,6,INDUSTRIAL BLVD,,0,38.79755833,-121.307755560000,0,33,0,0,1,1,0,4,2,1,0,1,0,0000000,99,99,99,99,88,88,20,0,0,2,0
6,63171,3,1,2,0,0,4,4,37,4124,27,10,2016,5,23,51,0,2,4,4,6,FOUNTAIN AVE,,0,34.09441944,-118.355216670000,0,14,0,0,1,1,0,7,3,1,0,1,0,0000000,99,99,99,99,99,99,0,0,0,1,1
6,63172,2,2,0,0,0,3,3,71,3210,6,6,2016,2,13,48,0,2,4,4,6,ARROW ROUTE,,0,34.09909722,-117.563986110000,0,12,6,0,8,1,0,1,1,1,0,1,0,0000000,99,99,99,99,99,99,0,0,0,1,0
6,63173,2,2,0,0,0,2,2,71,1603,1,6,2016,4,4,45,0,2,3,4,6,BEAR VALLEY RD,,0,34.47087500,-117.302627780000,0,12,2,0,1,1,0,1,3,1,0,1,0,0000000,99,99,99,99,99,99,0,0,0,1,1
6,63174,1,1,0,0,0,2,2,53,3180,20,11,2016,1,3,7,0,2,3,4,6,EAST ALISAL ST,FRONT ST,0,36.67477222,-121.647530560000,0,25,0,0,1,1,0,3,3,2,0,2,0,0000000,99,99,99,99,88,88,0,0,0,2,1
6,63175,1,1,0,1,1,1,1,73,710,30,12,2016,6,17,20,0,2,5,4,6,FOURTH AVE,,0,32.63974167,-117.083841670000,0,8,0,0,1,1,0,1,3,10,0,10,0,0000000,99,99,99,99,99,99,0,0,0,1,0
6,63176,3,2,1,0,0,3,3,37,1980,28,8,2016,1,16,55,0,2,3,4,6,FAIRFAX AVE,,0,34.07964444,-118.361477780000,0,12,1,0,1,1,0,1,1,1,0,1,0,0000000,99,99,99,99,99,99,14,0,0,1,0
6,63177,1,1,0,0,0,1,1,65,2116,23,9,2016,6,0,56,0,2,4,4,6,NEWPORT RD,,0,33.68504444,-117.178183330000,0,33,0,0,1,1,0,3,3,1,0,1,0,0000000,99,99,99,99,99,99,0,0,0,1,1
6,63178,1,1,0,1,1,1,1,59,2800,24,11,2016,5,17,30,0,2,3,4,6,ROSE DR,,0,33.87855556,-117.842466670000,0,8,0,0,1,1,0,1,2,1,0,1,0,0000000,99,99,99,99,99,99,0,0,0,1,0
6,63179,3,3,0,0,0,7,7,1,2480,23,11,2016,4,22,2,1,2,1,1,1,I-580,,390,37.46550833,-122.102825000000,0,12,7,0,1,1,0,1,3,1,0,1,0,0000000,99,99,99,99,88,88,0,0,0,1,0
6,63180,1,1,0,0,0,1,1,85,3340,23,11,2016,4,14,15,1,2,2,1,2,US-101,,389,37.36826389,-121.908511110000,0,24,0,0,1,1,0,3,1,10,0,10,0,0000000,99,99,99,99,88,88,0,0,0,1,0
6,63181,3,3,0,0,0,5,5,87,0,5,9,2016,2,20,40,9,8,98,98,3,SR-1,,99999,36.96215556,-122.077397220000,9,12,8,0,1,1,0,1,2,1,0,1,0,0000000,99,99,99,99,99,99,0,0,0,1,1
6,63182,1,1,0,0,0,2,2,29,0,27,11,2016,1,3,30,0,1,3,2,4,CR-TEHACHAPI WILLOW SPRINGS RD,,0,35.06559722,-118.394155560000,0,1,0,0,1,1,0,4,2,2,4,4,0,0000000,99,99,99,99,99,99,0,0,0,1,0
6,63183,1,1,0,0,0,2,2,37,1980,25,10,2016,3,16,20,0,2,3,4,6,JEFFERSON BLVD,ALLA RD,0,33.97475833,-118.424391670000,0,30,0,0,3,2,0,4,1,1,0,1,0,0000000,99,99,99,99,99,99,0,0,0,1,0
6,63184,2,2,0,0,0,2,2,37,890,25,2,2016,5,13,50,0,2,4,4,6,EAST SAN BERNARDINO RD,NORTH PROSPERO DR,0,34.09092778,-117.878697220000,0,12,6,0,2,3,0,1,1,1,0,1,0,0000000,99,99,99,99,88,88,0,0,0,1,0
6,63185,1,1,0,1,1,1,1,61,3110,31,10,2016,2,18,28,0,2,7,4,6,WASHINGTON BLVD,PLEASANT ST,0,38.75389722,-121.287883330000,0,8,0,0,3,2,0,1,3,10,0,10,0,0000000,99,99,99,99,99,99,0,0,0,1,1
6,63186,1,1,0,1,1,3,3,59,1660,19,11,2016,7,19,21,0,2,3,1,3,SR-39,TAYLOR DR,34,33.69757500,-117.989127780000,0,15,0,0,2,2,0,1,3,1,0,1,0,0000000,99,99,99,99,99,99,0,0,0,1,0
6,63187,2,2,0,0,0,5,5,65,3320,25,9,2016,1,2,40,0,2,4,4,6,SANDERSON AVE,,0,33.82948889,-117.003594440000,0,25,0,0,1,1,0,4,2,1,0,1,0,0000000,99,99,99,99,99,99,0,0,0,1,1
6,63188,2,1,1,1,1,1,1,37,1980,16,6,2016,5,20,40,0,2,7,4,6,BORDEN AVE,,0,34.31263333,-118.449855560000,0,14,0,0,1,1,0,2,3,1,0,1,0,0000000,99,99,99,99,99,99,15,0,0,1,1
6,63189,3,3,0,0,0,3,3,107,4050,21,12,2016,4,21,34,0,2,3,1,3,SR-63,,98,36.35148333,-119.296941670000,0,12,6,0,8,1,0,1,3,1,0,1,0,0000000,99,99,99,99,99,99,0,0,0,1,0
6,63190,1,1,0,1,1,1,1,37,120,7,12,2016,4,17,33,0,2,4,4,6,LIVE OAK AVE,,0,34.10922778,-118.017166670000,0,8,0,0,1,1,0,1,3,1,0,1,0,0000000,99,99,99,99,88,88,0,0,0,1,0
6,63191,2,2,0,0,0,2,2,107,4050,5,9,2016,2,5,28,0,2,3,4,6,PLAZA DR,,0,36.34377778,-119.394541670000,0,12,1,0,1,1,0,1,3,1,0,1,0,0000000,99,99,99,99,88,88,0,0,0,1,0