STATE,ST_CASE,VE_TOTAL,VE_FORMS,PVH_INVL,PEDS,PERNOTMVIT,PERMVIT,PERSONS,COUNTY,CITY,DAY,MONTH,YEAR,DAY_WEEK,HOUR,MINUTE,NHS,RUR_URB,FUNC_SYS,RD_OWNER,ROUTE,TWAY_ID,TWAY_ID2,MILEPT,LATITUDE,LONGITUD,SP_JUR,HARM_EV,MAN_COLL,RELJCT1,RELJCT2,TYP_INT,WRK_ZONE,REL_ROAD,LGT_COND,WEATHER1,WEATHER2,WEATHER,SCH_BUS,RAIL,NOT_HOUR,NOT_MIN,ARR_HOUR,ARR_MIN,HOSP_HR,HOSP_MN,CF1,CF2,CF3,FATALS,DRUNK_DR
6,63296,2,2,0,0,0,3,3,97,0,24,12,2016,7,22,3,0,1,4,2,4,CR-PETALUMA HILL RD,CRANE RANCH RD,0,38.35797500,-122.667011110000,0,12,6,0,2,3,0,1,2,1,0,1,0,0000000,99,99,99,99,88,88,0,0,0,1,0
6,63297,1,1,0,1,1,1,1,47,0,1,12,2016,5,17,16,0,1,3,2,4,CR-WINTON WAY,,0,37.38453611,-120.613647220000,0,8,0,0,1,1,0,1,5,1,0,1,0,0000000,99,99,99,99,88,88,0,0,0,1,0
6,63298,1,1,0,1,1,1,1,67,0,18,6,2016,7,2,0,0,1,4,2,4,CR-ELVERTA ROAD,,0,38.71440278,-121.441002780000,0,8,0,0,1,1,0,2,2,10,0,10,0,0000000,99,99,99,99,88,88,0,0,0,1,0
6,63299,1,1,0,1,1,1,1,59,80,17,11,2016,5,16,42,0,8,98,98,9,HARBOR BOULEVARD,,0,33.84916389,-117.924186110000,0,8,0,0,1,1,0,1,5,1,0,1,0,0000000,99,99,99,99,99,99,0,0,0,1,0
6,63300,4,4,0,0,0,7,7,29,240,11,11,2016,6,20,41,9,8,98,98,9,MING AVE,NEW STINE RD,99999,35.33811111,-119.060733330000,0,12,6,0,2,2,0,1,1,1,0,1,0,0000000,99,99,20,44,21,11,20,0,0,1,1
6,63301,1,1,0,0,0,3,3,65,2327,16,1,2016,7,1,50,9,8,98,98,9,WINCHESTER RD,,99999,99.99990000,999.999900000000,9,33,0,0,1,1,0,4,2,10,0,10,0,0000000,99,99,99,99,88,88,0,0,0,3,1
6,63302,2,2,0,3,3,2,2,59,9999,10,7,2016,1,0,19,9,8,98,98,5,HARBOR BLVD,,99999,33.75242778,-117.920180560000,0,8,0,0,1,1,0,1,3,1,0,1,0,0000000,99,99,99,99,99,99,14,0,0,1,0
6,63303,1,1,0,0,0,1,1,59,2560,18,11,2016,6,17,8,9,8,98,98,9,SANTIAGO CANYON ROAD,,99999,33.78525556,-117.750950000000,9,24,0,0,1,1,0,4,5,1,0,1,0,0000000,99,99,99,99,88,88,0,0,0,1,0
6,63304,1,1,0,1,1,2,2,65,2278,31,12,2016,7,18,29,9,8,98,98,9,HEMLOCK AVE,,99999,33.94241667,-117.261436110000,9,8,0,0,1,1,0,1,2,2,0,2,0,0000000,99,99,99,99,99,99,0,0,0,1,0
6,63305,1,1,0,1,1,2,2,59,9999,14,11,2016,2,21,57,9,8,98,98,5,EDINGER AVE,,99999,33.72750278,-117.911597220000,0,8,0,0,1,1,0,1,3,1,0,1,0,0000000,99,99,99,99,88,88,0,0,0,1,0
6,63306,1,1,0,1,1,1,1,47,1990,20,12,2016,3,22,8,0,8,98,98,3,SR-165,,0,37.07651944,-120.834961110000,0,8,0,0,1,1,0,1,3,1,0,1,0,0000000,99,99,99,99,88,88,0,0,0,1,0
6,63307,1,1,0,1,1,1,1,65,2730,29,3,2016,3,20,0,9,8,98,98,9,PERRIS BLVD,JARVIS ST,99999,33.79205833,-117.226247220000,9,8,0,0,3,3,0,1,3,2,0,2,0,0000000,99,99,99,99,99,99,0,0,0,1,0
6,63308,2,2,0,0,0,2,2,71,2550,18,7,2016,2,5,49,0,2,3,4,6,EUCLID AVE,F ST,0,34.06950000,-117.650780560000,0,12,6,0,2,2,0,1,1,1,0,1,0,0000000,99,99,99,99,99,99,0,0,0,1,0
6,63309,1,1,0,1,1,1,1,59,80,20,10,2016,5,19,52,0,8,98,98,9,W. LINCOLN AVENUE,,0,33.83922500,-117.897877780000,9,8,0,0,1,1,0,1,3,1,0,1,0,0000000,99,99,99,99,99,99,0,0,0,1,0
6,63310,1,1,0,1,1,2,2,13,110,7,10,2016,6,20,22,9,8,98,98,5,E 18TH ST,ALPHA WY,99999,99.99990000,999.999900000000,0,8,0,0,3,3,0,1,3,1,0,1,0,0000000,99,99,99,99,99,99,0,0,0,1,0
6,63311,1,1,0,1,1,1,1,65,9999,10,10,2016,2,22,45,9,8,98,98,5,SOUTH SAN JACINTO,,99999,99.99990000,999.999900000000,0,8,0,0,1,1,0,1,3,1,0,1,0,0000000,99,99,99,99,99,99,0,0,0,1,0
6,63312,2,2,0,0,0,2,2,85,3340,24,11,2016,5,23,36,0,2,2,1,3,SR-237,,70,37.41876667,-121.967669440000,0,12,6,0,1,1,0,1,3,1,0,1,0,0000000,99,99,99,99,99,99,23,19,0,1,1
6,63313,1,1,0,2,2,1,1,37,518,5,6,2016,1,20,55,1,2,2,1,2,US-101 RAMP,LAS VIRGENES RD,311,34.14945000,-118.698088890000,0,8,0,0,3,2,0,1,3,1,0,1,0,0000000,99,99,99,99,99,99,0,0,0,1,0
6,63314,1,1,0,1,1,1,1,65,2730,24,11,2016,5,16,55,9,8,98,98,9,4TH ST,PARK AVE,99999,99.99990000,999.999900000000,9,8,0,0,3,2,0,1,5,1,0,1,0,0000000,99,99,99,99,99,99,0,0,0,1,0
6,63315,2,2,0,0,0,3,3,71,4000,17,7,2016,1,15,40,0,2,3,4,6,MOUNTAIN AVE,,0,34.10674167,-117.670183330000,0,12,9,0,1,1,0,1,1,1,0,1,0,0000000,99,99,99,99,99,99,0,0,0,1,0
6,63316,2,2,0,0,0,2,2,65,2935,13,10,2016,5,0,32,9,8,98,98,9,SUNRISE DR,,99999,99.99990000,999.999900000000,9,12,1,0,1,1,0,1,2,1,0,1,0,0000000,99,99,99,99,99,99,0,0,0,1,1
6,63317,1,1,0,2,2,4,4,37,890,19,6,2016,1,18,39,9,8,98,98,9,SAN BERNARDINO RD,JANALINDA AVE,99999,34.08861944,-117.913650000000,9,8,0,0,3,3,0,1,1,1,0,1,0,0000000,99,99,99,99,99,99,0,0,0,1,0
6,63318,4,3,1,0,0,6,6,85,3340,19,10,2016,4,19,30,9,8,98,98,9,MCLAUGHLIN AVE,BAYARD DR,99999,99.99990000,999.999900000000,9,12,6,0,2,3,0,1,3,1,0,1,0,0000000,99,99,99,99,99,99,0,0,0,1,0
6,63319,1,1,0,1,1,2,2,29,240,28,11,2016,2,19,51,9,8,98,98,9,AUBURN ST,,99999,35.39774444,-118.949661110000,0,8,0,0,1,1,0,1,3,1,0,1,0,0000000,99,99,99,99,99,99,0,0,0,1,0
6,63320,3,3,0,0,0,4,4,37,9999,19,8,2016,6,22,38,9,8,98,98,9,PACIFIC COAST HWY,,99999,99.99990000,999.999900000000,0,12,11,0,1,1,0,1,3,1,0,1,0,0000000,99,99,99,99,99,99,0,0,0,1,0
6,63321,2,2,0,0,0,2,2,1,2480,29,8,2016,2,17,6,9,8,98,98,9,SKYLINE BLVD,,99999,99.99990000,999.999900000000,9,1,0,0,1,1,0,1,1,1,0,1,0,0000000,99,99,99,99,88,88,0,0,0,1,0
6,63322,2,2,0,0,0,5,5,37,2749,13,8,2016,7,16,5,0,8,98,98,9,ROSEMEAN BLVD,ARMA ST,0,34.00906389,-118.081258330000,9,12,99,0,2,3,0,1,1,1,0,1,0,0000000,99,99,99,99,99,99,0,0,0,1,0
6,63323,1,1,0,1,1,1,1,65,1801,9,7,2016,7,18,46,9,8,98,98,9,GRAHAM AVE,KELLOGG ST,99999,33.67001944,-117.334866670000,0,15,0,0,3,2,0,1,1,1,0,1,0,0000000,99,99,99,99,99,99,0,0,0,1,0
6,63324,1,1,0,1,1,2,2,7,660,10,12,2016,7,17,17,0,8,98,98,9,MANGROVE AVENUE,,0,39.73300000,-121.835222220000,0,8,0,0,1,1,0,1,3,2,10,2,0,0000000,99,99,99,99,99,99,0,0,0,1,0
6,63325,1,1,0,1,1,2,2,59,2400,17,10,2016,2,18,40,9,8,98,98,9,BALBOA BLVD,7TH ST,99999,33.60441667,-117.909052780000,9,9,0,0,3,2,0,1,3,1,0,1,0,0000000,99,99,99,99,99,99,0,0,0,1,0
6,63326,2,2,0,0,0,2,2,37,2684,28,6,2016,3,5,40,9,8,98,98,9,GARFIELD AVE,JACKSON ST,0,33.88616667,-118.167838890000,9,12,2,0,2,2,0,1,1,1,0,1,0,0000000,99,99,99,99,99,99,0,0,0,1,0
6,63327,2,2,0,0,0,2,2,59,3558,9,12,2016,6,13,41,9,8,98,98,9,WESTMINSTER AVE,,99999,99.99990000,999.999900000000,9,12,2,0,1,1,0,1,1,1,0,1,0,0000000,99,99,99,99,99,99,0,0,0,1,0
6,63328,1,1,0,1,1,1,1,17,0,28,12,2016,4,17,40,9,1,2,1,3,SR-49,,99999,38.89119167,-121.015805560000,0,8,0,0,1,1,0,1,2,1,0,1,0,0000000,99,99,99,99,88,88,0,0,0,1,1
6,63329,2,2,0,0,0,3,3,67,0,13,10,2016,5,18,0,0,1,4,2,4,CR-GARFIELD AVE,KIVA DR,0,38.65119444,-121.336650000000,0,12,6,0,2,3,0,1,5,1,0,1,0,0000000,99,99,99,99,99,99,0,0,0,2,0
6,63330,1,1,0,0,0,1,1,19,0,30,8,2016,3,23,55,0,1,4,2,4,CR-KEARNEY BLVD,,0,36.72487222,-119.876600000000,0,42,0,0,1,1,0,4,2,1,0,1,0,0000000,99,99,99,99,99,99,0,0,0,1,1
6,63331,2,2,0,0,0,2,2,85,3340,9,12,2016,6,17,0,9,8,98,98,9,MONTEREY ROAD,DAYLIGHT WAY,99999,99.99990000,999.999900000000,9,12,6,0,2,98,0,1,3,10,0,10,0,0000000,99,99,99,99,99,99,0,0,0,1,0
6,63332,2,2,0,0,0,2,2,65,2646,30,8,2016,3,13,30,9,8,98,98,9,COOK STREET,FRANK SINATRA DRIVE,99999,99.99990000,999.999900000000,9,12,6,0,2,2,0,1,1,1,0,1,0,0000000,99,99,99,99,88,88,0,0,0,1,0
6,63333,3,3,0,0,0,3,3,65,2646,6,7,2016,4,12,52,0,2,3,4,6,HWY 111,,0,33.73254444,-116.405580560000,0,12,98,0,1,1,0,1,1,1,0,1,0,0000000,99,99,99,99,99,99,0,0,0,1,0
6,63334,2,2,0,0,0,2,2,65,2646,23,7,2016,7,10,28,0,2,5,4,6,COUNTRY CLUB DRIVE,HARRIS LN,0,33.75827222,-116.305533330000,0,12,1,0,3,2,0,1,1,1,0,1,0,0000000,99,99,99,99,99,99,0,0,0,1,0
6,63335,1,1,0,0,0,2,2,65,4197,25,11,2016,6,19,18,9,8,98,98,9,MONTE VISTA DRIVE,,99999,99.99990000,999.999900000000,9,39,0,0,1,1,0,4,2,1,0,1,0,0000000,99,99,99,99,99,99,0,0,0,1,0
6,63336,1,1,0,0,0,1,1,73,0,16,12,2016,6,99,99,1,1,1,1,1,I-8,,99999,32.82474167,-116.613386110000,0,59,0,0,1,1,0,4,2,10,2,2,0,0000000,99,99,99,99,88,88,0,0,0,1,0
6,63337,1,1,0,0,0,3,3,85,0,11,11,2016,6,15,10,0,1,2,1,3,SR-9,,46,37.24770278,-122.073497220000,0,42,0,0,1,1,0,4,1,1,0,1,0,0000000,99,99,99,99,99,99,0,0,0,1,0
6,63339,1,1,0,1,1,1,1,65,4197,28,5,2016,7,21,42,9,8,98,98,9,ORANGE STREET,,99999,99.99990000,999.999900000000,9,18,0,0,8,1,0,1,2,1,0,1,0,0000000,99,99,99,99,99,99,0,0,0,1,0
6,63340,1,1,0,0,0,2,2,37,2684,16,10,2016,1,4,41,9,8,98,98,9,DOWNEY AVENUE,,99999,99.99990000,999.999900000000,9,42,0,0,1,1,0,4,3,1,0,1,0,0000000,99,99,99,99,99,99,0,0,0,1,1
6,63341,2,2,0,0,0,5,5,37,2870,2,9,2016,6,23,49,9,8,98,98,9,SR-71,OLD POMONA RD,99999,99.99990000,999.999900000000,9,12,6,0,3,3,0,1,3,1,0,1,0,0000000,99,99,99,99,99,99,0,0,0,1,0
6,63342,1,1,0,2,2,1,1,65,2646,3,3,2016,5,12,15,9,8,98,98,9,MONTEREY AVE,HAHN RD,99999,99.99990000,999.999900000000,9,8,0,0,3,2,0,1,1,1,0,1,0,0000000,99,99,99,99,99,99,0,0,0,1,0
6,63343,1,1,0,0,0,4,4,37,120,13,12,2016,3,1,50,9,8,98,98,9,LAS TUNAS DR,,99999,99.99990000,999.999900000000,9,33,0,0,1,1,0,4,2,10,0,10,0,0000000,99,99,99,99,99,99,0,0,0,3,1
6,63344,1,1,0,1,1,1,1,37,2870,3,12,2016,7,19,40,9,8,98,98,9,MISSION BLVD,,99999,99.99990000,999.999900000000,9,8,0,0,1,1,0,1,3,1,0,1,0,0000000,99,98,99,98,88,88,0,0,0,1,0
6,63345,5,5,0,0,0,6,6,19,0,6,5,2016,6,10,57,1,8,1,1,1,I-5,,99999,36.27162500,-120.254683330000,0,12,1,0,1,1,0,1,1,10,0,10,0,0000000,99,99,99,99,99,99,0,0,0,1,0
6,63346,1,1,0,0,0,1,1,65,3070,26,9,2016,2,5,15,9,8,98,98,3,SR-91,,99999,33.97546944,-117.371738890000,0,35,0,0,1,1,0,4,3,1,0,1,0,0000000,88,88,88,88,88,88,0,0,0,1,1
6,63347,5,5,0,1,1,7,7,1,20,14,11,2016,2,4,22,1,2,1,1,1,I-580,,476,37.89178333,-122.308638890000,0,8,0,1,18,1,0,1,2,10,0,10,0,0000000,99,99,99,99,88,88,0,0,0,1,0
6,63348,2,2,0,1,1,3,3,37,30,19,12,2016,2,21,55,1,2,1,1,1,I-10,,239,34.07143056,-118.124502780000,0,8,0,1,18,1,0,1,3,1,0,1,0,0000000,99,99,99,99,88,88,0,0,0,1,0
6,63349,1,1,0,3,3,1,1,37,1980,29,11,2016,3,18,5,1,2,1,1,1,I-405,,434,34.21618056,-118.473411110000,0,33,0,0,1,1,0,4,2,1,0,1,0,0000000,99,99,99,99,99,99,0,0,0,1,0
6,63350,1,1,0,0,0,1,1,37,1980,29,12,2016,5,3,58,1,2,1,1,1,I-110 RAMP,3RD ST,231,34.05598056,-118.256011110000,0,33,0,1,5,1,0,4,3,1,0,1,0,0000000,99,99,99,99,88,88,0,0,0,1,0
6,63351,2,2,0,0,0,3,3,59,80,18,12,2016,1,21,30,1,2,1,1,1,I-5 RAMP,DISNEYLAND DR,385,33.82233056,-117.922761110000,0,25,0,1,5,1,0,4,3,1,0,1,0,0000000,99,99,99,99,99,99,14,0,0,1,0
6,63352,1,1,0,1,1,1,1,37,2458,7,12,2016,4,18,4,9,8,98,98,9,FLALLON AVE,,99999,99.99990000,999.999900000000,9,8,0,0,1,1,0,1,3,1,0,1,0,0000000,99,99,99,99,99,99,0,0,0,1,0
6,63353,1,1,0,1,1,1,1,37,2020,11,11,2016,6,21,23,9,8,98,98,9,ATLANTIC AVE,BREWSTER AVE,99999,99.99990000,999.999900000000,9,8,0,0,3,3,0,1,3,1,0,1,0,0000000,99,99,99,99,99,99,0,0,0,1,0
6,63354,2,2,0,0,0,3,3,37,2645,29,4,2016,6,10,16,0,2,4,4,6,10TH ST,TECHNOLOGY DR,0,34.59446389,-118.147602780000,0,12,6,0,2,3,0,1,1,1,0,1,0,0000000,99,99,99,99,99,99,0,0,0,1,0
6,63355,1,1,0,1,1,1,1,59,3760,14,5,2016,7,6,20,0,2,3,4,6,KATELLA AVE,,0,33.80280833,-117.993975000000,0,33,0,0,1,1,0,4,1,1,0,1,0,0000000,99,99,99,99,99,99,0,0,0,1,0
6,63356,5,5,0,0,0,8,8,71,1603,15,8,2016,2,14,58,0,2,3,4,6,MAIN ST,TIMBERLANE AVE,0,34.41745833,-117.273961110000,0,12,6,0,2,2,0,1,1,1,0,1,0,0000000,99,99,99,99,99,99,14,0,0,1,0
6,63357,1,1,0,1,1,3,3,111,3641,26,5,2016,5,14,19,0,2,4,4,6,ROYAL AVE,,0,34.26438056,-118.788908330000,0,8,0,0,1,1,0,1,1,1,0,1,0,0000000,99,99,99,99,99,99,0,0,0,1,0
6,63358,1,1,0,1,1,1,1,113,4163,8,10,2016,7,19,26,0,2,3,4,6,WEST CAPITOL AVE,,0,38.57878333,-121.557388890000,0,8,0,0,1,1,0,1,2,1,0,1,0,0000000,99,99,99,99,99,99,0,0,0,1,0
6,63359,1,1,0,1,1,1,1,7,660,10,10,2016,2,10,1,0,2,5,4,6,E LASSEN AVE,,0,39.77082500,-121.849172220000,0,8,0,0,1,1,0,1,1,1,0,1,0,0000000,99,99,99,99,99,99,0,0,0,1,0
6,63360,1,1,0,0,0,3,3,1,3360,28,8,2016,1,2,35,0,2,4,4,6,BANCROFT AVE,CALLAN AVE,0,37.72810000,-122.148233330000,0,33,0,0,3,3,0,4,3,1,0,1,0,0000000,99,99,99,99,99,99,0,0,0,1,1
6,63361,3,3,0,0,0,4,4,37,810,16,10,2016,1,15,50,0,2,4,4,6,SANTA FE AVENUE,,0,33.91228611,-118.216800000000,0,12,2,0,1,1,0,1,1,1,0,1,0,0000000,99,99,99,99,99,99,0,0,0,2,0
6,63362,1,1,0,1,1,1,1,37,1980,22,10,2016,7,23,45,0,2,7,4,6,107TH ST,,0,33.93887222,-118.235038890000,0,9,0,0,1,1,0,1,3,1,0,1,0,0000000,99,99,99,99,99,99,0,0,0,1,0
6,63363,1,1,0,1,1,1,1,89,2950,18,10,2016,3,19,2,0,2,4,4,6,CYPRESS AVE,,0,40.57347500,-122.377969440000,0,8,0,0,1,1,0,1,3,1,0,1,0,0000000,99,99,99,99,88,88,0,0,0,1,0
6,63364,1,1,0,0,0,2,2,85,3340,6,10,2016,5,3,15,1,2,1,1,1,I-680 S/B,,25,37.36910278,-121.847452780000,0,25,0,0,1,1,0,3,2,1,0,1,0,0000000,99,99,99,99,99,99,0,0,0,1,1
6,63365,2,2,0,0,0,8,8,37,0,24,10,2016,2,1,50,1,2,1,1,1,I-605,,112,33.96178611,-118.085511110000,0,12,1,0,1,1,0,1,2,10,0,10,0,0000000,99,99,99,99,99,99,0,0,0,1,0
6,63366,2,2,0,1,1,1,1,37,1980,2,10,2016,1,3,27,1,8,98,98,1,I-110 HARBOR FWY,,99999,34.03498889,-118.274538890000,0,12,7,0,1,1,0,1,3,1,0,1,0,0000000,99,99,99,99,99,99,19,0,0,1,1
6,63367,3,3,0,0,0,4,4,89,2950,10,11,2016,5,16,58,0,2,4,4,6,BUENAVENTURA BLVD,LAKESIDE DR,0,40.58029722,-122.425211110000,0,12,6,0,2,2,0,1,5,1,0,1,0,0000000,99,99,99,99,99,99,0,0,0,1,0
6,63368,1,1,0,0,0,1,1,71,1603,16,9,2016,6,19,23,0,2,7,4,6,CALIENTE RD,,0,34.38827500,-117.411561110000,0,1,0,0,1,1,0,2,3,1,0,1,0,0000000,99,99,99,99,20,29,0,0,0,1,1
6,63369,1,1,0,1,1,1,1,59,3420,25,9,2016,1,20,4,0,2,3,4,6,1ST ST,,0,33.74554722,-117.863127780000,0,8,0,0,1,1,0,1,3,1,0,1,0,0000000,99,99,99,99,88,88,0,0,0,1,0
6,63370,3,3,0,0,0,8,8,37,1400,25,6,2016,7,10,20,0,2,3,4,6,REDONDO BEACH BLVD,MANHATTAN PLACE,0,33.88806389,-118.310569440000,0,12,2,0,3,2,0,1,1,1,0,1,0,0000000,99,99,99,99,99,99,0,0,0,1,2
6,63371,2,2,0,0,0,2,2,71,115,1,12,2016,5,6,30,0,2,5,4,6,BEAR VLY RD,,0,34.47120556,-117.237611110000,0,12,2,0,1,1,0,1,4,1,0,1,0,0000000,99,99,99,99,99,99,0,0,0,2,0
6,63372,2,2,0,0,0,3,3,59,80,4,5,2016,4,5,25,0,2,3,4,6,ANAHEIM BLVD,LINCOLN AVE,0,33.83672500,-117.914133330000,0,12,6,0,2,2,0,1,3,10,0,10,0,0000000,99,99,99,99,99,99,0,0,0,1,0
6,63373,1,1,0,1,1,1,1,71,3970,25,5,2016,4,10,48,0,2,3,1,3,SR-62,,310,34.13646111,-115.968575000000,0,31,0,0,1,1,0,4,1,1,0,1,0,0000000,99,99,99,99,88,88,0,0,0,1,0
6,63374,1,1,0,1,1,1,1,37,1550,26,9,2016,2,1,3,0,2,4,4,6,YUKON AVE,,0,33.89841389,-118.335205560000,0,9,0,0,1,1,0,1,3,1,0,1,0,0000000,99,99,99,99,99,99,0,0,0,1,0
6,63375,2,2,0,0,0,2,2,37,300,2,12,2016,6,5,57,0,2,3,4,6,EASTERN AVE,,0,33.99189444,-118.161061110000,0,12,6,0,4,1,0,1,3,1,0,1,0,0000000,99,99,99,99,99,99,0,0,0,1,0
6,63376,1,1,0,1,1,1,1,37,1970,29,9,2016,5,4,3,0,2,4,4,6,SPRING ST,,0,33.81139167,-118.157858330000,0,8,0,0,1,1,0,1,3,1,0,1,0,0000000,99,99,99,99,88,88,0,0,0,1,1
6,63377,2,2,0,0,0,3,3,59,1974,19,8,2016,6,14,52,0,2,3,4,6,LOS ALAMITOS BLVD,,0,33.81473889,-118.071769440000,0,24,0,0,1,1,0,4,1,1,0,1,0,0000000,99,99,99,99,99,99,0,0,0,1,1
6,63378,2,2,0,0,0,2,2,37,1970,10,8,2016,4,16,56,0,2,3,1,3,SR-1,LEMON AVENUE,56,33.78987778,-118.178494440000,0,12,6,0,2,2,0,1,1,1,0,1,0,0000000,99,99,99,99,88,88,0,0,0,1,0
6,63379,2,2,0,0,0,3,3,89,2950,5,10,2016,4,11,42,0,2,4,4,6,SOUTH BONNYVIEW RD,I-5 RAMP,0,40.53824167,-122.349938890000,0,12,7,0,3,2,0,1,1,1,0,1,0,0000000,99,99,99,99,99,99,0,0,0,1,0
6,63380,1,1,0,1,1,2,2,89,2950,11,8,2016,5,8,27,1,2,3,1,3,SR-299,BOULDER DR,244,40.61110000,-122.370058330000,0,9,0,0,3,2,0,1,1,1,0,1,0,0000000,99,99,99,99,99,99,0,0,0,1,0
6,63381,2,2,0,0,0,2,2,71,1603,4,7,2016,2,11,27,0,2,3,4,6,BEAR VALLEY RD,NINTH AVE,0,34.47068611,-117.316769440000,0,12,6,0,2,2,0,1,1,1,0,1,0,0000000,99,99,99,99,88,88,0,0,0,1,0
6,63382,2,2,0,0,0,3,3,37,1980,5,12,2016,2,12,50,0,2,3,4,6,MISSION RD,VALLEY BLVD,0,34.06550000,-118.207247220000,0,12,6,0,2,2,0,1,1,1,0,1,0,0000000,99,99,99,99,99,99,0,0,0,1,0
6,63383,1,1,0,1,1,1,1,1,1170,1,11,2016,3,9,24,0,2,4,4,6,POWELL ST,CHRISTIE AVE,0,37.83844722,-122.294780560000,0,8,0,0,2,2,0,1,1,1,0,1,0,0000000,99,99,99,99,99,99,0,0,0,1,1
6,63384,1,1,0,1,1,1,1,1,2480,12,12,2016,2,5,30,0,2,4,4,6,40TH ST,,0,37.83115000,-122.277158330000,0,15,0,0,1,1,0,1,3,10,0,10,0,0000000,99,99,99,99,88,88,0,0,0,1,0
6,63385,1,1,0,1,1,1,1,37,1970,22,12,2016,5,21,24,0,2,3,4,6,OCEAN BLVD,,0,33.76665278,-118.212191670000,0,8,0,0,1,1,0,1,3,10,0,10,0,0000000,99,99,99,99,99,99,0,0,0,1,0
6,63386,1,1,0,1,1,1,1,37,2458,22,12,2016,5,21,50,0,2,3,4,6,FIRESTONE BLVD,STUDEBAKER RD,0,33.92204444,-118.099319440000,0,9,0,0,2,2,0,1,3,1,0,1,0,0000000,99,99,99,99,88,88,0,0,0,1,0
6,63387,1,1,0,0,0,1,1,65,3070,12,12,2016,2,18,31,0,2,7,4,6,CHARLOTTE WY,,0,33.96812222,-117.403883330000,0,43,0,0,1,1,0,4,3,1,0,1,0,0000000,99,99,99,99,99,99,0,0,0,1,0
6,63388,1,1,0,1,1,1,1,65,3070,5,11,2016,7,16,20,0,2,3,4,6,VAN BUREN BL,PHILBIN AVE,0,33.93896944,-117.453922220000,0,8,0,0,2,2,0,1,1,1,0,1,0,0000000,99,99,99,99,99,99,0,0,0,1,0
6,63389,1,1,0,1,1,1,1,37,1825,25,7,2016,2,0,45,0,2,3,4,6,BEACH BL,,0,33.90290000,-117.982641670000,0,8,0,0,1,1,0,1,3,1,0,1,0,0000000,99,99,99,99,99,99,23,0,0,1,0
6,63390,1,1,0,0,0,4,4,37,9999,22,7,2016,6,7,30,1,8,98,98,1,I-605 S/B (SAN GABRIEL RIVER F,,99999,34.03617500,-118.024855560000,9,33,0,1,5,1,0,4,1,1,0,1,0,0000000,99,99,99,99,99,99,0,0,0,2,0
6,63391,2,2,0,0,0,5,5,65,3070,31,12,2016,7,21,7,0,2,3,4,6,MAGNOLIA AVE,JACKSON ST,0,33.92451944,-117.439094440000,0,12,6,0,2,2,0,1,3,2,0,2,0,0000000,99,99,99,99,99,99,0,0,0,1,1
6,63392,1,1,0,1,1,1,1,37,1980,24,12,2016,7,6,4,0,2,3,4,6,ALAMEDA ST,LOS ANGELES ST,0,34.05642222,-118.237455560000,0,8,0,0,2,2,0,1,3,1,0,1,0,0000000,99,99,99,99,99,99,0,0,0,1,0
6,63393,1,1,0,1,1,1,1,89,2950,19,12,2016,2,18,15,0,2,4,4,6,HILLTOP DR,,0,40.60340556,-122.375000000000,0,15,0,0,1,1,0,1,3,1,0,1,0,0000000,99,99,99,99,99,99,0,0,0,1,0
6,63394,2,1,1,1,1,1,1,37,1980,19,12,2016,2,19,0,0,2,3,4,6,S.CENTRAL AVE,E 33RD ST,0,34.01375000,-118.256516670000,0,9,0,0,2,2,0,1,3,1,0,1,0,0000000,99,99,99,99,99,99,14,0,0,1,0
6,63395,1,1,0,1,1,1,1,77,3770,31,12,2016,7,18,42,0,2,5,4,6,TURNPIKE RD,EIGHTH ST,0,37.92699722,-121.292994440000,0,9,0,0,2,2,0,1,3,1,0,1,0,0000000,99,99,99,99,99,99,0,0,0,1,0
6,63396,1,1,0,1,1,1,1,37,4120,31,12,2016,7,16,20,0,2,5,4,6,S. GARVEY AVE,BARRANCA AVE,0,34.07108889,-117.881327780000,0,8,0,0,3,2,0,1,1,2,0,2,0,0000000,99,99,99,99,88,88,0,0,0,1,0
6,63397,2,2,0,0,0,6,6,37,2645,31,12,2016,7,18,23,0,2,4,4,6,AVENUE R,,0,34.57266944,-118.098325000000,0,12,2,0,1,1,0,1,3,2,0,2,0,0000000,99,99,99,99,99,99,0,0,0,1,0
6,63398,2,2,0,0,0,2,2,37,2700,10,11,2016,5,4,51,0,2,3,4,6,COLORADO AVE,PASADENA AVE,0,34.14574167,-118.154158330000,0,12,6,0,2,2,0,1,3,1,0,1,0,0000000,99,99,99,99,99,99,0,0,0,1,0